order_id,customer_id,order_date,status,payment_method
1,46,2026-03-26,Pending,Net Banking
2,486,2024-10-28,Pending,Debit Card
3,466,2024-11-27,Cancelled,Cash on Delivery
4,749,2025-06-10,Shipped,Net Banking
5,10,2026-04-30,Cancelled,Net Banking
6,315,2026-07-12,Completed,Debit Card
7,295,2025-12-10,Shipped,Debit Card
8,439,2024-10-26,Completed,Credit Card
9,169,2025-12-06,Pending,Credit Card
10,165,2025-03-13,Completed,Credit Card
11,92,2024-09-06,Completed,Cash on Delivery
12,305,2024-11-01,Cancelled,UPI
13,22,2026-04-12,Completed,Debit Card
14,744,2025-09-12,Shipped,UPI
15,252,2025-07-03,Pending,Cash on Delivery
16,853,2026-02-27,Shipped,Net Banking
17,374,2025-10-03,Cancelled,Cash on Delivery
18,313,2024-10-10,Shipped,Net Banking
19,513,2025-01-01,Pending,Cash on Delivery
20,185,2026-01-17,Completed,UPI
21,970,2025-04-14,Pending,Credit Card
22,743,2025-05-28,Completed,Debit Card
23,24,2025-09-23,Shipped,UPI
24,383,2025-01-12,Cancelled,Debit Card
25,883,2025-12-17,Completed,Credit Card
26,853,2025-12-01,Shipped,Debit Card
27,20,2024-11-20,Pending,UPI
28,873,2026-01-16,Cancelled,Debit Card
29,843,2026-04-03,Cancelled,Credit Card
30,790,2024-11-05,Cancelled,UPI
31,696,2026-03-12,Shipped,Debit Card
32,39,2025-05-28,Cancelled,Cash on Delivery
33,459,2025-04-24,Shipped,Debit Card
34,691,2025-01-07,Cancelled,UPI
35,17,2026-02-22,Cancelled,UPI
36,182,2025-02-28,Cancelled,Debit Card
37,407,2025-06-29,Completed,Net Banking
38,541,2025-05-04,Pending,Net Banking
39,95,2024-12-27,Shipped,Credit Card
40,70,2025-09-25,Cancelled,UPI
41,506,2024-11-18,Completed,Debit Card
42,66,2026-05-08,Shipped,Debit Card
43,927,2024-12-13,Pending,Net Banking
44,925,2024-09-24,Pending,Credit Card
45,973,2025-10-22,Completed,Credit Card
46,644,2025-07-23,Shipped,UPI
47,632,2026-02-18,Shipped,Credit Card
48,170,2025-07-14,Shipped,Cash on Delivery
49,196,2024-10-14,Shipped,Credit Card
50,366,2024-11-25,Completed,Debit Card
51,211,2026-04-15,Shipped,Credit Card
52,846,2026-02-14,Completed,Debit Card
53,607,2026-06-25,Cancelled,Debit Card
54,976,2025-06-10,Completed,Net Banking
55,391,2024-12-31,Shipped,Cash on Delivery
56,401,2025-11-09,Pending,Net Banking
57,147,2025-07-05,Pending,Credit Card
58,421,2026-04-10,Shipped,Cash on Delivery
59,382,2024-09-15,Shipped,Debit Card
60,874,2026-03-22,Completed,Net Banking
61,872,2025-11-12,Cancelled,Credit Card
62,175,2024-11-29,Shipped,Cash on Delivery
63,531,2024-10-13,Pending,Cash on Delivery
64,337,2026-05-01,Cancelled,Net Banking
65,464,2026-01-23,Completed,UPI
66,169,2025-11-04,Cancelled,Debit Card
67,676,2025-05-08,Completed,UPI
68,683,2026-04-26,Pending,Credit Card
69,511,2025-11-19,Pending,Cash on Delivery
70,195,2026-04-05,Completed,Net Banking
71,588,2024-12-29,Pending,Credit Card
72,465,2025-02-05,Pending,Debit Card
73,95,2025-04-02,Pending,Cash on Delivery
74,866,2026-02-01,Cancelled,Cash on Delivery
75,460,2024-10-04,Cancelled,Credit Card
76,994,2025-07-09,Cancelled,UPI
77,465,2025-10-29,Completed,Cash on Delivery
78,919,2025-03-18,Cancelled,Cash on Delivery
79,128,2025-07-15,Completed,Credit Card
80,499,2024-12-29,Cancelled,Debit Card
81,3,2025-04-10,Completed,Credit Card
82,939,2025-05-15,Shipped,Credit Card
83,156,2025-12-17,Cancelled,Net Banking
84,430,2024-09-23,Pending,Net Banking
85,853,2026-07-12,Completed,Debit Card
86,318,2026-02-08,Shipped,Net Banking
87,153,2025-03-29,Pending,Cash on Delivery
88,584,2025-10-27,Completed,Credit Card
89,681,2026-05-08,Shipped,Cash on Delivery
90,716,2025-10-03,Pending,UPI
91,58,2025-05-18,Shipped,Cash on Delivery
92,394,2026-01-13,Completed,Net Banking
93,788,2024-12-14,Pending,Debit Card
94,84,2026-01-25,Pending,Debit Card
95,301,2026-06-17,Shipped,Cash on Delivery
96,247,2026-03-05,Completed,Cash on Delivery
97,402,2025-10-03,Shipped,UPI
98,599,2025-05-19,Cancelled,Cash on Delivery
99,836,2026-02-11,Pending,UPI
100,293,2025-02-24,Cancelled,Debit Card
101,625,2025-01-29,Pending,Credit Card
102,218,2025-04-12,Cancelled,UPI
103,505,2025-09-25,Completed,Net Banking
104,889,2026-07-12,Shipped,Debit Card
105,126,2026-04-13,Completed,Net Banking
106,165,2024-10-17,Pending,Net Banking
107,86,2024-09-21,Pending,UPI
108,486,2025-01-03,Completed,Net Banking
109,239,2025-07-11,Cancelled,Credit Card
110,700,2025-04-12,Completed,Cash on Delivery
111,893,2026-04-09,Pending,Credit Card
112,485,2024-11-08,Pending,Credit Card
113,931,2025-09-25,Completed,Debit Card
114,566,2025-01-22,Shipped,Credit Card
115,647,2026-03-30,Pending,Credit Card
116,484,2025-11-30,Pending,Debit Card
117,56,2024-12-08,Pending,Net Banking
118,968,2025-12-13,Pending,Credit Card
119,670,2025-07-15,Pending,Cash on Delivery
120,1,2025-12-20,Pending,Credit Card
121,995,2025-10-31,Pending,Credit Card
122,471,2025-07-07,Cancelled,Net Banking
123,463,2025-02-26,Cancelled,Debit Card
124,583,2026-05-06,Cancelled,UPI
125,222,2025-12-26,Pending,UPI
126,219,2024-12-20,Completed,Credit Card
127,907,2025-01-31,Cancelled,Debit Card
128,923,2025-07-24,Pending,Debit Card
129,877,2026-06-16,Completed,Debit Card
130,544,2025-07-26,Completed,Debit Card
131,75,2024-09-23,Shipped,Credit Card
132,679,2026-03-22,Pending,Credit Card
133,40,2025-12-12,Pending,Cash on Delivery
134,164,2026-03-25,Completed,Credit Card
135,767,2025-01-24,Shipped,Debit Card
136,397,2026-06-28,Completed,Debit Card
137,181,2025-09-25,Shipped,Net Banking
138,736,2026-03-02,Shipped,UPI
139,331,2026-07-09,Completed,Credit Card
140,913,2026-05-04,Pending,Net Banking
141,166,2025-06-23,Shipped,Cash on Delivery
142,34,2025-09-08,Cancelled,Net Banking
143,573,2026-05-18,Cancelled,Debit Card
144,876,2025-03-27,Pending,Cash on Delivery
145,849,2025-05-08,Completed,UPI
146,470,2025-09-23,Completed,Debit Card
147,878,2025-06-08,Completed,Net Banking
148,516,2025-07-14,Pending,Net Banking
149,383,2025-11-18,Completed,UPI
150,230,2026-03-19,Cancelled,UPI
151,966,2026-06-08,Pending,Credit Card
152,850,2024-09-28,Shipped,Cash on Delivery
153,171,2026-05-11,Shipped,UPI
154,314,2024-10-06,Cancelled,Debit Card
155,789,2025-06-05,Cancelled,Cash on Delivery
156,859,2024-09-05,Cancelled,Cash on Delivery
157,300,2025-12-04,Shipped,Credit Card
158,344,2026-02-06,Cancelled,Net Banking
159,237,2025-02-03,Shipped,Credit Card
160,13,2026-02-21,Cancelled,UPI
161,576,2024-11-25,Shipped,Cash on Delivery
162,445,2025-12-11,Pending,Debit Card
163,921,2026-06-02,Cancelled,Debit Card
164,20,2025-07-24,Completed,UPI
165,181,2025-07-16,Shipped,Cash on Delivery
166,253,2024-10-16,Completed,Debit Card
167,374,2025-01-24,Cancelled,Net Banking
168,657,2024-10-09,Completed,UPI
169,211,2025-07-13,Cancelled,Cash on Delivery
170,985,2026-05-13,Shipped,UPI
171,617,2026-01-04,Pending,Debit Card
172,439,2025-11-07,Shipped,Net Banking
173,25,2025-12-24,Cancelled,Net Banking
174,1,2025-04-17,Cancelled,Debit Card
175,455,2024-12-26,Pending,Debit Card
176,280,2025-05-11,Completed,Debit Card
177,537,2025-05-15,Pending,Net Banking
178,382,2026-03-27,Shipped,UPI
179,242,2024-11-27,Completed,Credit Card
180,629,2025-11-17,Completed,Debit Card
181,176,2024-12-17,Completed,Debit Card
182,206,2025-12-31,Completed,Net Banking
183,516,2024-09-20,Shipped,Credit Card
184,132,2025-07-22,Shipped,Cash on Delivery
185,633,2025-02-19,Cancelled,Debit Card
186,84,2025-01-25,Pending,UPI
187,683,2026-02-18,Pending,Cash on Delivery
188,735,2024-09-11,Completed,Credit Card
189,309,2025-01-07,Shipped,Debit Card
190,844,2025-08-25,Pending,Credit Card
191,621,2026-07-16,Pending,UPI
192,114,2025-12-14,Shipped,Credit Card
193,162,2025-05-28,Cancelled,Cash on Delivery
194,928,2025-02-02,Cancelled,Credit Card
195,55,2026-04-08,Pending,Cash on Delivery
196,540,2025-07-07,Pending,Credit Card
197,380,2025-10-06,Completed,Net Banking
198,591,2026-05-06,Cancelled,Cash on Delivery
199,185,2025-06-12,Shipped,Credit Card
200,843,2026-03-09,Cancelled,UPI
201,402,2024-09-12,Completed,Cash on Delivery
202,743,2025-02-15,Pending,UPI
203,836,2026-03-17,Cancelled,Debit Card
204,949,2025-03-27,Shipped,Credit Card
205,696,2025-06-05,Completed,Cash on Delivery
206,551,2025-06-28,Completed,Net Banking
207,373,2025-11-30,Cancelled,Credit Card
208,993,2025-09-14,Pending,Debit Card
209,973,2026-05-05,Shipped,Net Banking
210,604,2026-03-29,Completed,UPI
211,859,2025-12-31,Cancelled,Cash on Delivery
212,372,2026-03-26,Cancelled,UPI
213,801,2024-09-30,Completed,Net Banking
214,510,2026-03-19,Pending,Debit Card
215,351,2025-09-11,Cancelled,Debit Card
216,908,2026-02-19,Cancelled,Debit Card
217,89,2026-02-20,Completed,Credit Card
218,754,2024-10-09,Cancelled,Credit Card
219,579,2024-09-25,Shipped,UPI
220,733,2025-04-15,Cancelled,Cash on Delivery
221,552,2025-11-09,Completed,Debit Card
222,309,2024-10-15,Cancelled,Net Banking
223,733,2025-08-15,Shipped,UPI
224,752,2026-03-31,Cancelled,Debit Card
225,241,2025-08-06,Completed,UPI
226,680,2025-02-05,Shipped,UPI
227,942,2025-05-31,Cancelled,Credit Card
228,52,2026-05-02,Cancelled,Credit Card
229,102,2026-05-24,Shipped,Net Banking
230,644,2025-03-24,Shipped,UPI
231,283,2024-09-16,Completed,Net Banking
232,144,2025-08-08,Cancelled,Credit Card
233,352,2024-12-15,Shipped,Credit Card
234,747,2024-09-08,Cancelled,Debit Card
235,523,2026-05-26,Pending,Cash on Delivery
236,245,2026-06-13,Completed,Net Banking
237,454,2025-05-06,Cancelled,UPI
238,872,2026-02-11,Completed,Net Banking
239,48,2025-05-19,Cancelled,Net Banking
240,339,2024-10-23,Pending,Debit Card
241,283,2024-09-18,Pending,Debit Card
242,332,2025-10-08,Completed,Credit Card
243,338,2026-04-21,Pending,Cash on Delivery
244,77,2025-03-23,Cancelled,Credit Card
245,811,2026-02-28,Shipped,UPI
246,36,2024-11-18,Shipped,Debit Card
247,336,2026-07-08,Cancelled,UPI
248,296,2024-09-25,Cancelled,Cash on Delivery
249,278,2026-06-04,Shipped,Debit Card
250,192,2025-04-14,Cancelled,Credit Card
251,840,2025-10-26,Cancelled,Credit Card
252,439,2025-05-29,Pending,Credit Card
253,173,2025-09-04,Pending,Net Banking
254,77,2025-08-18,Pending,Cash on Delivery
255,120,2025-01-04,Shipped,UPI
256,993,2025-07-03,Shipped,UPI
257,395,2024-11-17,Shipped,Cash on Delivery
258,465,2025-06-08,Cancelled,Cash on Delivery
259,249,2025-06-05,Completed,UPI
260,625,2026-08-27,Completed,UPI
261,325,2025-07-19,Shipped,Debit Card
262,34,2026-02-25,Completed,Credit Card
263,99,2026-01-15,Cancelled,Net Banking
264,377,2025-10-16,Cancelled,Cash on Delivery
265,550,2026-07-16,Shipped,Cash on Delivery
266,686,2024-12-19,Completed,Debit Card
267,273,2025-02-28,Cancelled,Credit Card
268,604,2024-12-18,Completed,Credit Card
269,181,2026-07-01,Pending,Net Banking
270,531,2026-04-17,Shipped,UPI
271,169,2025-06-08,Completed,Net Banking
272,663,2024-11-16,Completed,UPI
273,452,2024-09-14,Shipped,Cash on Delivery
274,986,2026-03-22,Completed,UPI
275,165,2024-11-09,Shipped,Cash on Delivery
276,416,2026-03-21,Shipped,Cash on Delivery
277,875,2025-08-17,Pending,Debit Card
278,327,2026-08-21,Completed,Debit Card
279,301,2025-08-04,Shipped,Cash on Delivery
280,944,2026-01-03,Pending,UPI
281,29,2025-01-07,Shipped,Cash on Delivery
282,688,2026-09-01,Cancelled,Credit Card
283,35,2025-09-01,Shipped,Debit Card
284,276,2025-11-24,Pending,Cash on Delivery
285,707,2026-02-16,Shipped,Net Banking
286,980,2024-10-04,Cancelled,Net Banking
287,675,2026-07-31,Pending,Credit Card
288,99,2026-01-24,Completed,Debit Card
289,230,2025-08-27,Shipped,Debit Card
290,183,2025-04-24,Shipped,UPI
291,48,2025-01-27,Pending,Net Banking
292,30,2025-08-22,Cancelled,UPI
293,437,2025-06-22,Pending,Cash on Delivery
294,496,2025-06-10,Cancelled,UPI
295,970,2025-05-13,Cancelled,Cash on Delivery
296,428,2024-11-27,Shipped,Net Banking
297,50,2025-08-01,Cancelled,UPI
298,270,2026-07-19,Shipped,Credit Card
299,328,2024-10-08,Shipped,Debit Card
300,815,2025-02-26,Pending,Credit Card
301,688,2026-07-02,Completed,Debit Card
302,670,2025-03-18,Shipped,Debit Card
303,941,2025-04-21,Completed,Credit Card
304,33,2025-06-20,Cancelled,Credit Card
305,738,2026-03-27,Cancelled,Net Banking
306,863,2025-12-16,Shipped,Cash on Delivery
307,949,2025-08-09,Cancelled,Credit Card
308,952,2024-10-12,Pending,UPI
309,367,2025-06-10,Cancelled,UPI
310,89,2024-12-13,Shipped,UPI
311,29,2025-01-22,Completed,Net Banking
312,555,2025-09-13,Cancelled,Net Banking
313,585,2025-12-21,Pending,Credit Card
314,804,2026-05-09,Cancelled,Net Banking
315,679,2024-12-09,Completed,UPI
316,304,2025-03-26,Cancelled,Credit Card
317,312,2026-03-19,Cancelled,Net Banking
318,494,2024-11-02,Shipped,UPI
319,176,2026-03-05,Pending,Net Banking
320,983,2024-10-14,Shipped,Debit Card
321,852,2025-08-16,Pending,UPI
322,6,2025-01-25,Cancelled,Cash on Delivery
323,490,2025-11-13,Completed,Net Banking
324,973,2025-01-14,Pending,Debit Card
325,687,2024-11-08,Pending,UPI
326,25,2025-10-02,Shipped,Net Banking
327,718,2025-12-08,Cancelled,Cash on Delivery
328,139,2025-04-22,Shipped,UPI
329,743,2025-02-18,Pending,Cash on Delivery
330,985,2026-04-03,Pending,UPI
331,674,2025-11-27,Completed,Cash on Delivery
332,454,2025-02-03,Shipped,Cash on Delivery
333,349,2026-08-20,Cancelled,Debit Card
334,586,2024-10-25,Shipped,UPI
335,628,2025-07-18,Pending,Debit Card
336,561,2024-09-08,Cancelled,UPI
337,290,2024-11-10,Completed,Net Banking
338,745,2024-11-13,Pending,Debit Card
339,689,2026-03-26,Shipped,Debit Card
340,500,2025-12-31,Shipped,UPI
341,259,2024-10-01,Cancelled,Net Banking
342,198,2025-06-10,Completed,UPI
343,24,2026-06-07,Pending,Credit Card
344,292,2024-11-02,Pending,Debit Card
345,799,2026-05-28,Completed,Cash on Delivery
346,371,2026-04-17,Completed,Debit Card
347,294,2025-01-15,Cancelled,Cash on Delivery
348,258,2024-09-21,Completed,Debit Card
349,554,2025-11-07,Completed,Net Banking
350,319,2024-11-24,Cancelled,Net Banking
351,301,2026-07-03,Shipped,UPI
352,931,2024-10-16,Pending,Net Banking
353,646,2025-02-02,Shipped,Net Banking
354,882,2026-07-06,Shipped,Cash on Delivery
355,17,2024-11-06,Completed,UPI
356,569,2025-04-11,Cancelled,Credit Card
357,787,2025-06-22,Pending,Cash on Delivery
358,48,2025-03-26,Pending,Net Banking
359,789,2024-10-25,Shipped,Credit Card
360,594,2026-08-31,Cancelled,Net Banking
361,805,2025-07-07,Completed,Cash on Delivery
362,589,2026-08-06,Cancelled,UPI
363,606,2024-10-22,Completed,Debit Card
364,313,2026-04-11,Pending,Credit Card
365,780,2026-06-04,Pending,Debit Card
366,215,2026-07-14,Pending,UPI
367,359,2024-11-24,Cancelled,Credit Card
368,897,2025-11-30,Pending,Cash on Delivery
369,719,2025-04-28,Shipped,Net Banking
370,611,2026-06-01,Cancelled,Cash on Delivery
371,768,2025-06-23,Completed,UPI
372,267,2025-11-13,Shipped,Cash on Delivery
373,604,2026-07-18,Cancelled,Debit Card
374,381,2026-05-29,Cancelled,Cash on Delivery
375,922,2025-10-25,Pending,Cash on Delivery
376,567,2026-03-28,Completed,Net Banking
377,5,2025-04-28,Pending,Credit Card
378,271,2026-05-14,Cancelled,Debit Card
379,522,2024-11-29,Shipped,UPI
380,341,2025-10-11,Pending,Debit Card
381,348,2025-03-10,Shipped,UPI
382,940,2024-12-11,Cancelled,Credit Card
383,590,2025-08-02,Shipped,Cash on Delivery
384,518,2025-10-11,Completed,UPI
385,707,2026-04-11,Pending,UPI
386,350,2024-12-27,Cancelled,Debit Card
387,387,2024-10-29,Completed,Credit Card
388,477,2026-06-22,Shipped,Debit Card
389,527,2025-08-05,Pending,Credit Card
390,169,2025-05-25,Cancelled,Cash on Delivery
391,525,2025-10-17,Completed,Credit Card
392,467,2025-11-19,Cancelled,Debit Card
393,367,2026-07-15,Pending,Debit Card
394,341,2026-03-05,Shipped,Debit Card
395,488,2024-11-13,Completed,UPI
396,762,2025-08-27,Completed,Cash on Delivery
397,710,2025-11-20,Cancelled,Net Banking
398,317,2026-01-20,Cancelled,Credit Card
399,643,2026-02-18,Shipped,Credit Card
400,987,2025-07-25,Completed,Net Banking
401,652,2025-07-15,Shipped,Net Banking
402,278,2024-09-25,Cancelled,Net Banking
403,604,2026-05-19,Cancelled,Cash on Delivery
404,140,2025-01-13,Shipped,UPI
405,704,2025-10-13,Pending,Credit Card
406,859,2026-08-09,Cancelled,UPI
407,238,2024-10-16,Pending,Cash on Delivery
408,879,2026-02-18,Cancelled,Cash on Delivery
409,821,2026-04-29,Completed,Debit Card
410,679,2026-03-03,Completed,Debit Card
411,327,2024-10-25,Completed,Credit Card
412,245,2024-09-15,Shipped,Debit Card
413,24,2026-03-29,Cancelled,Cash on Delivery
414,265,2026-01-07,Cancelled,Debit Card
415,349,2025-07-28,Shipped,Net Banking
416,69,2026-07-24,Pending,Debit Card
417,664,2026-03-11,Shipped,Credit Card
418,551,2026-04-18,Completed,UPI
419,689,2026-07-08,Pending,UPI
420,591,2026-02-16,Completed,UPI
421,573,2025-08-20,Shipped,Net Banking
422,275,2026-03-05,Pending,Cash on Delivery
423,514,2026-01-20,Completed,Cash on Delivery
424,753,2025-11-30,Shipped,UPI
425,124,2026-07-21,Cancelled,Credit Card
426,116,2024-11-17,Pending,Debit Card
427,873,2025-12-30,Cancelled,UPI
428,33,2026-07-16,Completed,Cash on Delivery
429,761,2025-08-06,Cancelled,Credit Card
430,480,2026-08-21,Shipped,Net Banking
431,133,2025-03-09,Completed,Cash on Delivery
432,873,2024-11-25,Completed,Net Banking
433,444,2024-12-22,Completed,Credit Card
434,129,2025-05-18,Completed,Debit Card
435,342,2026-03-26,Completed,Credit Card
436,899,2025-06-19,Pending,Credit Card
437,483,2024-09-13,Shipped,Cash on Delivery
438,833,2025-02-11,Pending,Debit Card
439,871,2025-04-22,Pending,Debit Card
440,470,2025-10-28,Pending,Debit Card
441,42,2025-05-13,Cancelled,Cash on Delivery
442,33,2024-10-13,Pending,Credit Card
443,876,2026-03-08,Completed,Cash on Delivery
444,801,2026-03-05,Completed,UPI
445,235,2026-04-09,Completed,UPI
446,959,2026-08-30,Pending,Net Banking
447,49,2026-03-24,Shipped,UPI
448,71,2025-07-16,Shipped,Debit Card
449,762,2026-02-18,Shipped,Net Banking
450,889,2025-10-04,Shipped,UPI
451,22,2025-11-17,Shipped,Credit Card
452,223,2026-08-27,Cancelled,Cash on Delivery
453,975,2026-07-03,Completed,UPI
454,430,2024-12-16,Completed,Cash on Delivery
455,515,2026-08-10,Shipped,Debit Card
456,313,2024-11-22,Shipped,Credit Card
457,654,2025-07-12,Cancelled,Debit Card
458,732,2025-01-10,Shipped,Cash on Delivery
459,22,2025-11-25,Pending,Net Banking
460,986,2026-04-04,Shipped,UPI
461,59,2025-10-08,Pending,UPI
462,231,2026-08-02,Pending,UPI
463,697,2025-10-25,Shipped,UPI
464,364,2025-08-06,Cancelled,UPI
465,880,2024-09-30,Completed,Credit Card
466,794,2025-08-02,Cancelled,Net Banking
467,385,2024-12-24,Pending,Net Banking
468,479,2026-04-13,Pending,Credit Card
469,746,2025-10-29,Completed,UPI
470,295,2026-06-23,Shipped,UPI
471,716,2026-04-24,Shipped,Cash on Delivery
472,590,2026-04-17,Shipped,Credit Card
473,736,2026-01-18,Cancelled,UPI
474,40,2025-11-02,Cancelled,Net Banking
475,780,2025-02-02,Cancelled,Net Banking
476,250,2025-09-15,Pending,Debit Card
477,275,2024-11-01,Cancelled,Debit Card
478,109,2024-09-22,Completed,Net Banking
479,911,2024-10-20,Pending,UPI
480,873,2025-12-09,Shipped,Cash on Delivery
481,490,2026-07-17,Shipped,Net Banking
482,698,2024-09-25,Completed,Credit Card
483,908,2026-01-07,Completed,UPI
484,612,2026-07-18,Cancelled,UPI
485,265,2024-11-03,Cancelled,Debit Card
486,220,2025-12-26,Pending,Net Banking
487,115,2024-12-27,Completed,Cash on Delivery
488,123,2025-10-14,Completed,UPI
489,412,2025-10-24,Cancelled,Cash on Delivery
490,545,2026-07-04,Shipped,Debit Card
491,256,2025-06-18,Cancelled,Cash on Delivery
492,333,2025-09-29,Pending,Net Banking
493,133,2026-02-21,Shipped,UPI
494,102,2025-07-22,Completed,UPI
495,24,2026-04-17,Cancelled,Debit Card
496,899,2025-02-09,Pending,Cash on Delivery
497,831,2026-03-19,Shipped,Cash on Delivery
498,399,2026-05-28,Pending,Debit Card
499,402,2025-11-10,Pending,Net Banking
500,415,2024-10-28,Cancelled,Credit Card
501,581,2026-05-04,Shipped,Debit Card
502,892,2025-07-24,Completed,Cash on Delivery
503,439,2026-01-31,Shipped,Net Banking
504,959,2026-08-13,Cancelled,Cash on Delivery
505,656,2025-01-21,Cancelled,Debit Card
506,953,2024-09-10,Shipped,Net Banking
507,316,2024-12-15,Completed,Cash on Delivery
508,545,2026-03-31,Shipped,Debit Card
509,27,2026-02-26,Completed,Credit Card
510,430,2026-06-05,Completed,Net Banking
511,116,2024-10-23,Shipped,Cash on Delivery
512,983,2025-06-18,Completed,Net Banking
513,221,2024-10-23,Cancelled,Credit Card
514,231,2024-10-17,Completed,Credit Card
515,806,2025-10-23,Cancelled,Credit Card
516,475,2024-12-14,Pending,Debit Card
517,913,2026-03-18,Pending,Credit Card
518,549,2026-07-17,Cancelled,Cash on Delivery
519,771,2026-02-07,Pending,Debit Card
520,996,2026-03-14,Cancelled,Net Banking
521,142,2025-12-12,Pending,Debit Card
522,396,2025-06-03,Pending,UPI
523,195,2026-01-02,Shipped,Net Banking
524,388,2025-01-15,Shipped,Cash on Delivery
525,436,2025-04-27,Shipped,Net Banking
526,251,2025-10-31,Shipped,Credit Card
527,497,2026-08-17,Pending,Net Banking
528,200,2026-01-24,Cancelled,Credit Card
529,173,2026-03-02,Shipped,Net Banking
530,919,2026-07-12,Pending,Net Banking
531,524,2025-05-30,Completed,UPI
532,230,2025-12-05,Shipped,Credit Card
533,993,2024-09-29,Pending,Debit Card
534,991,2026-02-27,Pending,Debit Card
535,320,2025-03-20,Shipped,Cash on Delivery
536,718,2025-08-16,Shipped,Net Banking
537,534,2026-08-07,Cancelled,Net Banking
538,268,2024-12-24,Shipped,Cash on Delivery
539,643,2025-05-16,Shipped,Credit Card
540,161,2024-10-27,Completed,Cash on Delivery
541,528,2026-05-29,Completed,Cash on Delivery
542,720,2025-09-27,Pending,Cash on Delivery
543,698,2025-09-26,Shipped,Debit Card
544,679,2025-11-09,Pending,Debit Card
545,232,2025-01-08,Cancelled,Net Banking
546,464,2025-08-25,Cancelled,Credit Card
547,113,2025-10-01,Pending,Net Banking
548,46,2025-11-27,Cancelled,Credit Card
549,144,2024-10-31,Pending,Cash on Delivery
550,619,2026-07-09,Cancelled,Net Banking
551,446,2025-02-25,Completed,UPI
552,786,2025-07-10,Pending,UPI
553,155,2025-03-05,Completed,Credit Card
554,791,2024-10-10,Completed,Cash on Delivery
555,744,2026-06-22,Cancelled,Credit Card
556,779,2025-01-13,Shipped,Credit Card
557,650,2025-10-08,Completed,Debit Card
558,200,2026-05-29,Shipped,Debit Card
559,779,2025-07-31,Pending,UPI
560,890,2026-01-16,Pending,Debit Card
561,624,2025-10-28,Shipped,Net Banking
562,189,2026-03-29,Shipped,Debit Card
563,496,2024-11-17,Cancelled,UPI
564,332,2025-04-25,Pending,Net Banking
565,791,2025-10-08,Cancelled,Net Banking
566,239,2025-04-15,Pending,Net Banking
567,345,2026-07-11,Cancelled,Cash on Delivery
568,987,2026-03-27,Completed,Debit Card
569,554,2026-02-05,Completed,Cash on Delivery
570,892,2024-09-24,Pending,Credit Card
571,80,2026-05-20,Shipped,Debit Card
572,560,2026-05-06,Completed,Net Banking
573,885,2026-07-22,Pending,UPI
574,101,2026-05-26,Cancelled,Debit Card
575,987,2025-04-19,Cancelled,Net Banking
576,317,2025-04-13,Shipped,Debit Card
577,451,2026-04-29,Completed,Credit Card
578,662,2024-10-10,Completed,Cash on Delivery
579,440,2025-06-28,Completed,Net Banking
580,507,2025-05-24,Completed,UPI
581,778,2025-03-08,Pending,Debit Card
582,149,2025-04-30,Cancelled,Cash on Delivery
583,580,2026-03-09,Shipped,Cash on Delivery
584,518,2024-12-13,Completed,Credit Card
585,930,2025-05-29,Cancelled,Credit Card
586,237,2025-12-21,Shipped,Credit Card
587,799,2026-03-12,Completed,Cash on Delivery
588,925,2026-07-03,Shipped,UPI
589,437,2025-10-31,Pending,Cash on Delivery
590,324,2025-07-23,Completed,Cash on Delivery
591,536,2025-11-08,Shipped,Credit Card
592,670,2024-10-18,Completed,Net Banking
593,345,2026-04-08,Shipped,Cash on Delivery
594,491,2026-04-10,Shipped,UPI
595,164,2025-08-26,Completed,Credit Card
596,786,2026-07-16,Cancelled,Debit Card
597,673,2026-05-08,Pending,Credit Card
598,198,2025-03-05,Cancelled,Debit Card
599,550,2026-05-14,Shipped,Debit Card
600,291,2024-10-14,Shipped,Credit Card
601,752,2025-10-25,Shipped,Cash on Delivery
602,7,2025-02-18,Pending,Debit Card
603,165,2025-06-02,Cancelled,Net Banking
604,450,2025-10-13,Pending,Net Banking
605,352,2025-06-24,Cancelled,UPI
606,959,2026-04-26,Pending,Debit Card
607,436,2025-11-17,Completed,Net Banking
608,490,2025-04-06,Cancelled,Net Banking
609,265,2024-09-03,Completed,Net Banking
610,186,2026-08-24,Shipped,Credit Card
611,533,2025-12-06,Cancelled,Credit Card
612,199,2025-05-11,Completed,Credit Card
613,676,2024-11-20,Shipped,Debit Card
614,244,2026-08-28,Cancelled,UPI
615,931,2025-04-28,Completed,Cash on Delivery
616,640,2024-12-27,Pending,Credit Card
617,464,2025-06-24,Pending,Debit Card
618,901,2025-05-20,Shipped,Credit Card
619,778,2026-07-02,Cancelled,Credit Card
620,428,2025-10-21,Shipped,Credit Card
621,256,2025-07-10,Shipped,Net Banking
622,763,2025-01-10,Shipped,Debit Card
623,865,2025-07-01,Shipped,UPI
624,664,2026-03-15,Cancelled,UPI
625,339,2025-07-18,Cancelled,Debit Card
626,510,2025-08-25,Completed,Cash on Delivery
627,353,2025-08-18,Cancelled,Debit Card
628,552,2025-11-21,Completed,Cash on Delivery
629,347,2026-03-30,Cancelled,Credit Card
630,837,2026-08-04,Cancelled,Credit Card
631,454,2024-12-30,Shipped,Credit Card
632,82,2026-08-07,Pending,Cash on Delivery
633,941,2025-08-11,Shipped,Debit Card
634,437,2026-02-07,Pending,Credit Card
635,307,2025-09-30,Pending,Cash on Delivery
636,942,2025-09-25,Shipped,Cash on Delivery
637,406,2026-01-06,Completed,Net Banking
638,117,2024-12-09,Cancelled,Debit Card
639,531,2025-12-03,Cancelled,Cash on Delivery
640,445,2024-11-01,Pending,Debit Card
641,713,2026-02-08,Pending,Cash on Delivery
642,685,2025-06-28,Cancelled,Credit Card
643,839,2026-06-30,Pending,UPI
644,67,2025-02-16,Completed,Net Banking
645,648,2025-07-24,Pending,Net Banking
646,723,2025-07-27,Completed,UPI
647,407,2024-11-20,Pending,Debit Card
648,300,2026-08-22,Completed,Cash on Delivery
649,323,2024-11-03,Shipped,Credit Card
650,804,2024-09-14,Cancelled,Cash on Delivery
651,850,2024-12-20,Completed,Debit Card
652,997,2025-05-07,Shipped,UPI
653,437,2026-01-20,Shipped,Credit Card
654,831,2025-03-29,Shipped,Credit Card
655,580,2025-03-20,Completed,Net Banking
656,315,2024-09-09,Completed,Cash on Delivery
657,52,2026-01-11,Shipped,UPI
658,572,2026-08-15,Cancelled,Cash on Delivery
659,815,2026-03-29,Shipped,Net Banking
660,880,2025-08-07,Completed,Credit Card
661,203,2026-04-23,Completed,Cash on Delivery
662,148,2024-10-14,Shipped,UPI
663,722,2026-03-31,Cancelled,Cash on Delivery
664,188,2026-08-08,Pending,Net Banking
665,812,2024-11-21,Completed,Net Banking
666,204,2026-03-19,Completed,UPI
667,746,2025-08-20,Pending,Net Banking
668,664,2025-05-31,Completed,Net Banking
669,589,2025-10-23,Pending,UPI
670,80,2025-11-17,Pending,UPI
671,806,2025-07-28,Pending,Cash on Delivery
672,493,2026-01-05,Cancelled,Credit Card
673,169,2025-04-05,Pending,Net Banking
674,393,2025-05-11,Pending,Cash on Delivery
675,966,2024-10-28,Pending,Credit Card
676,974,2025-10-11,Completed,Cash on Delivery
677,152,2025-07-27,Cancelled,Net Banking
678,870,2024-09-07,Cancelled,Debit Card
679,492,2025-12-31,Completed,Debit Card
680,175,2024-09-04,Shipped,Credit Card
681,859,2024-12-30,Completed,UPI
682,632,2025-03-21,Cancelled,Net Banking
683,506,2024-10-11,Completed,Cash on Delivery
684,11,2026-08-30,Pending,Net Banking
685,355,2026-02-07,Completed,Cash on Delivery
686,911,2025-05-01,Shipped,Debit Card
687,355,2026-03-26,Shipped,Net Banking
688,539,2026-02-05,Pending,Debit Card
689,820,2026-05-02,Completed,UPI
690,114,2024-12-27,Completed,Cash on Delivery
691,739,2026-06-08,Pending,Cash on Delivery
692,668,2025-09-24,Pending,Cash on Delivery
693,400,2026-06-13,Shipped,Debit Card
694,715,2026-06-16,Shipped,Cash on Delivery
695,349,2026-03-28,Pending,Net Banking
696,690,2026-01-14,Shipped,Cash on Delivery
697,731,2025-10-12,Pending,Credit Card
698,18,2024-11-30,Cancelled,UPI
699,866,2025-03-13,Shipped,Credit Card
700,193,2026-03-26,Pending,Credit Card
701,681,2025-04-02,Cancelled,Net Banking
702,593,2025-09-15,Pending,Net Banking
703,553,2025-01-29,Shipped,Credit Card
704,109,2025-03-23,Cancelled,UPI
705,583,2026-07-21,Pending,Cash on Delivery
706,529,2025-05-05,Pending,UPI
707,409,2025-05-05,Cancelled,Net Banking
708,298,2025-12-22,Shipped,UPI
709,796,2024-10-16,Cancelled,Net Banking
710,731,2025-02-01,Cancelled,Credit Card
711,893,2025-12-15,Pending,Credit Card
712,390,2025-06-30,Completed,Debit Card
713,301,2026-02-08,Shipped,UPI
714,20,2026-04-07,Shipped,Debit Card
715,190,2026-01-04,Pending,Credit Card
716,721,2025-08-05,Shipped,Credit Card
717,54,2026-06-28,Completed,Cash on Delivery
718,836,2025-08-16,Pending,Credit Card
719,17,2025-05-30,Pending,Net Banking
720,400,2024-12-14,Completed,Cash on Delivery
721,237,2025-06-26,Completed,Cash on Delivery
722,119,2025-11-30,Shipped,Net Banking
723,711,2025-09-13,Cancelled,Cash on Delivery
724,515,2025-12-23,Cancelled,Net Banking
725,532,2025-04-27,Cancelled,Credit Card
726,400,2024-10-19,Pending,UPI
727,852,2025-12-28,Shipped,Cash on Delivery
728,771,2026-03-31,Cancelled,Credit Card
729,422,2026-05-04,Shipped,Debit Card
730,712,2025-08-11,Completed,Net Banking
731,295,2026-03-23,Pending,Credit Card
732,414,2025-01-02,Cancelled,Net Banking
733,551,2026-04-16,Cancelled,UPI
734,405,2026-06-08,Pending,Cash on Delivery
735,631,2025-05-22,Shipped,UPI
736,273,2026-02-01,Pending,Debit Card
737,182,2025-07-14,Pending,Debit Card
738,867,2025-10-02,Shipped,Debit Card
739,168,2024-11-25,Cancelled,Cash on Delivery
740,192,2025-05-16,Pending,Cash on Delivery
741,221,2025-01-17,Cancelled,UPI
742,526,2025-10-12,Completed,UPI
743,640,2026-07-08,Shipped,Net Banking
744,376,2024-12-13,Pending,UPI
745,969,2025-02-12,Pending,UPI
746,473,2026-03-06,Shipped,Credit Card
747,689,2026-01-03,Cancelled,Net Banking
748,174,2025-02-27,Cancelled,Debit Card
749,562,2026-07-28,Pending,Cash on Delivery
750,896,2025-11-11,Completed,Net Banking
751,163,2025-05-13,Cancelled,Cash on Delivery
752,698,2026-05-04,Cancelled,UPI
753,660,2026-06-10,Pending,Debit Card
754,404,2026-02-04,Shipped,Cash on Delivery
755,517,2025-04-15,Cancelled,Net Banking
756,958,2026-06-28,Cancelled,Cash on Delivery
757,379,2025-05-14,Cancelled,Cash on Delivery
758,125,2025-05-11,Cancelled,UPI
759,523,2026-07-17,Pending,UPI
760,779,2026-03-11,Pending,Credit Card
761,291,2026-06-12,Pending,Debit Card
762,118,2025-12-15,Cancelled,UPI
763,993,2025-03-31,Pending,Debit Card
764,346,2026-07-26,Cancelled,UPI
765,614,2025-08-07,Pending,Cash on Delivery
766,90,2024-12-08,Completed,UPI
767,685,2025-02-20,Shipped,Net Banking
768,778,2024-11-19,Shipped,Net Banking
769,437,2026-03-09,Cancelled,Credit Card
770,341,2026-08-01,Cancelled,Credit Card
771,941,2026-06-28,Cancelled,Cash on Delivery
772,518,2026-05-26,Cancelled,Cash on Delivery
773,49,2025-02-16,Shipped,UPI
774,955,2026-05-31,Completed,Debit Card
775,714,2025-08-26,Shipped,Cash on Delivery
776,859,2025-02-27,Shipped,Debit Card
777,259,2025-06-04,Completed,Debit Card
778,334,2025-09-25,Pending,Cash on Delivery
779,694,2026-01-28,Cancelled,Cash on Delivery
780,380,2026-01-08,Completed,Debit Card
781,989,2025-08-16,Cancelled,Net Banking
782,820,2026-05-17,Shipped,Debit Card
783,287,2024-12-25,Pending,Net Banking
784,351,2025-08-22,Cancelled,Cash on Delivery
785,593,2025-07-30,Shipped,Credit Card
786,842,2025-10-19,Shipped,Debit Card
787,592,2026-01-09,Pending,Credit Card
788,63,2025-04-20,Shipped,Cash on Delivery
789,282,2025-02-11,Cancelled,Debit Card
790,819,2026-02-03,Shipped,Cash on Delivery
791,517,2025-05-26,Shipped,Cash on Delivery
792,498,2025-02-22,Cancelled,Credit Card
793,299,2025-05-01,Pending,Debit Card
794,66,2026-05-07,Shipped,Net Banking
795,603,2026-02-04,Pending,Debit Card
796,774,2025-05-13,Shipped,UPI
797,941,2026-06-05,Completed,Net Banking
798,58,2025-07-04,Pending,Credit Card
799,892,2026-05-22,Completed,UPI
800,294,2025-02-05,Completed,Net Banking
801,513,2025-06-02,Pending,UPI
802,626,2025-05-05,Shipped,Credit Card
803,803,2026-07-18,Pending,Net Banking
804,292,2025-04-23,Completed,UPI
805,80,2025-09-18,Completed,Debit Card
806,216,2025-06-11,Pending,UPI
807,819,2024-11-24,Shipped,Cash on Delivery
808,161,2024-11-25,Pending,Cash on Delivery
809,792,2026-07-30,Completed,Debit Card
810,400,2026-02-14,Cancelled,Credit Card
811,250,2026-03-30,Cancelled,UPI
812,698,2026-06-04,Cancelled,Credit Card
813,227,2025-12-18,Shipped,Debit Card
814,693,2025-11-13,Pending,Cash on Delivery
815,346,2026-02-08,Cancelled,Cash on Delivery
816,897,2025-09-28,Pending,Cash on Delivery
817,454,2026-06-08,Completed,Cash on Delivery
818,223,2026-06-11,Shipped,Debit Card
819,35,2024-09-12,Cancelled,UPI
820,428,2026-07-29,Pending,Debit Card
821,28,2025-09-15,Completed,UPI
822,186,2026-08-07,Cancelled,Debit Card
823,406,2026-02-17,Completed,Cash on Delivery
824,48,2025-02-12,Cancelled,Credit Card
825,897,2026-08-13,Cancelled,Credit Card
826,39,2026-07-10,Shipped,Net Banking
827,746,2026-03-08,Shipped,UPI
828,533,2025-06-23,Cancelled,Debit Card
829,886,2026-01-03,Completed,UPI
830,542,2025-06-20,Completed,Cash on Delivery
831,113,2025-03-20,Completed,Net Banking
832,960,2025-03-13,Pending,Credit Card
833,885,2024-12-09,Shipped,UPI
834,763,2025-08-04,Shipped,Debit Card
835,432,2026-07-21,Shipped,Credit Card
836,624,2024-10-30,Cancelled,Debit Card
837,29,2026-03-13,Shipped,Net Banking
838,518,2025-10-12,Pending,Net Banking
839,213,2026-05-28,Shipped,Cash on Delivery
840,390,2026-07-17,Shipped,Debit Card
841,167,2026-04-01,Pending,Cash on Delivery
842,863,2025-06-20,Cancelled,Debit Card
843,398,2025-11-15,Pending,Credit Card
844,597,2025-11-02,Shipped,Net Banking
845,838,2024-09-19,Cancelled,Net Banking
846,368,2025-09-05,Completed,UPI
847,642,2026-02-24,Cancelled,Cash on Delivery
848,748,2025-12-03,Shipped,Debit Card
849,523,2026-07-06,Pending,Debit Card
850,260,2025-06-14,Completed,Cash on Delivery
851,615,2026-08-30,Shipped,Credit Card
852,571,2025-04-16,Cancelled,Debit Card
853,441,2025-12-18,Completed,Net Banking
854,574,2024-11-02,Completed,Net Banking
855,918,2024-11-06,Shipped,UPI
856,177,2025-03-16,Pending,Credit Card
857,49,2026-02-01,Cancelled,Cash on Delivery
858,377,2026-01-24,Completed,Net Banking
859,178,2026-08-21,Cancelled,Credit Card
860,639,2026-06-03,Cancelled,Cash on Delivery
861,456,2025-06-30,Shipped,UPI
862,272,2024-10-31,Completed,Net Banking
863,50,2025-10-10,Cancelled,Net Banking
864,459,2025-12-14,Cancelled,UPI
865,284,2026-01-28,Cancelled,Net Banking
866,45,2025-09-20,Pending,Net Banking
867,798,2025-10-26,Cancelled,Net Banking
868,98,2025-08-10,Completed,UPI
869,186,2026-07-27,Shipped,Credit Card
870,181,2026-03-14,Shipped,Debit Card
871,840,2024-11-24,Completed,Net Banking
872,680,2026-06-11,Shipped,Net Banking
873,880,2026-05-30,Shipped,Credit Card
874,957,2025-08-06,Shipped,Cash on Delivery
875,137,2025-11-25,Shipped,UPI
876,867,2026-05-12,Completed,Cash on Delivery
877,530,2026-06-18,Pending,Credit Card
878,74,2026-02-14,Completed,Cash on Delivery
879,75,2026-05-13,Completed,Credit Card
880,497,2025-04-21,Shipped,Debit Card
881,748,2026-06-02,Completed,Cash on Delivery
882,379,2024-12-26,Shipped,Credit Card
883,369,2026-05-15,Shipped,Credit Card
884,481,2025-08-31,Pending,Cash on Delivery
885,512,2026-07-08,Cancelled,Debit Card
886,254,2026-01-22,Shipped,UPI
887,554,2025-12-14,Pending,UPI
888,285,2025-10-17,Completed,Cash on Delivery
889,68,2026-08-25,Completed,Net Banking
890,82,2026-05-22,Shipped,Debit Card
891,750,2025-02-19,Cancelled,Net Banking
892,732,2025-05-14,Completed,Credit Card
893,758,2025-10-12,Shipped,Cash on Delivery
894,773,2026-05-17,Shipped,Credit Card
895,558,2026-08-12,Cancelled,Net Banking
896,140,2025-11-22,Pending,Credit Card
897,403,2026-06-09,Completed,Net Banking
898,470,2025-12-23,Pending,Credit Card
899,348,2026-01-24,Cancelled,Credit Card
900,604,2025-05-23,Cancelled,Debit Card
901,186,2025-11-29,Pending,Cash on Delivery
902,794,2026-05-03,Completed,Credit Card
903,804,2025-04-22,Completed,UPI
904,507,2026-06-09,Completed,Debit Card
905,640,2025-09-04,Completed,Credit Card
906,776,2025-09-14,Completed,Credit Card
907,899,2026-01-14,Completed,UPI
908,445,2026-08-23,Cancelled,UPI
909,377,2025-05-25,Completed,Net Banking
910,632,2025-02-10,Shipped,Cash on Delivery
911,800,2025-09-02,Cancelled,Cash on Delivery
912,853,2025-06-01,Completed,Debit Card
913,509,2025-09-19,Completed,Net Banking
914,71,2026-04-25,Completed,Net Banking
915,327,2025-05-08,Completed,Debit Card
916,463,2026-05-07,Shipped,Net Banking
917,794,2025-12-03,Completed,Debit Card
918,89,2025-02-13,Completed,UPI
919,866,2026-07-15,Cancelled,Cash on Delivery
920,772,2026-07-25,Pending,Debit Card
921,727,2026-06-11,Completed,Cash on Delivery
922,893,2026-08-20,Shipped,UPI
923,885,2025-10-05,Shipped,Debit Card
924,723,2026-03-26,Shipped,Cash on Delivery
925,114,2025-12-24,Cancelled,Credit Card
926,148,2026-05-20,Pending,Credit Card
927,813,2025-06-23,Completed,Net Banking
928,112,2025-08-19,Cancelled,Credit Card
929,413,2024-11-08,Completed,Net Banking
930,628,2025-04-03,Shipped,Net Banking
931,187,2025-03-10,Shipped,Credit Card
932,267,2025-11-02,Pending,UPI
933,281,2025-10-11,Pending,Cash on Delivery
934,9,2025-07-11,Cancelled,UPI
935,76,2026-06-25,Pending,Cash on Delivery
936,206,2025-03-08,Cancelled,UPI
937,850,2025-08-14,Pending,Cash on Delivery
938,762,2026-01-09,Cancelled,Net Banking
939,740,2025-03-05,Cancelled,Debit Card
940,458,2026-08-23,Completed,Credit Card
941,125,2024-12-19,Shipped,Net Banking
942,164,2025-08-14,Completed,Cash on Delivery
943,987,2025-08-07,Shipped,Net Banking
944,842,2025-06-11,Completed,UPI
945,276,2026-06-16,Cancelled,Cash on Delivery
946,173,2025-12-08,Completed,Debit Card
947,298,2026-02-27,Pending,Net Banking
948,291,2026-02-13,Completed,Credit Card
949,141,2025-07-02,Completed,Cash on Delivery
950,402,2026-06-08,Completed,Debit Card
951,175,2025-11-11,Pending,Credit Card
952,420,2025-02-27,Pending,Credit Card
953,214,2026-01-27,Pending,Debit Card
954,601,2025-04-06,Completed,Debit Card
955,873,2025-07-14,Completed,Credit Card
956,323,2026-08-29,Shipped,Net Banking
957,762,2025-05-09,Pending,Cash on Delivery
958,570,2025-07-01,Completed,Credit Card
959,210,2025-07-09,Completed,Debit Card
960,605,2025-12-23,Cancelled,Cash on Delivery
961,369,2025-04-17,Completed,Cash on Delivery
962,40,2026-08-23,Pending,Net Banking
963,809,2026-04-06,Shipped,Debit Card
964,83,2026-06-17,Completed,Debit Card
965,197,2026-07-18,Pending,Debit Card
966,302,2025-09-15,Completed,Net Banking
967,102,2025-01-05,Shipped,UPI
968,788,2024-09-04,Completed,UPI
969,487,2024-09-17,Pending,Credit Card
970,312,2024-11-27,Pending,Credit Card
971,50,2026-04-08,Cancelled,Debit Card
972,513,2025-05-24,Cancelled,Debit Card
973,449,2025-04-16,Completed,Credit Card
974,527,2026-07-12,Completed,Debit Card
975,207,2024-11-29,Completed,UPI
976,662,2026-01-28,Completed,Net Banking
977,266,2025-06-10,Cancelled,Cash on Delivery
978,802,2025-10-14,Cancelled,UPI
979,449,2024-11-22,Pending,Cash on Delivery
980,660,2024-12-26,Pending,Credit Card
981,255,2026-05-22,Shipped,Credit Card
982,831,2025-06-04,Shipped,Net Banking
983,34,2026-06-20,Pending,Net Banking
984,693,2026-04-27,Cancelled,Cash on Delivery
985,36,2025-07-26,Pending,Credit Card
986,669,2024-09-09,Shipped,Credit Card
987,535,2024-12-16,Completed,Net Banking
988,582,2025-06-04,Pending,Debit Card
989,547,2025-11-17,Shipped,Cash on Delivery
990,190,2025-09-17,Completed,Debit Card
991,412,2025-09-20,Completed,Cash on Delivery
992,999,2026-07-11,Cancelled,Debit Card
993,801,2025-12-19,Pending,Net Banking
994,1,2025-10-04,Completed,Net Banking
995,566,2024-09-13,Cancelled,Credit Card
996,495,2025-12-20,Shipped,UPI
997,813,2025-07-21,Shipped,UPI
998,939,2026-05-28,Shipped,UPI
999,820,2024-12-14,Completed,Debit Card
1000,124,2026-07-18,Cancelled,UPI
1001,739,2026-05-21,Cancelled,Net Banking
1002,5,2025-06-25,Completed,Net Banking
1003,506,2025-10-20,Shipped,Net Banking
1004,622,2026-05-02,Shipped,Cash on Delivery
1005,936,2024-12-16,Pending,Debit Card
1006,613,2026-05-14,Cancelled,Net Banking
1007,298,2025-04-21,Cancelled,UPI
1008,899,2025-05-10,Completed,Debit Card
1009,915,2026-05-23,Pending,UPI
1010,334,2025-07-15,Completed,UPI
1011,486,2024-10-22,Cancelled,Net Banking
1012,350,2025-10-03,Pending,Cash on Delivery
1013,555,2025-07-13,Completed,Debit Card
1014,20,2026-06-25,Pending,Credit Card
1015,957,2026-04-05,Pending,Credit Card
1016,42,2026-01-08,Completed,Cash on Delivery
1017,804,2025-01-17,Completed,Credit Card
1018,916,2025-12-16,Completed,UPI
1019,413,2026-05-22,Completed,Cash on Delivery
1020,32,2025-02-05,Pending,Debit Card
1021,365,2024-10-12,Shipped,Credit Card
1022,725,2025-11-24,Shipped,UPI
1023,221,2024-11-04,Completed,Net Banking
1024,933,2025-11-01,Pending,UPI
1025,782,2025-11-25,Cancelled,Net Banking
1026,277,2025-04-21,Cancelled,UPI
1027,343,2025-03-29,Completed,Debit Card
1028,205,2026-02-03,Shipped,Debit Card
1029,502,2024-12-15,Pending,UPI
1030,461,2025-05-05,Pending,Net Banking
1031,142,2026-07-19,Pending,Cash on Delivery
1032,674,2025-06-08,Pending,Debit Card
1033,882,2026-07-19,Cancelled,Debit Card
1034,353,2026-09-02,Completed,Credit Card
1035,443,2025-01-26,Completed,Debit Card
1036,520,2025-02-02,Shipped,Cash on Delivery
1037,857,2024-12-14,Shipped,Net Banking
1038,650,2025-03-21,Shipped,Credit Card
1039,748,2026-08-20,Shipped,Cash on Delivery
1040,818,2024-11-13,Completed,Debit Card
1041,706,2026-04-21,Cancelled,Net Banking
1042,891,2026-06-20,Pending,Net Banking
1043,589,2026-07-10,Completed,Credit Card
1044,693,2026-05-26,Cancelled,Credit Card
1045,627,2024-12-12,Completed,Cash on Delivery
1046,728,2025-07-03,Completed,Cash on Delivery
1047,345,2025-04-13,Completed,Net Banking
1048,197,2025-06-16,Cancelled,Net Banking
1049,175,2025-06-12,Completed,Cash on Delivery
1050,627,2026-08-27,Shipped,Debit Card
1051,164,2025-10-23,Cancelled,Net Banking
1052,856,2025-07-12,Shipped,UPI
1053,304,2025-08-24,Shipped,Net Banking
1054,876,2024-11-01,Cancelled,Cash on Delivery
1055,284,2025-06-30,Shipped,UPI
1056,669,2026-05-26,Completed,Credit Card
1057,420,2026-07-29,Pending,UPI
1058,372,2025-03-23,Pending,UPI
1059,186,2026-02-07,Pending,Debit Card
1060,239,2025-07-03,Cancelled,UPI
1061,659,2024-11-26,Cancelled,Net Banking
1062,910,2025-12-27,Shipped,UPI
1063,499,2024-09-24,Pending,Cash on Delivery
1064,137,2026-03-15,Shipped,Debit Card
1065,513,2025-07-10,Pending,Net Banking
1066,664,2026-05-30,Shipped,Credit Card
1067,522,2025-12-24,Shipped,Credit Card
1068,751,2025-03-05,Cancelled,Debit Card
1069,709,2025-02-08,Cancelled,Net Banking
1070,360,2025-03-01,Shipped,Cash on Delivery
1071,563,2026-05-13,Pending,UPI
1072,335,2025-07-28,Shipped,Cash on Delivery
1073,630,2025-12-24,Shipped,Credit Card
1074,178,2025-10-08,Cancelled,UPI
1075,440,2024-10-18,Pending,Cash on Delivery
1076,355,2025-06-29,Completed,Credit Card
1077,281,2026-06-21,Shipped,Debit Card
1078,998,2025-02-12,Cancelled,Cash on Delivery
1079,59,2025-03-15,Shipped,UPI
1080,205,2026-04-11,Cancelled,Credit Card
1081,148,2025-06-25,Cancelled,Net Banking
1082,133,2025-07-07,Pending,Cash on Delivery
1083,36,2025-06-02,Completed,Debit Card
1084,795,2025-12-24,Cancelled,Cash on Delivery
1085,801,2025-09-05,Shipped,Cash on Delivery
1086,261,2025-03-14,Completed,Net Banking
1087,130,2026-02-09,Pending,Net Banking
1088,994,2025-06-09,Cancelled,UPI
1089,254,2024-11-16,Cancelled,Net Banking
1090,557,2026-03-15,Pending,Net Banking
1091,385,2024-10-07,Pending,Cash on Delivery
1092,305,2024-10-27,Shipped,Debit Card
1093,351,2026-01-02,Completed,Credit Card
1094,716,2025-07-23,Shipped,Debit Card
1095,511,2025-11-27,Cancelled,UPI
1096,966,2026-01-14,Pending,Cash on Delivery
1097,950,2024-09-29,Cancelled,Net Banking
1098,535,2025-11-02,Pending,UPI
1099,16,2025-10-10,Cancelled,Cash on Delivery
1100,966,2025-11-29,Pending,Cash on Delivery
1101,579,2026-05-18,Pending,Debit Card
1102,295,2024-11-07,Shipped,Cash on Delivery
1103,576,2025-06-08,Pending,Debit Card
1104,289,2024-11-03,Completed,UPI
1105,545,2026-03-09,Cancelled,UPI
1106,29,2025-01-20,Pending,Debit Card
1107,380,2024-09-06,Completed,Debit Card
1108,979,2026-06-23,Pending,Net Banking
1109,223,2025-10-12,Pending,Cash on Delivery
1110,84,2025-09-18,Cancelled,Debit Card
1111,538,2025-01-09,Shipped,Net Banking
1112,538,2025-04-08,Pending,Cash on Delivery
1113,745,2026-05-19,Cancelled,Credit Card
1114,665,2025-09-03,Shipped,Cash on Delivery
1115,673,2024-10-11,Pending,Credit Card
1116,356,2026-08-13,Completed,Debit Card
1117,997,2025-10-11,Completed,UPI
1118,681,2025-05-25,Shipped,Cash on Delivery
1119,385,2025-11-22,Completed,UPI
1120,114,2025-05-01,Cancelled,Net Banking
1121,260,2024-10-10,Cancelled,UPI
1122,229,2025-05-19,Cancelled,Credit Card
1123,948,2025-06-21,Pending,Credit Card
1124,300,2025-09-28,Completed,Credit Card
1125,133,2026-06-13,Shipped,Credit Card
1126,316,2025-05-13,Completed,Debit Card
1127,960,2025-04-14,Completed,UPI
1128,395,2025-10-18,Shipped,UPI
1129,930,2026-03-08,Shipped,Net Banking
1130,287,2026-06-16,Pending,Debit Card
1131,856,2025-03-14,Completed,Cash on Delivery
1132,551,2025-01-18,Cancelled,Credit Card
1133,902,2025-04-16,Shipped,Credit Card
1134,620,2026-01-05,Cancelled,Cash on Delivery
1135,443,2025-07-18,Cancelled,Credit Card
1136,241,2025-06-23,Pending,Net Banking
1137,634,2024-09-15,Cancelled,Debit Card
1138,589,2026-05-30,Pending,Cash on Delivery
1139,758,2026-01-07,Pending,UPI
1140,939,2025-12-27,Shipped,Credit Card
1141,63,2025-03-13,Shipped,Debit Card
1142,250,2025-05-30,Cancelled,Net Banking
1143,647,2026-04-29,Pending,UPI
1144,593,2025-04-14,Cancelled,Debit Card
1145,395,2025-03-15,Cancelled,Debit Card
1146,881,2026-04-18,Pending,UPI
1147,320,2025-01-22,Shipped,Net Banking
1148,537,2024-11-16,Shipped,UPI
1149,793,2025-01-31,Completed,UPI
1150,604,2025-08-08,Completed,Debit Card
1151,782,2025-07-04,Pending,Debit Card
1152,541,2025-11-11,Pending,UPI
1153,82,2026-08-11,Cancelled,Net Banking
1154,982,2026-01-13,Completed,Debit Card
1155,854,2025-09-18,Completed,Credit Card
1156,216,2025-12-25,Pending,Net Banking
1157,963,2025-12-27,Cancelled,Debit Card
1158,385,2026-04-02,Shipped,Cash on Delivery
1159,102,2024-09-13,Cancelled,UPI
1160,429,2025-12-18,Pending,Credit Card
1161,133,2024-11-16,Completed,Credit Card
1162,157,2025-07-25,Completed,Debit Card
1163,49,2026-06-08,Completed,Cash on Delivery
1164,214,2024-12-19,Shipped,UPI
1165,885,2025-12-30,Completed,Debit Card
1166,851,2025-10-10,Pending,Net Banking
1167,540,2025-05-12,Completed,Debit Card
1168,883,2025-06-13,Cancelled,Net Banking
1169,941,2025-01-22,Shipped,UPI
1170,318,2024-12-24,Completed,Net Banking
1171,290,2025-01-15,Completed,Cash on Delivery
1172,353,2024-09-08,Pending,Cash on Delivery
1173,588,2025-01-13,Pending,Net Banking
1174,644,2025-12-22,Pending,Net Banking
1175,67,2025-05-04,Completed,Cash on Delivery
1176,686,2026-03-27,Completed,Credit Card
1177,573,2026-05-07,Cancelled,Cash on Delivery
1178,558,2025-02-10,Pending,Net Banking
1179,356,2025-03-21,Completed,UPI
1180,225,2025-05-30,Shipped,Debit Card
1181,6,2025-01-21,Shipped,Cash on Delivery
1182,95,2025-10-29,Cancelled,Net Banking
1183,23,2025-03-16,Cancelled,Credit Card
1184,526,2024-12-08,Shipped,Debit Card
1185,517,2024-11-22,Cancelled,Net Banking
1186,590,2025-09-25,Completed,Net Banking
1187,972,2026-07-22,Pending,Credit Card
1188,412,2025-05-28,Cancelled,Debit Card
1189,957,2026-06-29,Pending,Net Banking
1190,212,2025-07-14,Completed,Credit Card
1191,295,2026-08-06,Shipped,Net Banking
1192,395,2026-06-11,Cancelled,Debit Card
1193,561,2025-04-06,Pending,Credit Card
1194,423,2025-04-21,Cancelled,Credit Card
1195,893,2024-12-30,Cancelled,Credit Card
1196,141,2024-09-06,Cancelled,Credit Card
1197,737,2026-02-26,Cancelled,Debit Card
1198,70,2025-05-23,Pending,Debit Card
1199,913,2025-02-10,Completed,Debit Card
1200,705,2025-10-31,Completed,Credit Card
1201,298,2026-06-21,Pending,UPI
1202,841,2025-11-29,Pending,Credit Card
1203,665,2025-05-11,Pending,UPI
1204,699,2026-05-30,Cancelled,Net Banking
1205,397,2026-03-11,Completed,UPI
1206,531,2025-02-21,Cancelled,Debit Card
1207,706,2026-05-02,Completed,Credit Card
1208,964,2026-02-11,Cancelled,Net Banking
1209,507,2025-11-22,Cancelled,Debit Card
1210,547,2026-08-01,Pending,Cash on Delivery
1211,20,2025-08-02,Completed,UPI
1212,13,2026-04-02,Shipped,Net Banking
1213,720,2026-04-29,Pending,UPI
1214,831,2026-09-01,Pending,Debit Card
1215,541,2026-01-14,Completed,Net Banking
1216,903,2025-10-22,Pending,Cash on Delivery
1217,12,2026-04-12,Pending,Net Banking
1218,530,2026-01-20,Shipped,UPI
1219,888,2025-05-16,Cancelled,Net Banking
1220,835,2025-07-06,Completed,UPI
1221,57,2025-01-09,Shipped,Debit Card
1222,960,2024-11-17,Pending,Net Banking
1223,71,2025-02-10,Completed,UPI
1224,919,2025-05-24,Cancelled,Debit Card
1225,447,2025-09-19,Completed,Debit Card
1226,902,2026-01-21,Cancelled,Cash on Delivery
1227,109,2025-02-11,Pending,Cash on Delivery
1228,746,2025-03-02,Shipped,Debit Card
1229,233,2025-03-12,Completed,Net Banking
1230,246,2026-05-23,Shipped,Cash on Delivery
1231,704,2024-10-12,Completed,Cash on Delivery
1232,917,2024-09-25,Pending,UPI
1233,588,2025-04-19,Cancelled,UPI
1234,248,2025-08-20,Completed,Net Banking
1235,931,2025-01-18,Completed,Cash on Delivery
1236,323,2025-04-06,Shipped,Cash on Delivery
1237,969,2024-09-16,Pending,Debit Card
1238,480,2025-05-29,Cancelled,Debit Card
1239,508,2025-10-28,Completed,UPI
1240,749,2025-08-30,Pending,Credit Card
1241,670,2026-08-11,Shipped,Cash on Delivery
1242,997,2025-05-31,Shipped,Credit Card
1243,417,2026-06-20,Cancelled,Credit Card
1244,960,2025-02-02,Pending,Net Banking
1245,478,2025-03-02,Shipped,Debit Card
1246,372,2024-10-23,Cancelled,Cash on Delivery
1247,681,2026-06-07,Shipped,Net Banking
1248,710,2025-08-18,Pending,Net Banking
1249,62,2026-02-07,Cancelled,Cash on Delivery
1250,321,2024-11-17,Pending,Cash on Delivery
1251,339,2026-04-18,Pending,UPI
1252,887,2025-03-15,Completed,Credit Card
1253,545,2024-09-07,Pending,Cash on Delivery
1254,23,2025-06-29,Completed,Debit Card
1255,794,2025-09-10,Completed,Debit Card
1256,517,2024-09-19,Completed,Debit Card
1257,486,2026-02-15,Completed,Cash on Delivery
1258,105,2025-04-14,Cancelled,Debit Card
1259,684,2026-05-31,Cancelled,Credit Card
1260,450,2026-06-20,Pending,Cash on Delivery
1261,637,2024-09-15,Pending,Debit Card
1262,153,2025-02-25,Completed,UPI
1263,313,2026-01-31,Shipped,Credit Card
1264,885,2026-04-23,Cancelled,Net Banking
1265,848,2025-08-24,Shipped,Credit Card
1266,750,2025-02-06,Pending,Cash on Delivery
1267,528,2026-01-26,Shipped,UPI
1268,379,2024-12-30,Pending,Debit Card
1269,161,2025-09-23,Pending,UPI
1270,255,2024-10-22,Cancelled,UPI
1271,359,2024-12-06,Cancelled,Net Banking
1272,880,2026-02-15,Cancelled,Net Banking
1273,822,2025-08-21,Completed,Debit Card
1274,895,2025-03-11,Pending,Cash on Delivery
1275,937,2026-05-28,Cancelled,Net Banking
1276,301,2026-08-29,Cancelled,UPI
1277,92,2025-06-07,Completed,Cash on Delivery
1278,613,2025-02-06,Shipped,UPI
1279,162,2025-09-30,Pending,UPI
1280,143,2026-08-22,Cancelled,Cash on Delivery
1281,37,2026-07-20,Pending,Credit Card
1282,157,2025-11-13,Pending,Debit Card
1283,84,2026-03-26,Pending,UPI
1284,114,2025-01-04,Pending,Cash on Delivery
1285,859,2025-04-09,Pending,Credit Card
1286,905,2026-02-26,Completed,UPI
1287,874,2026-08-26,Completed,Debit Card
1288,236,2025-05-06,Shipped,Debit Card
1289,7,2024-09-25,Shipped,Cash on Delivery
1290,506,2026-05-28,Shipped,Debit Card
1291,301,2025-01-01,Pending,Credit Card
1292,366,2026-04-20,Shipped,Debit Card
1293,588,2026-03-14,Pending,Cash on Delivery
1294,280,2025-03-14,Pending,Cash on Delivery
1295,329,2025-06-20,Shipped,Cash on Delivery
1296,91,2025-08-23,Completed,UPI
1297,629,2024-11-18,Pending,UPI
1298,865,2026-05-05,Cancelled,Credit Card
1299,516,2025-09-21,Completed,Credit Card
1300,338,2026-08-09,Shipped,Credit Card
1301,527,2025-08-31,Pending,Credit Card
1302,684,2025-01-17,Shipped,Cash on Delivery
1303,515,2025-04-02,Cancelled,Cash on Delivery
1304,853,2026-06-10,Shipped,UPI
1305,114,2026-03-26,Shipped,Cash on Delivery
1306,592,2025-04-23,Shipped,Debit Card
1307,33,2025-07-10,Cancelled,UPI
1308,741,2026-02-13,Shipped,Cash on Delivery
1309,551,2024-11-27,Shipped,Cash on Delivery
1310,702,2025-11-08,Pending,Net Banking
1311,215,2026-04-14,Shipped,Cash on Delivery
1312,15,2026-07-25,Completed,Credit Card
1313,683,2024-10-21,Shipped,Cash on Delivery
1314,484,2026-03-09,Cancelled,Cash on Delivery
1315,682,2024-12-27,Cancelled,Credit Card
1316,229,2025-03-13,Cancelled,UPI
1317,38,2025-03-06,Completed,Credit Card
1318,379,2025-04-30,Shipped,Credit Card
1319,520,2026-02-01,Completed,Net Banking
1320,136,2025-10-11,Shipped,Debit Card
1321,689,2026-08-26,Cancelled,Credit Card
1322,936,2025-04-12,Cancelled,Cash on Delivery
1323,873,2025-08-23,Cancelled,Cash on Delivery
1324,574,2024-11-10,Pending,Net Banking
1325,137,2025-08-04,Pending,UPI
1326,230,2026-02-14,Cancelled,Debit Card
1327,544,2026-02-13,Cancelled,UPI
1328,455,2025-06-26,Pending,Credit Card
1329,332,2025-05-11,Shipped,UPI
1330,167,2026-06-11,Completed,Credit Card
1331,767,2026-08-20,Cancelled,Cash on Delivery
1332,296,2025-06-01,Cancelled,Net Banking
1333,406,2025-05-11,Completed,Debit Card
1334,169,2024-11-12,Cancelled,Credit Card
1335,400,2024-11-20,Shipped,Credit Card
1336,574,2025-02-10,Completed,Cash on Delivery
1337,646,2025-05-19,Completed,Net Banking
1338,576,2025-02-21,Pending,Credit Card
1339,940,2025-07-14,Shipped,Cash on Delivery
1340,121,2026-02-11,Pending,Debit Card
1341,267,2025-01-21,Pending,Credit Card
1342,549,2026-01-01,Pending,UPI
1343,347,2025-03-19,Pending,UPI
1344,566,2024-12-04,Cancelled,Cash on Delivery
1345,828,2026-02-01,Completed,UPI
1346,195,2024-09-26,Completed,Debit Card
1347,565,2026-02-02,Cancelled,UPI
1348,585,2025-07-24,Pending,Cash on Delivery
1349,559,2024-11-16,Shipped,Cash on Delivery
1350,943,2025-02-21,Completed,Net Banking
1351,879,2026-01-09,Cancelled,Net Banking
1352,984,2026-01-30,Completed,Debit Card
1353,78,2026-02-05,Cancelled,UPI
1354,251,2026-02-09,Completed,Net Banking
1355,143,2025-04-19,Cancelled,UPI
1356,331,2025-12-21,Pending,Debit Card
1357,853,2026-04-05,Pending,Net Banking
1358,868,2025-05-31,Shipped,UPI
1359,635,2025-04-13,Cancelled,UPI
1360,340,2025-10-17,Completed,Debit Card
1361,385,2025-03-27,Cancelled,Cash on Delivery
1362,638,2026-07-22,Completed,Debit Card
1363,184,2025-04-02,Shipped,UPI
1364,774,2026-02-03,Shipped,UPI
1365,810,2026-01-29,Shipped,Credit Card
1366,725,2026-02-19,Pending,Cash on Delivery
1367,584,2026-05-22,Cancelled,UPI
1368,611,2026-08-28,Completed,Net Banking
1369,118,2025-03-10,Shipped,Cash on Delivery
1370,685,2026-01-27,Pending,Debit Card
1371,288,2025-01-05,Pending,Credit Card
1372,641,2025-11-15,Cancelled,UPI
1373,149,2026-03-03,Pending,Debit Card
1374,333,2025-05-17,Pending,Cash on Delivery
1375,161,2026-07-15,Shipped,Credit Card
1376,822,2025-06-17,Shipped,Debit Card
1377,645,2024-11-03,Cancelled,Credit Card
1378,653,2025-06-06,Completed,Cash on Delivery
1379,340,2025-10-02,Completed,Credit Card
1380,904,2026-06-12,Shipped,Debit Card
1381,348,2025-03-11,Pending,Credit Card
1382,707,2025-10-20,Shipped,Net Banking
1383,910,2025-09-03,Pending,Debit Card
1384,745,2026-05-27,Cancelled,Cash on Delivery
1385,737,2025-08-03,Completed,Net Banking
1386,576,2026-05-03,Completed,Cash on Delivery
1387,468,2024-10-23,Cancelled,Cash on Delivery
1388,38,2025-09-25,Completed,Cash on Delivery
1389,940,2025-11-24,Cancelled,Net Banking
1390,304,2025-12-09,Shipped,Net Banking
1391,608,2025-06-26,Completed,Debit Card
1392,403,2026-02-16,Pending,Net Banking
1393,178,2024-09-07,Shipped,Debit Card
1394,101,2026-05-09,Completed,Debit Card
1395,391,2026-03-11,Shipped,Debit Card
1396,597,2026-05-02,Pending,Net Banking
1397,684,2025-10-22,Completed,Credit Card
1398,93,2026-02-03,Cancelled,Cash on Delivery
1399,401,2025-05-06,Cancelled,Credit Card
1400,969,2025-02-12,Cancelled,Credit Card
1401,945,2026-06-15,Pending,Credit Card
1402,122,2025-01-26,Shipped,UPI
1403,644,2025-01-06,Cancelled,Debit Card
1404,262,2026-03-06,Completed,Credit Card
1405,203,2024-12-13,Pending,Cash on Delivery
1406,168,2025-03-10,Pending,Net Banking
1407,111,2025-01-14,Completed,Credit Card
1408,309,2025-07-10,Cancelled,Net Banking
1409,337,2025-11-25,Shipped,Net Banking
1410,1000,2025-06-15,Cancelled,Debit Card
1411,553,2025-10-21,Pending,UPI
1412,369,2025-12-08,Pending,Debit Card
1413,959,2025-01-31,Shipped,Net Banking
1414,302,2025-05-04,Shipped,Debit Card
1415,912,2025-05-16,Completed,Cash on Delivery
1416,546,2026-06-16,Cancelled,UPI
1417,308,2025-12-11,Cancelled,Net Banking
1418,852,2026-05-31,Pending,Net Banking
1419,857,2026-02-21,Completed,Net Banking
1420,583,2026-08-14,Completed,Credit Card
1421,362,2024-12-05,Pending,Credit Card
1422,344,2025-10-09,Completed,Debit Card
1423,798,2026-05-05,Completed,Debit Card
1424,656,2025-01-04,Completed,Debit Card
1425,714,2026-01-10,Completed,Credit Card
1426,265,2025-10-29,Cancelled,UPI
1427,804,2026-06-04,Cancelled,Cash on Delivery
1428,956,2024-09-02,Shipped,Credit Card
1429,781,2024-11-25,Pending,UPI
1430,141,2026-08-06,Cancelled,Credit Card
1431,285,2025-08-06,Pending,UPI
1432,132,2026-06-24,Shipped,Net Banking
1433,503,2026-07-15,Pending,Net Banking
1434,49,2026-06-08,Completed,UPI
1435,66,2026-05-14,Shipped,Debit Card
1436,406,2025-05-24,Shipped,Debit Card
1437,388,2025-09-27,Pending,Net Banking
1438,751,2025-04-08,Shipped,Net Banking
1439,320,2025-02-13,Completed,Credit Card
1440,170,2026-08-09,Cancelled,Cash on Delivery
1441,791,2026-08-11,Shipped,Credit Card
1442,668,2025-06-20,Completed,Cash on Delivery
1443,512,2026-03-05,Cancelled,Credit Card
1444,650,2025-03-01,Cancelled,Net Banking
1445,87,2026-05-29,Shipped,Debit Card
1446,150,2025-03-28,Cancelled,Net Banking
1447,428,2025-04-03,Cancelled,UPI
1448,454,2024-09-06,Completed,Net Banking
1449,207,2026-04-26,Pending,Cash on Delivery
1450,437,2026-01-08,Cancelled,Cash on Delivery
1451,464,2024-12-11,Shipped,Debit Card
1452,169,2024-10-14,Shipped,Credit Card
1453,277,2025-09-14,Cancelled,Cash on Delivery
1454,218,2025-10-08,Cancelled,Cash on Delivery
1455,649,2025-06-12,Pending,Cash on Delivery
1456,936,2025-04-29,Completed,Debit Card
1457,608,2026-06-25,Pending,UPI
1458,102,2024-12-24,Shipped,UPI
1459,936,2025-09-29,Pending,Net Banking
1460,268,2026-08-21,Shipped,Cash on Delivery
1461,249,2025-11-30,Cancelled,Credit Card
1462,354,2026-01-09,Pending,Debit Card
1463,918,2025-05-25,Shipped,Cash on Delivery
1464,375,2025-12-26,Shipped,UPI
1465,994,2025-11-23,Shipped,Debit Card
1466,19,2025-11-17,Completed,Debit Card
1467,34,2026-05-31,Completed,Cash on Delivery
1468,336,2026-02-03,Cancelled,Cash on Delivery
1469,983,2026-01-18,Pending,Credit Card
1470,896,2025-03-14,Shipped,Debit Card
1471,546,2025-01-13,Pending,Credit Card
1472,982,2026-06-29,Shipped,Net Banking
1473,291,2025-11-27,Cancelled,Credit Card
1474,577,2024-12-28,Completed,Debit Card
1475,796,2025-03-18,Cancelled,Debit Card
1476,737,2026-08-05,Cancelled,UPI
1477,424,2024-11-22,Shipped,UPI
1478,639,2025-02-14,Cancelled,Net Banking
1479,179,2024-10-27,Pending,Cash on Delivery
1480,44,2025-11-10,Completed,Debit Card
1481,265,2025-10-18,Completed,Cash on Delivery
1482,747,2025-07-06,Completed,Net Banking
1483,735,2026-04-04,Pending,Net Banking
1484,412,2026-07-03,Shipped,Net Banking
1485,722,2025-03-29,Pending,Net Banking
1486,957,2025-05-25,Cancelled,UPI
1487,17,2026-08-28,Shipped,Debit Card
1488,115,2026-06-25,Completed,Cash on Delivery
1489,897,2025-09-26,Shipped,Cash on Delivery
1490,115,2026-04-02,Completed,Credit Card
1491,7,2025-08-26,Cancelled,Debit Card
1492,444,2026-05-08,Completed,Net Banking
1493,488,2025-06-18,Shipped,UPI
1494,912,2026-01-01,Pending,Net Banking
1495,42,2026-08-04,Cancelled,Credit Card
1496,53,2026-05-13,Shipped,Net Banking
1497,225,2025-11-26,Completed,UPI
1498,66,2025-05-24,Shipped,Credit Card
1499,910,2026-03-01,Completed,Cash on Delivery
1500,763,2025-10-05,Completed,Net Banking
1501,769,2025-03-12,Cancelled,Credit Card
1502,925,2025-05-21,Cancelled,Credit Card
1503,821,2025-09-23,Completed,Cash on Delivery
1504,40,2026-08-25,Pending,Cash on Delivery
1505,366,2024-09-29,Completed,Credit Card
1506,77,2024-11-29,Completed,Cash on Delivery
1507,229,2025-05-09,Shipped,Credit Card
1508,821,2024-11-19,Pending,Credit Card
1509,659,2026-07-28,Completed,UPI
1510,308,2026-02-25,Completed,Credit Card
1511,547,2025-07-18,Cancelled,Net Banking
1512,206,2026-03-28,Shipped,Cash on Delivery
1513,581,2025-06-05,Cancelled,Net Banking
1514,647,2024-09-21,Pending,Cash on Delivery
1515,741,2025-03-19,Shipped,UPI
1516,126,2024-10-11,Shipped,Net Banking
1517,547,2025-01-11,Completed,UPI
1518,863,2026-04-22,Pending,Credit Card
1519,813,2025-11-26,Cancelled,Credit Card
1520,44,2026-04-20,Shipped,Cash on Delivery
1521,921,2025-11-24,Shipped,Net Banking
1522,932,2025-10-19,Pending,Debit Card
1523,186,2026-08-25,Pending,Net Banking
1524,997,2025-09-19,Completed,UPI
1525,471,2024-11-12,Cancelled,Credit Card
1526,485,2025-05-13,Cancelled,Credit Card
1527,171,2024-11-15,Cancelled,UPI
1528,636,2026-06-23,Cancelled,Debit Card
1529,619,2025-09-18,Pending,UPI
1530,10,2025-05-31,Cancelled,UPI
1531,481,2026-06-27,Completed,Net Banking
1532,283,2025-10-02,Shipped,Cash on Delivery
1533,699,2025-12-16,Shipped,Net Banking
1534,240,2025-06-10,Shipped,Net Banking
1535,18,2026-04-02,Completed,Credit Card
1536,644,2026-07-15,Pending,Debit Card
1537,894,2025-02-07,Shipped,Net Banking
1538,862,2025-07-27,Cancelled,Net Banking
1539,306,2025-01-26,Shipped,UPI
1540,967,2026-04-17,Completed,Net Banking
1541,417,2025-04-09,Pending,UPI
1542,224,2026-09-01,Cancelled,Cash on Delivery
1543,979,2025-08-25,Cancelled,UPI
1544,288,2025-12-24,Shipped,Cash on Delivery
1545,966,2025-03-20,Shipped,Cash on Delivery
1546,956,2026-07-06,Cancelled,Cash on Delivery
1547,58,2026-04-06,Completed,UPI
1548,980,2025-07-26,Completed,UPI
1549,787,2025-01-01,Pending,Debit Card
1550,387,2025-04-15,Cancelled,Credit Card
1551,88,2024-10-19,Cancelled,Net Banking
1552,220,2025-09-23,Shipped,Debit Card
1553,664,2024-10-09,Cancelled,Cash on Delivery
1554,697,2026-06-08,Pending,Debit Card
1555,756,2025-09-24,Shipped,Net Banking
1556,833,2025-03-05,Shipped,Credit Card
1557,74,2025-07-16,Cancelled,Credit Card
1558,911,2026-02-21,Shipped,UPI
1559,747,2025-01-05,Completed,UPI
1560,324,2024-12-25,Completed,UPI
1561,340,2025-11-11,Completed,Cash on Delivery
1562,314,2026-07-25,Shipped,Net Banking
1563,295,2025-08-24,Pending,Cash on Delivery
1564,737,2026-03-16,Shipped,UPI
1565,658,2026-01-20,Cancelled,Debit Card
1566,733,2025-03-05,Pending,Net Banking
1567,106,2026-02-26,Completed,Net Banking
1568,179,2026-06-15,Pending,Cash on Delivery
1569,800,2025-08-28,Completed,Cash on Delivery
1570,147,2026-05-17,Pending,Cash on Delivery
1571,7,2026-07-23,Completed,Debit Card
1572,63,2024-09-17,Pending,Net Banking
1573,425,2025-11-06,Shipped,Credit Card
1574,677,2026-01-15,Pending,Net Banking
1575,69,2025-01-28,Pending,Cash on Delivery
1576,533,2025-11-09,Cancelled,Cash on Delivery
1577,207,2025-02-25,Shipped,Cash on Delivery
1578,849,2026-07-12,Cancelled,UPI
1579,999,2026-01-22,Shipped,UPI
1580,661,2025-02-17,Shipped,Net Banking
1581,598,2025-11-16,Pending,UPI
1582,54,2025-05-29,Shipped,UPI
1583,706,2026-05-08,Cancelled,Net Banking
1584,344,2026-02-18,Shipped,UPI
1585,830,2025-09-27,Cancelled,Cash on Delivery
1586,150,2026-05-22,Completed,Credit Card
1587,440,2025-03-04,Completed,Cash on Delivery
1588,844,2026-07-17,Pending,UPI
1589,145,2025-07-17,Completed,UPI
1590,25,2026-07-29,Pending,Net Banking
1591,564,2025-09-06,Shipped,Credit Card
1592,766,2025-12-14,Completed,Net Banking
1593,201,2025-07-19,Completed,UPI
1594,908,2025-02-07,Cancelled,Debit Card
1595,284,2025-11-02,Pending,Net Banking
1596,188,2024-12-05,Pending,Cash on Delivery
1597,619,2025-09-07,Cancelled,Credit Card
1598,282,2025-03-24,Cancelled,Credit Card
1599,255,2025-06-23,Shipped,Credit Card
1600,852,2025-05-28,Shipped,UPI
1601,97,2025-10-20,Shipped,Net Banking
1602,791,2025-10-30,Cancelled,Net Banking
1603,337,2025-05-03,Shipped,Net Banking
1604,811,2026-02-02,Pending,Net Banking
1605,722,2025-12-17,Shipped,Net Banking
1606,933,2026-04-21,Cancelled,Net Banking
1607,371,2025-07-27,Cancelled,Cash on Delivery
1608,125,2026-07-18,Cancelled,UPI
1609,180,2025-11-30,Shipped,UPI
1610,376,2026-04-19,Pending,Credit Card
1611,29,2025-11-28,Pending,Credit Card
1612,855,2024-12-27,Completed,Cash on Delivery
1613,840,2026-03-06,Cancelled,Net Banking
1614,872,2025-06-05,Pending,Credit Card
1615,480,2025-03-04,Shipped,UPI
1616,212,2025-01-05,Completed,Cash on Delivery
1617,752,2025-06-16,Completed,UPI
1618,255,2025-09-10,Completed,Net Banking
1619,102,2025-06-27,Shipped,Cash on Delivery
1620,53,2025-10-23,Completed,Net Banking
1621,477,2026-01-20,Completed,Debit Card
1622,778,2025-09-19,Cancelled,Net Banking
1623,783,2025-12-30,Completed,Cash on Delivery
1624,780,2026-01-09,Shipped,Debit Card
1625,4,2025-10-04,Completed,UPI
1626,162,2025-04-29,Shipped,Cash on Delivery
1627,117,2025-04-07,Cancelled,Debit Card
1628,875,2026-04-04,Completed,Credit Card
1629,7,2026-02-11,Cancelled,Cash on Delivery
1630,897,2026-05-17,Completed,Credit Card
1631,34,2025-06-18,Pending,Cash on Delivery
1632,674,2025-06-11,Cancelled,Credit Card
1633,235,2025-07-17,Shipped,Debit Card
1634,37,2025-06-08,Pending,UPI
1635,238,2026-07-18,Pending,Credit Card
1636,178,2024-11-17,Completed,Net Banking
1637,962,2026-06-12,Shipped,UPI
1638,990,2026-07-17,Cancelled,Credit Card
1639,720,2026-07-25,Pending,Credit Card
1640,415,2026-08-28,Shipped,Net Banking
1641,779,2025-06-01,Pending,Cash on Delivery
1642,53,2026-03-29,Pending,Credit Card
1643,105,2025-04-19,Shipped,Cash on Delivery
1644,323,2026-06-07,Completed,Net Banking
1645,875,2025-10-18,Shipped,UPI
1646,767,2026-07-04,Pending,Debit Card
1647,537,2026-04-18,Pending,Debit Card
1648,906,2026-06-27,Cancelled,Net Banking
1649,387,2026-04-11,Pending,Cash on Delivery
1650,465,2025-10-19,Pending,Debit Card
1651,286,2025-04-18,Cancelled,Net Banking
1652,412,2025-12-13,Pending,Cash on Delivery
1653,951,2025-12-27,Pending,Credit Card
1654,566,2025-05-15,Cancelled,Net Banking
1655,63,2026-04-29,Completed,Debit Card
1656,126,2026-03-13,Pending,UPI
1657,369,2026-05-05,Pending,UPI
1658,861,2025-10-10,Pending,Cash on Delivery
1659,482,2025-12-18,Cancelled,Debit Card
1660,18,2025-12-06,Cancelled,Cash on Delivery
1661,402,2025-04-14,Shipped,Debit Card
1662,751,2026-08-09,Pending,Net Banking
1663,201,2025-03-30,Cancelled,UPI
1664,10,2025-01-04,Cancelled,Debit Card
1665,98,2026-01-31,Completed,Net Banking
1666,764,2026-03-01,Shipped,UPI
1667,542,2026-06-29,Shipped,Debit Card
1668,283,2025-03-27,Shipped,Credit Card
1669,138,2025-03-05,Cancelled,UPI
1670,224,2026-04-13,Completed,UPI
1671,328,2024-09-04,Completed,Credit Card
1672,788,2025-01-27,Cancelled,Cash on Delivery
1673,839,2025-06-19,Cancelled,UPI
1674,642,2025-09-24,Pending,Cash on Delivery
1675,377,2025-04-13,Shipped,Cash on Delivery
1676,354,2026-07-13,Completed,Debit Card
1677,453,2025-04-18,Cancelled,Debit Card
1678,252,2025-07-04,Cancelled,UPI
1679,267,2025-05-10,Cancelled,Credit Card
1680,163,2026-02-20,Shipped,Debit Card
1681,394,2026-02-17,Completed,Net Banking
1682,269,2025-10-18,Completed,Net Banking
1683,184,2024-11-09,Cancelled,Net Banking
1684,344,2026-02-22,Pending,UPI
1685,95,2025-06-19,Completed,Net Banking
1686,28,2026-03-08,Pending,Credit Card
1687,466,2026-07-10,Completed,Net Banking
1688,81,2025-06-08,Shipped,UPI
1689,725,2026-01-16,Cancelled,UPI
1690,605,2024-11-08,Cancelled,Cash on Delivery
1691,291,2025-02-13,Pending,Credit Card
1692,942,2024-11-09,Pending,UPI
1693,102,2025-03-10,Pending,Cash on Delivery
1694,831,2025-07-01,Pending,Credit Card
1695,561,2026-01-23,Pending,Debit Card
1696,713,2025-01-12,Cancelled,Debit Card
1697,857,2025-01-13,Pending,Cash on Delivery
1698,52,2026-08-12,Pending,Net Banking
1699,415,2025-10-15,Pending,Debit Card
1700,725,2025-04-17,Shipped,Net Banking
1701,956,2026-01-25,Cancelled,UPI
1702,94,2024-09-10,Cancelled,Net Banking
1703,1,2024-09-24,Shipped,Debit Card
1704,727,2026-07-12,Pending,Cash on Delivery
1705,210,2025-07-14,Shipped,UPI
1706,814,2025-06-26,Cancelled,UPI
1707,556,2026-06-23,Pending,Credit Card
1708,167,2026-01-10,Shipped,UPI
1709,145,2026-04-16,Pending,Credit Card
1710,716,2025-08-24,Completed,Cash on Delivery
1711,328,2025-04-10,Pending,Cash on Delivery
1712,247,2025-12-10,Shipped,Cash on Delivery
1713,311,2026-01-08,Shipped,UPI
1714,822,2026-01-16,Pending,Cash on Delivery
1715,411,2026-08-18,Shipped,Net Banking
1716,316,2025-10-08,Shipped,Credit Card
1717,626,2025-07-10,Shipped,UPI
1718,343,2025-10-01,Cancelled,Net Banking
1719,612,2025-07-22,Completed,Credit Card
1720,69,2025-11-30,Cancelled,Credit Card
1721,597,2024-09-30,Pending,UPI
1722,822,2025-10-14,Completed,Net Banking
1723,270,2024-09-28,Shipped,Cash on Delivery
1724,432,2026-08-11,Pending,Cash on Delivery
1725,311,2024-12-12,Cancelled,Debit Card
1726,207,2026-06-17,Completed,Cash on Delivery
1727,641,2025-10-05,Pending,UPI
1728,468,2025-10-14,Cancelled,Credit Card
1729,607,2025-05-29,Completed,Debit Card
1730,564,2025-01-30,Shipped,UPI
1731,311,2025-07-21,Completed,Credit Card
1732,784,2025-07-21,Pending,UPI
1733,334,2024-10-28,Cancelled,Cash on Delivery
1734,602,2025-07-14,Shipped,UPI
1735,414,2024-11-21,Completed,UPI
1736,825,2025-02-15,Shipped,Debit Card
1737,814,2025-12-26,Pending,UPI
1738,773,2025-12-30,Completed,Credit Card
1739,641,2026-04-12,Cancelled,Net Banking
1740,775,2025-04-13,Cancelled,Net Banking
1741,473,2026-04-15,Cancelled,Debit Card
1742,476,2024-12-07,Completed,Net Banking
1743,627,2025-08-03,Completed,Credit Card
1744,121,2025-08-08,Cancelled,Cash on Delivery
1745,841,2026-04-03,Pending,Debit Card
1746,748,2024-12-10,Pending,Debit Card
1747,68,2024-10-13,Cancelled,Credit Card
1748,944,2026-06-21,Cancelled,Cash on Delivery
1749,188,2026-08-03,Completed,Credit Card
1750,329,2025-09-24,Pending,Debit Card
1751,528,2025-12-25,Pending,Net Banking
1752,403,2025-07-04,Cancelled,Debit Card
1753,843,2026-08-11,Completed,Credit Card
1754,551,2026-03-06,Shipped,Net Banking
1755,681,2026-02-27,Pending,Credit Card
1756,978,2024-12-31,Completed,UPI
1757,516,2026-02-19,Pending,Cash on Delivery
1758,642,2024-10-31,Pending,Cash on Delivery
1759,89,2024-09-17,Pending,Net Banking
1760,740,2025-10-24,Completed,Net Banking
1761,869,2026-03-12,Pending,Net Banking
1762,571,2024-10-14,Completed,Credit Card
1763,914,2024-10-07,Shipped,Net Banking
1764,768,2025-03-26,Completed,UPI
1765,468,2025-11-08,Completed,Cash on Delivery
1766,336,2025-02-25,Pending,UPI
1767,359,2026-03-12,Shipped,Cash on Delivery
1768,187,2025-01-19,Shipped,Net Banking
1769,558,2025-04-02,Shipped,Cash on Delivery
1770,19,2024-12-23,Shipped,Cash on Delivery
1771,932,2025-08-19,Cancelled,Cash on Delivery
1772,21,2025-07-05,Cancelled,Debit Card
1773,446,2024-09-28,Pending,Credit Card
1774,200,2025-02-20,Shipped,Net Banking
1775,66,2025-04-22,Pending,UPI
1776,388,2026-07-18,Cancelled,UPI
1777,31,2025-11-23,Pending,Net Banking
1778,958,2025-08-09,Shipped,Net Banking
1779,961,2025-09-07,Pending,Credit Card
1780,401,2025-02-09,Shipped,Cash on Delivery
1781,178,2024-09-25,Pending,UPI
1782,304,2026-03-08,Pending,Net Banking
1783,526,2025-07-19,Shipped,Debit Card
1784,538,2025-06-19,Completed,Net Banking
1785,764,2025-09-10,Shipped,Debit Card
1786,480,2026-04-10,Shipped,Credit Card
1787,283,2025-10-24,Pending,Net Banking
1788,753,2026-03-04,Pending,Credit Card
1789,745,2026-07-26,Completed,Debit Card
1790,747,2025-02-18,Cancelled,Net Banking
1791,661,2026-07-21,Pending,Cash on Delivery
1792,72,2025-01-16,Cancelled,Credit Card
1793,842,2026-06-28,Pending,Credit Card
1794,178,2025-10-19,Pending,Cash on Delivery
1795,810,2026-06-05,Pending,UPI
1796,908,2024-09-28,Completed,Net Banking
1797,884,2024-12-01,Completed,UPI
1798,836,2025-02-05,Pending,UPI
1799,388,2026-07-22,Pending,Cash on Delivery
1800,991,2025-11-15,Cancelled,Cash on Delivery
1801,941,2025-10-25,Completed,Cash on Delivery
1802,380,2025-09-16,Completed,Credit Card
1803,945,2026-05-31,Shipped,Debit Card
1804,303,2026-08-26,Shipped,UPI
1805,506,2026-08-21,Shipped,Cash on Delivery
1806,371,2025-12-15,Shipped,UPI
1807,430,2026-05-20,Cancelled,Cash on Delivery
1808,35,2025-05-03,Shipped,Debit Card
1809,447,2024-12-05,Shipped,Debit Card
1810,304,2025-01-06,Cancelled,Net Banking
1811,967,2024-11-07,Shipped,Credit Card
1812,735,2025-02-05,Shipped,Credit Card
1813,554,2024-11-22,Completed,Credit Card
1814,66,2026-03-25,Shipped,UPI
1815,505,2026-01-19,Completed,Cash on Delivery
1816,597,2024-09-14,Cancelled,UPI
1817,193,2024-11-26,Shipped,Net Banking
1818,275,2026-07-20,Completed,Net Banking
1819,142,2025-05-19,Pending,Net Banking
1820,563,2024-09-18,Pending,Credit Card
1821,679,2025-05-29,Cancelled,Credit Card
1822,227,2025-01-23,Cancelled,Net Banking
1823,919,2024-11-22,Pending,Credit Card
1824,432,2025-10-28,Cancelled,Net Banking
1825,854,2025-05-09,Pending,Credit Card
1826,212,2026-07-27,Completed,Cash on Delivery
1827,371,2026-03-10,Shipped,UPI
1828,27,2024-10-11,Pending,Net Banking
1829,114,2025-06-29,Completed,Debit Card
1830,499,2026-08-02,Pending,UPI
1831,149,2026-04-06,Shipped,Credit Card
1832,879,2026-08-31,Pending,Credit Card
1833,703,2025-02-16,Shipped,Credit Card
1834,951,2025-04-03,Completed,Debit Card
1835,490,2024-11-30,Shipped,Credit Card
1836,148,2024-09-30,Pending,Cash on Delivery
1837,570,2024-12-06,Pending,Debit Card
1838,773,2025-01-14,Completed,Net Banking
1839,828,2025-03-31,Pending,Cash on Delivery
1840,758,2025-12-28,Pending,Debit Card
1841,592,2024-10-10,Shipped,Credit Card
1842,77,2025-02-12,Cancelled,UPI
1843,647,2025-02-11,Pending,UPI
1844,258,2024-11-29,Cancelled,Debit Card
1845,391,2026-07-27,Pending,UPI
1846,531,2024-12-29,Completed,Net Banking
1847,636,2025-12-21,Pending,Debit Card
1848,62,2025-10-29,Pending,Credit Card
1849,322,2026-05-22,Completed,Debit Card
1850,992,2025-09-22,Cancelled,Net Banking
1851,185,2024-10-27,Cancelled,Net Banking
1852,310,2025-06-15,Completed,UPI
1853,195,2026-06-22,Completed,Cash on Delivery
1854,522,2024-12-27,Cancelled,UPI
1855,746,2026-04-06,Completed,Net Banking
1856,952,2025-01-03,Shipped,UPI
1857,590,2024-10-04,Completed,Debit Card
1858,420,2025-03-16,Cancelled,Net Banking
1859,652,2025-03-07,Completed,Cash on Delivery
1860,20,2025-11-16,Pending,Credit Card
1861,304,2026-02-04,Pending,UPI
1862,669,2024-10-19,Shipped,UPI
1863,642,2026-02-12,Cancelled,Cash on Delivery
1864,537,2025-09-14,Pending,Credit Card
1865,724,2024-12-19,Pending,Cash on Delivery
1866,962,2024-11-15,Completed,Net Banking
1867,91,2026-08-19,Pending,Debit Card
1868,492,2024-10-03,Cancelled,Cash on Delivery
1869,697,2024-09-06,Completed,Credit Card
1870,482,2024-12-05,Pending,UPI
1871,204,2025-12-31,Completed,UPI
1872,716,2025-03-17,Pending,Debit Card
1873,731,2024-09-08,Pending,Net Banking
1874,435,2025-11-10,Cancelled,Cash on Delivery
1875,179,2026-08-13,Cancelled,Net Banking
1876,334,2025-12-24,Shipped,Net Banking
1877,944,2025-12-26,Cancelled,Cash on Delivery
1878,32,2025-05-05,Cancelled,UPI
1879,339,2026-07-02,Shipped,Net Banking
1880,818,2025-08-08,Cancelled,Net Banking
1881,578,2026-03-29,Pending,Net Banking
1882,985,2026-03-19,Shipped,UPI
1883,949,2025-09-05,Shipped,Net Banking
1884,776,2026-07-19,Shipped,Debit Card
1885,596,2025-07-24,Shipped,Debit Card
1886,739,2025-11-20,Shipped,Net Banking
1887,837,2025-05-10,Cancelled,Cash on Delivery
1888,223,2025-09-01,Completed,Credit Card
1889,569,2026-06-02,Shipped,Net Banking
1890,612,2026-08-02,Cancelled,UPI
1891,33,2025-02-24,Shipped,Cash on Delivery
1892,59,2025-08-10,Shipped,Cash on Delivery
1893,983,2026-02-23,Shipped,UPI
1894,296,2026-08-18,Completed,Net Banking
1895,536,2026-06-10,Pending,Cash on Delivery
1896,194,2025-07-31,Pending,Debit Card
1897,438,2025-05-15,Completed,Debit Card
1898,868,2025-03-31,Pending,UPI
1899,464,2025-08-08,Shipped,UPI
1900,694,2026-08-11,Shipped,Debit Card
1901,178,2024-09-24,Pending,Debit Card
1902,623,2024-09-28,Pending,Debit Card
1903,715,2024-11-16,Cancelled,Net Banking
1904,908,2025-04-06,Cancelled,UPI
1905,371,2024-10-03,Completed,Cash on Delivery
1906,359,2025-07-07,Shipped,Cash on Delivery
1907,665,2026-02-18,Pending,Credit Card
1908,726,2025-09-10,Cancelled,Debit Card
1909,355,2024-12-18,Pending,Debit Card
1910,862,2025-10-19,Completed,UPI
1911,596,2025-09-10,Shipped,Debit Card
1912,193,2025-08-08,Pending,Credit Card
1913,630,2025-09-15,Shipped,Debit Card
1914,827,2024-09-25,Shipped,Net Banking
1915,648,2026-01-04,Pending,Credit Card
1916,384,2026-05-19,Cancelled,Net Banking
1917,942,2025-04-21,Completed,UPI
1918,512,2026-02-09,Pending,Debit Card
1919,549,2025-05-07,Pending,Net Banking
1920,92,2026-07-11,Cancelled,UPI
1921,41,2025-06-18,Completed,UPI
1922,880,2025-07-08,Pending,Net Banking
1923,967,2025-02-20,Shipped,Net Banking
1924,424,2026-01-18,Completed,UPI
1925,25,2026-02-04,Completed,Net Banking
1926,208,2026-02-10,Cancelled,Credit Card
1927,51,2025-01-21,Shipped,Net Banking
1928,519,2025-02-22,Completed,Debit Card
1929,999,2025-08-01,Completed,Debit Card
1930,38,2026-05-12,Completed,Cash on Delivery
1931,493,2025-01-23,Shipped,UPI
1932,239,2025-11-19,Cancelled,Debit Card
1933,913,2025-02-16,Pending,Net Banking
1934,915,2026-08-30,Completed,UPI
1935,463,2025-10-21,Pending,Cash on Delivery
1936,695,2026-08-26,Pending,Cash on Delivery
1937,122,2026-08-29,Pending,Credit Card
1938,388,2025-02-15,Shipped,Debit Card
1939,377,2026-06-24,Pending,UPI
1940,732,2025-05-30,Cancelled,Cash on Delivery
1941,936,2026-07-02,Completed,Cash on Delivery
1942,262,2025-01-12,Pending,Cash on Delivery
1943,1,2025-11-15,Shipped,Net Banking
1944,340,2026-08-06,Shipped,UPI
1945,88,2026-05-07,Shipped,Net Banking
1946,577,2026-05-10,Pending,Cash on Delivery
1947,321,2025-06-20,Cancelled,Cash on Delivery
1948,733,2026-02-06,Completed,Cash on Delivery
1949,903,2024-11-03,Pending,Cash on Delivery
1950,309,2024-12-07,Cancelled,Net Banking
1951,500,2024-11-14,Shipped,Cash on Delivery
1952,275,2025-10-10,Shipped,Debit Card
1953,586,2024-11-16,Pending,Credit Card
1954,463,2025-03-12,Shipped,Credit Card
1955,917,2026-03-20,Pending,Debit Card
1956,877,2024-11-14,Shipped,Cash on Delivery
1957,543,2026-08-19,Pending,Net Banking
1958,484,2025-07-20,Shipped,UPI
1959,43,2024-12-16,Completed,Credit Card
1960,228,2026-04-12,Shipped,UPI
1961,536,2026-07-13,Shipped,Net Banking
1962,657,2025-07-15,Cancelled,Cash on Delivery
1963,109,2025-06-24,Shipped,Net Banking
1964,915,2025-08-08,Completed,UPI
1965,318,2024-09-10,Cancelled,UPI
1966,775,2026-04-14,Cancelled,UPI
1967,208,2025-01-14,Pending,Cash on Delivery
1968,620,2025-01-23,Pending,Cash on Delivery
1969,304,2025-05-23,Cancelled,Debit Card
1970,760,2026-01-26,Pending,Cash on Delivery
1971,204,2025-09-05,Completed,Debit Card
1972,96,2025-04-29,Pending,Credit Card
1973,503,2025-05-12,Shipped,UPI
1974,345,2026-05-07,Pending,UPI
1975,64,2025-10-21,Shipped,Net Banking
1976,77,2025-01-02,Cancelled,Credit Card
1977,817,2025-08-31,Completed,Cash on Delivery
1978,969,2026-08-09,Pending,Debit Card
1979,357,2025-09-22,Cancelled,Debit Card
1980,3,2025-05-12,Completed,Cash on Delivery
1981,129,2025-10-25,Completed,Debit Card
1982,51,2026-07-25,Shipped,Credit Card
1983,877,2026-06-16,Completed,Credit Card
1984,31,2025-10-05,Pending,Net Banking
1985,103,2024-12-05,Cancelled,Debit Card
1986,927,2025-11-17,Pending,Net Banking
1987,762,2025-06-01,Cancelled,Credit Card
1988,14,2024-11-02,Completed,Cash on Delivery
1989,26,2025-08-07,Cancelled,Net Banking
1990,428,2025-09-03,Shipped,Net Banking
1991,127,2025-07-22,Pending,Debit Card
1992,700,2025-06-15,Shipped,UPI
1993,529,2025-03-29,Completed,Credit Card
1994,480,2025-04-21,Pending,Net Banking
1995,859,2026-04-12,Cancelled,Credit Card
1996,261,2026-08-14,Shipped,Net Banking
1997,522,2026-01-12,Cancelled,Net Banking
1998,420,2025-05-27,Shipped,Net Banking
1999,372,2026-01-23,Cancelled,Cash on Delivery
2000,64,2025-09-18,Pending,Cash on Delivery
2001,693,2024-12-12,Shipped,UPI
2002,672,2025-04-04,Cancelled,UPI
2003,405,2024-11-06,Pending,Debit Card
2004,675,2025-08-07,Shipped,Credit Card
2005,279,2026-04-24,Cancelled,UPI
2006,792,2025-08-07,Shipped,Cash on Delivery
2007,680,2025-03-11,Pending,Cash on Delivery
2008,720,2024-09-02,Shipped,Credit Card
2009,50,2026-06-10,Shipped,Cash on Delivery
2010,450,2026-05-03,Completed,Net Banking
2011,886,2025-07-11,Cancelled,Net Banking
2012,334,2026-05-02,Cancelled,Net Banking
2013,586,2025-03-26,Cancelled,Debit Card
2014,3,2026-03-10,Shipped,Cash on Delivery
2015,893,2025-09-29,Cancelled,UPI
2016,840,2026-02-13,Completed,UPI
2017,184,2026-01-06,Cancelled,UPI
2018,931,2025-09-22,Pending,Cash on Delivery
2019,483,2025-03-28,Shipped,Cash on Delivery
2020,422,2025-11-29,Pending,Credit Card
2021,419,2025-10-21,Shipped,Debit Card
2022,212,2025-03-04,Shipped,Debit Card
2023,862,2025-09-11,Cancelled,Net Banking
2024,852,2025-12-13,Completed,Cash on Delivery
2025,285,2026-02-21,Shipped,Credit Card
2026,491,2025-08-13,Shipped,Debit Card
2027,529,2026-07-12,Shipped,Credit Card
2028,197,2025-02-20,Completed,Net Banking
2029,419,2024-11-27,Cancelled,Net Banking
2030,304,2026-06-11,Pending,Debit Card
2031,923,2026-04-11,Completed,Net Banking
2032,55,2025-02-01,Pending,Cash on Delivery
2033,916,2024-12-27,Pending,Credit Card
2034,884,2026-08-03,Completed,Debit Card
2035,39,2025-06-22,Cancelled,Credit Card
2036,840,2025-12-14,Pending,Net Banking
2037,831,2026-06-20,Cancelled,Credit Card
2038,933,2026-07-27,Cancelled,Net Banking
2039,746,2024-12-08,Cancelled,Debit Card
2040,925,2025-03-02,Shipped,UPI
2041,722,2025-10-06,Cancelled,Debit Card
2042,730,2025-07-24,Pending,Cash on Delivery
2043,535,2024-10-06,Cancelled,UPI
2044,520,2024-10-19,Completed,Net Banking
2045,848,2026-07-05,Shipped,Cash on Delivery
2046,386,2025-12-01,Pending,Cash on Delivery
2047,209,2024-11-24,Completed,Net Banking
2048,71,2025-04-24,Pending,UPI
2049,254,2025-03-04,Shipped,Cash on Delivery
2050,459,2026-02-21,Cancelled,Cash on Delivery
2051,401,2024-10-07,Completed,Cash on Delivery
2052,944,2025-07-24,Shipped,UPI
2053,535,2026-04-01,Pending,Debit Card
2054,4,2025-03-26,Cancelled,Credit Card
2055,633,2024-09-16,Shipped,UPI
2056,645,2025-04-18,Completed,Net Banking
2057,904,2025-11-12,Shipped,Debit Card
2058,308,2025-12-28,Pending,Net Banking
2059,363,2025-05-20,Shipped,UPI
2060,316,2025-03-02,Completed,Net Banking
2061,844,2026-07-21,Pending,Debit Card
2062,590,2025-08-08,Pending,UPI
2063,70,2025-04-04,Cancelled,Net Banking
2064,632,2026-05-13,Pending,Cash on Delivery
2065,855,2025-12-12,Completed,Cash on Delivery
2066,124,2026-04-16,Shipped,Net Banking
2067,247,2025-06-18,Cancelled,Cash on Delivery
2068,190,2026-06-27,Pending,Cash on Delivery
2069,626,2026-07-28,Shipped,Debit Card
2070,942,2026-03-03,Cancelled,Credit Card
2071,445,2025-08-08,Pending,Cash on Delivery
2072,291,2025-02-11,Shipped,Debit Card
2073,86,2025-08-18,Completed,Cash on Delivery
2074,830,2025-12-18,Shipped,Cash on Delivery
2075,108,2025-01-29,Cancelled,Debit Card
2076,974,2025-01-28,Pending,Cash on Delivery
2077,234,2026-06-23,Shipped,Cash on Delivery
2078,66,2025-02-27,Shipped,Cash on Delivery
2079,10,2025-04-06,Completed,Net Banking
2080,131,2025-09-19,Completed,Cash on Delivery
2081,948,2026-07-07,Shipped,UPI
2082,468,2026-08-02,Shipped,Net Banking
2083,583,2025-10-13,Cancelled,Debit Card
2084,597,2026-04-17,Completed,Credit Card
2085,885,2026-06-14,Shipped,UPI
2086,340,2024-10-27,Shipped,Net Banking
2087,898,2026-03-17,Completed,Debit Card
2088,310,2025-07-07,Shipped,Credit Card
2089,130,2025-09-13,Pending,Debit Card
2090,865,2025-12-10,Cancelled,UPI
2091,257,2025-04-08,Pending,UPI
2092,672,2025-06-24,Completed,Credit Card
2093,359,2025-01-21,Cancelled,Debit Card
2094,12,2026-06-18,Completed,Net Banking
2095,971,2026-07-23,Pending,Credit Card
2096,792,2024-09-19,Cancelled,UPI
2097,389,2025-01-18,Shipped,Cash on Delivery
2098,850,2026-06-05,Cancelled,UPI
2099,428,2026-06-18,Shipped,UPI
2100,644,2026-08-30,Pending,Credit Card
2101,516,2026-08-05,Cancelled,Debit Card
2102,651,2025-05-12,Cancelled,Credit Card
2103,463,2025-12-20,Shipped,Net Banking
2104,374,2026-07-28,Completed,Net Banking
2105,377,2026-05-02,Pending,Credit Card
2106,904,2025-12-04,Completed,Cash on Delivery
2107,653,2025-05-20,Completed,Cash on Delivery
2108,850,2025-01-14,Completed,Net Banking
2109,548,2026-01-07,Cancelled,Cash on Delivery
2110,742,2026-05-29,Cancelled,Net Banking
2111,192,2026-08-14,Pending,Net Banking
2112,997,2026-03-13,Shipped,Debit Card
2113,10,2025-11-24,Shipped,UPI
2114,652,2026-03-13,Completed,Credit Card
2115,631,2025-09-26,Pending,Cash on Delivery
2116,989,2024-12-07,Pending,Debit Card
2117,414,2024-09-09,Completed,Cash on Delivery
2118,184,2025-10-12,Cancelled,Debit Card
2119,810,2024-12-31,Shipped,Debit Card
2120,695,2025-01-26,Completed,Credit Card
2121,260,2024-12-29,Shipped,Net Banking
2122,210,2024-11-13,Cancelled,Credit Card
2123,531,2025-01-11,Pending,UPI
2124,477,2025-07-04,Shipped,Debit Card
2125,21,2026-04-19,Cancelled,UPI
2126,173,2025-05-18,Shipped,UPI
2127,735,2024-11-07,Completed,Debit Card
2128,959,2024-11-18,Completed,Net Banking
2129,725,2024-11-01,Cancelled,Debit Card
2130,179,2026-02-02,Shipped,Net Banking
2131,639,2025-10-06,Completed,Credit Card
2132,915,2026-04-21,Cancelled,UPI
2133,64,2025-06-08,Pending,UPI
2134,641,2025-07-26,Cancelled,Debit Card
2135,636,2025-04-09,Cancelled,Credit Card
2136,623,2024-11-25,Pending,Cash on Delivery
2137,630,2025-08-23,Completed,UPI
2138,501,2024-09-12,Cancelled,Cash on Delivery
2139,2,2025-01-12,Cancelled,Debit Card
2140,698,2025-06-11,Completed,Credit Card
2141,835,2025-11-12,Shipped,Cash on Delivery
2142,827,2024-12-12,Completed,Net Banking
2143,342,2024-09-06,Completed,Net Banking
2144,159,2024-10-27,Shipped,Cash on Delivery
2145,721,2026-07-31,Shipped,Cash on Delivery
2146,171,2025-12-20,Pending,Credit Card
2147,486,2025-10-24,Cancelled,Debit Card
2148,53,2026-06-19,Completed,UPI
2149,914,2024-12-31,Shipped,Net Banking
2150,258,2025-02-19,Completed,Credit Card
2151,578,2026-02-20,Pending,Net Banking
2152,200,2026-06-09,Completed,Credit Card
2153,455,2025-09-14,Shipped,UPI
2154,721,2025-11-30,Completed,Debit Card
2155,69,2026-05-08,Shipped,Net Banking
2156,478,2024-10-17,Shipped,Net Banking
2157,868,2025-11-23,Completed,Credit Card
2158,487,2026-07-05,Completed,Cash on Delivery
2159,375,2025-03-29,Pending,Debit Card
2160,229,2025-02-20,Cancelled,Cash on Delivery
2161,893,2026-05-09,Cancelled,Net Banking
2162,583,2025-06-13,Cancelled,Cash on Delivery
2163,236,2024-11-01,Completed,Net Banking
2164,766,2024-11-08,Completed,Net Banking
2165,871,2025-12-11,Pending,Debit Card
2166,344,2025-09-03,Shipped,Debit Card
2167,128,2025-04-03,Completed,Debit Card
2168,12,2024-10-19,Cancelled,Net Banking
2169,731,2024-11-05,Shipped,Net Banking
2170,575,2025-05-22,Shipped,UPI
2171,767,2025-02-22,Shipped,UPI
2172,460,2026-01-12,Pending,Cash on Delivery
2173,952,2025-07-25,Pending,Net Banking
2174,46,2026-04-20,Shipped,UPI
2175,680,2025-08-21,Cancelled,UPI
2176,698,2025-08-10,Shipped,Debit Card
2177,858,2024-10-04,Shipped,Cash on Delivery
2178,766,2025-05-22,Pending,Credit Card
2179,946,2024-10-27,Shipped,UPI
2180,799,2025-06-07,Shipped,UPI
2181,636,2025-03-05,Shipped,Cash on Delivery
2182,529,2024-11-10,Pending,Credit Card
2183,980,2025-10-04,Completed,Credit Card
2184,2,2026-03-06,Cancelled,UPI
2185,549,2025-01-15,Pending,Debit Card
2186,760,2026-07-09,Pending,Cash on Delivery
2187,483,2026-03-03,Completed,Net Banking
2188,423,2025-09-03,Cancelled,Credit Card
2189,116,2025-03-12,Pending,Debit Card
2190,490,2026-01-11,Shipped,UPI
2191,776,2026-06-08,Completed,Cash on Delivery
2192,251,2024-12-16,Pending,Debit Card
2193,225,2026-03-08,Shipped,Debit Card
2194,15,2025-04-02,Pending,Cash on Delivery
2195,937,2026-01-31,Completed,Credit Card
2196,28,2025-01-20,Completed,Debit Card
2197,869,2024-12-28,Cancelled,Credit Card
2198,569,2025-05-19,Shipped,UPI
2199,114,2025-06-23,Completed,UPI
2200,767,2025-05-06,Shipped,UPI
2201,625,2024-10-30,Shipped,Cash on Delivery
2202,429,2024-10-18,Cancelled,Cash on Delivery
2203,954,2026-04-20,Cancelled,Credit Card
2204,420,2026-07-08,Completed,Credit Card
2205,922,2025-01-25,Cancelled,Cash on Delivery
2206,985,2024-11-29,Pending,Credit Card
2207,488,2026-03-08,Pending,Net Banking
2208,502,2025-11-06,Completed,UPI
2209,627,2025-08-14,Cancelled,Net Banking
2210,926,2025-03-29,Completed,Credit Card
2211,737,2026-07-16,Cancelled,Net Banking
2212,312,2025-04-01,Completed,Cash on Delivery
2213,162,2025-09-18,Cancelled,UPI
2214,280,2025-01-05,Pending,Debit Card
2215,499,2025-04-16,Shipped,Credit Card
2216,286,2025-07-07,Cancelled,Cash on Delivery
2217,430,2025-12-31,Cancelled,Cash on Delivery
2218,775,2026-06-01,Pending,UPI
2219,19,2026-01-25,Cancelled,Credit Card
2220,480,2026-02-14,Shipped,UPI
2221,575,2025-12-05,Completed,UPI
2222,124,2025-07-29,Shipped,UPI
2223,239,2025-04-16,Completed,Net Banking
2224,356,2026-07-23,Pending,Cash on Delivery
2225,945,2025-03-18,Completed,UPI
2226,892,2025-10-07,Cancelled,Net Banking
2227,854,2026-03-11,Pending,Net Banking
2228,763,2026-06-10,Cancelled,Net Banking
2229,284,2025-08-28,Shipped,Cash on Delivery
2230,914,2026-08-27,Shipped,Debit Card
2231,92,2026-04-03,Shipped,Cash on Delivery
2232,504,2026-03-17,Shipped,Net Banking
2233,821,2024-12-28,Shipped,Net Banking
2234,557,2024-10-17,Completed,UPI
2235,893,2026-01-13,Completed,Net Banking
2236,39,2026-01-19,Shipped,Cash on Delivery
2237,113,2026-02-18,Pending,Net Banking
2238,814,2025-04-07,Shipped,Cash on Delivery
2239,681,2026-04-12,Completed,Credit Card
2240,918,2025-12-02,Pending,Debit Card
2241,265,2026-04-12,Shipped,Net Banking
2242,642,2025-12-28,Cancelled,Debit Card
2243,645,2025-01-23,Shipped,Net Banking
2244,604,2026-08-14,Completed,Debit Card
2245,19,2025-03-06,Shipped,UPI
2246,630,2026-08-25,Pending,UPI
2247,975,2026-01-25,Pending,Cash on Delivery
2248,111,2025-12-05,Completed,Debit Card
2249,511,2026-04-18,Shipped,Debit Card
2250,333,2026-04-24,Cancelled,Cash on Delivery
2251,489,2025-11-14,Cancelled,Net Banking
2252,48,2026-01-13,Completed,Cash on Delivery
2253,997,2025-09-03,Completed,Net Banking
2254,289,2026-03-02,Shipped,Debit Card
2255,405,2025-02-02,Completed,Net Banking
2256,187,2025-11-12,Shipped,Cash on Delivery
2257,413,2025-10-27,Completed,Credit Card
2258,386,2025-04-14,Shipped,Debit Card
2259,614,2025-07-17,Completed,Debit Card
2260,407,2025-07-15,Cancelled,UPI
2261,168,2025-03-20,Completed,UPI
2262,60,2024-09-23,Cancelled,Cash on Delivery
2263,105,2026-08-14,Pending,Net Banking
2264,260,2025-12-22,Shipped,Debit Card
2265,975,2026-02-22,Completed,Cash on Delivery
2266,371,2025-11-23,Pending,Debit Card
2267,609,2025-01-01,Pending,Credit Card
2268,532,2025-08-09,Completed,Net Banking
2269,38,2025-04-10,Cancelled,Net Banking
2270,504,2026-08-16,Shipped,Net Banking
2271,954,2025-01-26,Shipped,Debit Card
2272,302,2025-01-05,Shipped,UPI
2273,407,2025-05-12,Shipped,Net Banking
2274,222,2026-06-12,Cancelled,Cash on Delivery
2275,604,2026-07-06,Pending,Cash on Delivery
2276,230,2026-05-21,Completed,Credit Card
2277,588,2024-12-11,Shipped,Credit Card
2278,682,2025-03-29,Completed,Cash on Delivery
2279,962,2026-08-23,Completed,UPI
2280,539,2026-05-12,Shipped,UPI
2281,494,2025-04-07,Pending,Debit Card
2282,674,2026-06-18,Completed,Net Banking
2283,67,2026-06-26,Pending,Credit Card
2284,789,2025-01-30,Pending,Cash on Delivery
2285,501,2024-09-16,Shipped,Net Banking
2286,226,2026-03-10,Cancelled,Credit Card
2287,236,2026-08-22,Shipped,Cash on Delivery
2288,696,2026-01-14,Cancelled,Debit Card
2289,602,2025-05-25,Pending,UPI
2290,748,2025-04-18,Completed,Credit Card
2291,381,2026-07-11,Cancelled,Net Banking
2292,487,2024-09-21,Completed,Cash on Delivery
2293,57,2025-05-02,Shipped,UPI
2294,180,2026-01-27,Shipped,Cash on Delivery
2295,314,2024-12-25,Pending,Credit Card
2296,489,2025-01-31,Completed,Net Banking
2297,933,2025-04-12,Cancelled,UPI
2298,546,2025-02-25,Pending,Debit Card
2299,877,2024-10-19,Cancelled,UPI
2300,825,2024-12-29,Pending,Credit Card
2301,331,2026-01-25,Cancelled,Debit Card
2302,703,2026-02-06,Cancelled,UPI
2303,325,2025-06-22,Pending,Credit Card
2304,876,2025-02-10,Pending,Cash on Delivery
2305,120,2025-05-23,Cancelled,Debit Card
2306,828,2025-08-04,Pending,Debit Card
2307,877,2025-05-09,Pending,Debit Card
2308,612,2025-06-19,Cancelled,UPI
2309,76,2026-07-20,Cancelled,Cash on Delivery
2310,853,2026-03-24,Completed,Net Banking
2311,529,2025-08-25,Pending,UPI
2312,675,2025-06-01,Pending,Credit Card
2313,721,2026-05-08,Cancelled,UPI
2314,544,2025-07-01,Pending,Net Banking
2315,863,2025-08-06,Completed,Credit Card
2316,895,2025-04-26,Pending,Net Banking
2317,82,2025-08-24,Cancelled,UPI
2318,462,2025-07-16,Pending,Debit Card
2319,984,2025-08-07,Completed,Cash on Delivery
2320,493,2024-09-20,Shipped,Debit Card
2321,919,2025-08-01,Pending,Cash on Delivery
2322,431,2024-10-09,Completed,Credit Card
2323,320,2025-12-22,Pending,UPI
2324,201,2025-12-09,Cancelled,Cash on Delivery
2325,67,2025-12-16,Pending,Net Banking
2326,184,2025-06-20,Completed,Debit Card
2327,15,2025-11-02,Cancelled,UPI
2328,183,2025-08-10,Cancelled,Cash on Delivery
2329,200,2026-04-11,Pending,Debit Card
2330,351,2025-06-17,Pending,Debit Card
2331,665,2025-02-10,Completed,Debit Card
2332,644,2025-11-22,Pending,Net Banking
2333,919,2026-07-25,Pending,UPI
2334,635,2025-07-10,Pending,Credit Card
2335,651,2024-10-10,Shipped,Net Banking
2336,152,2024-10-15,Cancelled,Credit Card
2337,421,2026-04-03,Completed,Net Banking
2338,821,2026-06-03,Completed,Net Banking
2339,617,2024-11-29,Completed,UPI
2340,955,2024-11-16,Shipped,Credit Card
2341,888,2025-06-06,Completed,Credit Card
2342,984,2026-06-11,Cancelled,Debit Card
2343,893,2025-07-29,Cancelled,Cash on Delivery
2344,431,2026-06-13,Cancelled,Cash on Delivery
2345,118,2025-02-10,Shipped,Debit Card
2346,597,2026-01-12,Pending,Net Banking
2347,408,2025-11-24,Pending,Credit Card
2348,638,2025-04-15,Pending,Cash on Delivery
2349,413,2024-12-22,Cancelled,Cash on Delivery
2350,95,2026-07-31,Shipped,Cash on Delivery
2351,893,2025-10-03,Completed,UPI
2352,14,2025-12-16,Cancelled,UPI
2353,790,2026-04-23,Cancelled,Debit Card
2354,309,2024-11-15,Shipped,UPI
2355,204,2026-08-21,Pending,Net Banking
2356,755,2024-09-15,Cancelled,Cash on Delivery
2357,581,2024-12-20,Completed,Cash on Delivery
2358,797,2025-09-05,Completed,Cash on Delivery
2359,567,2025-04-06,Shipped,UPI
2360,852,2025-08-12,Shipped,UPI
2361,341,2025-10-24,Shipped,Net Banking
2362,160,2024-12-13,Shipped,Net Banking
2363,100,2024-11-01,Shipped,Cash on Delivery
2364,210,2026-08-04,Completed,Debit Card
2365,711,2025-02-11,Cancelled,UPI
2366,597,2026-06-14,Shipped,Cash on Delivery
2367,254,2025-03-09,Completed,Net Banking
2368,504,2025-07-22,Pending,UPI
2369,186,2025-09-09,Cancelled,Net Banking
2370,398,2026-02-07,Cancelled,Net Banking
2371,512,2025-07-12,Completed,Net Banking
2372,865,2024-09-18,Pending,UPI
2373,329,2025-04-06,Cancelled,Cash on Delivery
2374,303,2024-10-18,Pending,Debit Card
2375,695,2026-03-02,Shipped,Net Banking
2376,581,2026-01-23,Pending,UPI
2377,8,2026-06-15,Pending,Credit Card
2378,642,2024-09-29,Completed,Debit Card
2379,954,2025-12-08,Shipped,UPI
2380,26,2025-04-27,Shipped,UPI
2381,690,2026-06-14,Shipped,UPI
2382,505,2025-04-02,Shipped,Net Banking
2383,569,2025-04-20,Cancelled,Cash on Delivery
2384,435,2025-12-26,Cancelled,Net Banking
2385,707,2026-01-09,Completed,Credit Card
2386,938,2024-12-29,Pending,Cash on Delivery
2387,804,2025-06-07,Cancelled,Credit Card
2388,559,2026-06-21,Cancelled,Cash on Delivery
2389,100,2026-08-07,Shipped,Net Banking
2390,126,2026-08-18,Cancelled,Debit Card
2391,169,2025-07-17,Cancelled,UPI
2392,40,2026-02-02,Cancelled,Debit Card
2393,98,2024-09-30,Completed,Net Banking
2394,927,2026-04-17,Pending,UPI
2395,771,2026-06-08,Completed,Net Banking
2396,338,2024-11-10,Shipped,Cash on Delivery
2397,731,2025-03-01,Shipped,Net Banking
2398,143,2025-03-16,Shipped,UPI
2399,125,2025-05-11,Cancelled,Cash on Delivery
2400,451,2024-10-27,Completed,UPI
2401,223,2024-09-18,Shipped,Net Banking
2402,423,2024-09-09,Cancelled,Credit Card
2403,461,2026-07-10,Completed,UPI
2404,15,2025-04-07,Completed,Debit Card
2405,339,2026-01-28,Pending,Debit Card
2406,585,2025-09-08,Pending,Net Banking
2407,678,2025-04-27,Completed,Cash on Delivery
2408,557,2024-12-17,Pending,Debit Card
2409,949,2025-10-17,Cancelled,Net Banking
2410,737,2025-03-20,Completed,Debit Card
2411,52,2026-07-30,Pending,Net Banking
2412,781,2024-09-25,Completed,Debit Card
2413,420,2025-06-03,Shipped,UPI
2414,783,2026-01-26,Shipped,Cash on Delivery
2415,966,2025-01-27,Pending,Cash on Delivery
2416,523,2026-06-14,Shipped,Net Banking
2417,548,2025-04-22,Shipped,Credit Card
2418,152,2025-05-12,Completed,Debit Card
2419,291,2025-03-01,Completed,Cash on Delivery
2420,420,2025-08-01,Completed,Debit Card
2421,211,2026-08-11,Completed,Net Banking
2422,417,2026-03-15,Pending,Cash on Delivery
2423,143,2025-06-14,Completed,Cash on Delivery
2424,429,2025-09-22,Completed,Debit Card
2425,866,2026-07-17,Completed,Credit Card
2426,396,2026-02-25,Cancelled,Cash on Delivery
2427,19,2025-08-17,Shipped,Net Banking
2428,486,2026-04-18,Cancelled,Debit Card
2429,844,2026-06-18,Cancelled,Debit Card
2430,962,2026-07-10,Completed,Net Banking
2431,872,2026-01-16,Completed,Cash on Delivery
2432,959,2025-06-10,Cancelled,UPI
2433,696,2025-07-12,Pending,Credit Card
2434,174,2025-04-29,Completed,Net Banking
2435,771,2026-01-17,Cancelled,Net Banking
2436,766,2026-02-17,Pending,UPI
2437,365,2025-01-30,Completed,Net Banking
2438,766,2024-11-14,Pending,Debit Card
2439,304,2025-10-16,Pending,UPI
2440,278,2026-05-24,Cancelled,Credit Card
2441,29,2025-04-30,Completed,Debit Card
2442,229,2025-04-09,Pending,Cash on Delivery
2443,571,2026-01-16,Cancelled,Debit Card
2444,288,2026-04-05,Pending,Credit Card
2445,615,2025-08-20,Completed,UPI
2446,562,2026-09-01,Shipped,Debit Card
2447,758,2026-08-19,Completed,UPI
2448,739,2026-05-24,Shipped,Credit Card
2449,296,2025-07-08,Pending,Debit Card
2450,382,2025-05-16,Completed,Net Banking
2451,371,2025-01-22,Completed,Cash on Delivery
2452,525,2025-12-10,Pending,Credit Card
2453,58,2025-02-01,Pending,Cash on Delivery
2454,320,2026-06-06,Pending,Credit Card
2455,652,2025-01-13,Cancelled,Debit Card
2456,534,2026-08-30,Cancelled,Net Banking
2457,764,2025-11-23,Pending,Cash on Delivery
2458,353,2026-07-22,Cancelled,Credit Card
2459,566,2025-02-19,Completed,Debit Card
2460,478,2025-04-26,Shipped,UPI
2461,448,2025-01-11,Shipped,Credit Card
2462,594,2024-11-29,Completed,Credit Card
2463,541,2025-08-03,Pending,Debit Card
2464,825,2025-03-04,Pending,Net Banking
2465,135,2025-09-17,Cancelled,Credit Card
2466,898,2024-11-06,Pending,Net Banking
2467,798,2024-11-27,Shipped,Net Banking
2468,428,2025-12-07,Cancelled,Credit Card
2469,303,2024-11-02,Completed,Cash on Delivery
2470,404,2025-02-05,Shipped,Credit Card
2471,828,2025-01-03,Pending,Debit Card
2472,668,2025-03-06,Pending,Net Banking
2473,927,2025-05-02,Cancelled,Debit Card
2474,755,2025-01-07,Shipped,Debit Card
2475,927,2025-07-09,Pending,UPI
2476,61,2026-02-16,Shipped,Net Banking
2477,963,2025-01-26,Cancelled,Cash on Delivery
2478,768,2026-02-16,Completed,UPI
2479,988,2025-10-15,Shipped,Debit Card
2480,161,2024-11-04,Shipped,Cash on Delivery
2481,505,2025-12-18,Cancelled,Cash on Delivery
2482,442,2026-02-01,Cancelled,Debit Card
2483,135,2025-09-24,Completed,UPI
2484,199,2024-11-06,Pending,Net Banking
2485,445,2024-11-10,Cancelled,Cash on Delivery
2486,365,2025-10-28,Shipped,Credit Card
2487,106,2026-06-20,Shipped,Credit Card
2488,502,2025-05-21,Cancelled,Debit Card
2489,539,2026-06-06,Cancelled,Debit Card
2490,604,2024-12-03,Pending,UPI
2491,684,2025-02-23,Shipped,Cash on Delivery
2492,804,2024-10-01,Pending,Debit Card
2493,227,2026-04-05,Shipped,Cash on Delivery
2494,944,2025-12-02,Completed,Debit Card
2495,322,2025-05-16,Completed,Debit Card
2496,13,2025-07-03,Completed,Net Banking
2497,693,2026-02-11,Cancelled,Net Banking
2498,939,2026-02-10,Completed,Credit Card
2499,770,2025-01-01,Shipped,Cash on Delivery
2500,825,2026-01-14,Shipped,Net Banking
2501,228,2025-12-18,Shipped,UPI
2502,497,2025-07-05,Completed,Credit Card
2503,387,2026-01-23,Shipped,UPI
2504,848,2026-05-03,Cancelled,UPI
2505,145,2025-10-01,Pending,Net Banking
2506,270,2026-03-11,Shipped,UPI
2507,27,2025-03-25,Pending,Net Banking
2508,283,2025-09-03,Shipped,UPI
2509,262,2025-10-23,Pending,Debit Card
2510,746,2024-09-23,Completed,Cash on Delivery
2511,634,2025-08-12,Pending,Credit Card
2512,224,2025-07-02,Cancelled,UPI
2513,15,2025-04-27,Pending,Debit Card
2514,503,2025-06-08,Shipped,UPI
2515,928,2024-12-28,Completed,Debit Card
2516,265,2026-01-22,Shipped,Cash on Delivery
2517,229,2026-01-26,Pending,Cash on Delivery
2518,30,2026-07-27,Completed,Debit Card
2519,702,2025-02-24,Completed,Net Banking
2520,472,2025-10-11,Shipped,Net Banking
2521,231,2026-07-31,Shipped,UPI
2522,485,2025-06-22,Shipped,Cash on Delivery
2523,306,2026-03-27,Pending,Debit Card
2524,11,2026-01-15,Cancelled,Cash on Delivery
2525,521,2025-09-13,Shipped,Credit Card
2526,261,2025-12-10,Pending,Net Banking
2527,435,2025-06-23,Completed,Credit Card
2528,51,2025-04-04,Shipped,Debit Card
2529,771,2025-03-30,Cancelled,Cash on Delivery
2530,676,2025-08-02,Completed,UPI
2531,182,2025-03-30,Completed,Credit Card
2532,661,2025-06-25,Shipped,Cash on Delivery
2533,642,2025-07-17,Cancelled,Debit Card
2534,936,2026-02-03,Completed,Net Banking
2535,455,2025-10-02,Cancelled,Cash on Delivery
2536,106,2025-09-10,Cancelled,Net Banking
2537,23,2026-02-01,Pending,Cash on Delivery
2538,333,2026-02-10,Cancelled,Debit Card
2539,239,2024-10-27,Shipped,Cash on Delivery
2540,427,2026-02-19,Shipped,UPI
2541,255,2025-12-08,Pending,Net Banking
2542,341,2025-09-20,Pending,Cash on Delivery
2543,92,2025-05-19,Pending,Debit Card
2544,127,2024-11-21,Shipped,Debit Card
2545,477,2026-07-14,Shipped,UPI
2546,60,2025-12-11,Completed,Cash on Delivery
2547,770,2025-09-08,Pending,Cash on Delivery
2548,593,2026-08-22,Shipped,Cash on Delivery
2549,799,2026-08-03,Pending,Debit Card
2550,580,2024-12-03,Shipped,Credit Card
2551,482,2026-07-18,Cancelled,Debit Card
2552,724,2026-05-26,Shipped,Credit Card
2553,44,2025-08-10,Shipped,UPI
2554,712,2024-10-10,Completed,Debit Card
2555,31,2025-09-27,Completed,Net Banking
2556,344,2025-10-12,Cancelled,Net Banking
2557,792,2025-10-13,Cancelled,Cash on Delivery
2558,422,2025-11-18,Completed,Net Banking
2559,2,2024-09-03,Completed,Net Banking
2560,1000,2026-06-24,Cancelled,Cash on Delivery
2561,883,2025-12-05,Cancelled,UPI
2562,765,2026-04-27,Pending,Credit Card
2563,266,2026-02-01,Completed,Credit Card
2564,770,2024-11-11,Pending,Net Banking
2565,105,2026-05-14,Shipped,Net Banking
2566,818,2025-11-22,Cancelled,UPI
2567,114,2025-05-20,Completed,UPI
2568,257,2026-03-05,Shipped,UPI
2569,509,2025-09-03,Shipped,UPI
2570,706,2024-09-19,Shipped,Debit Card
2571,225,2025-07-27,Pending,Credit Card
2572,506,2025-01-04,Completed,Debit Card
2573,253,2024-11-19,Completed,Credit Card
2574,420,2025-12-05,Pending,Cash on Delivery
2575,109,2024-09-30,Pending,Cash on Delivery
2576,738,2026-05-18,Shipped,UPI
2577,247,2025-04-30,Completed,Net Banking
2578,749,2025-03-10,Shipped,Net Banking
2579,594,2026-07-18,Cancelled,Cash on Delivery
2580,456,2026-04-02,Shipped,Debit Card
2581,579,2026-01-25,Pending,Debit Card
2582,880,2026-01-06,Pending,Net Banking
2583,367,2026-01-18,Shipped,Net Banking
2584,959,2024-10-02,Shipped,Debit Card
2585,736,2025-02-17,Shipped,UPI
2586,1,2024-11-12,Cancelled,Credit Card
2587,165,2024-11-14,Shipped,Debit Card
2588,30,2026-01-14,Completed,Cash on Delivery
2589,868,2026-04-24,Pending,Net Banking
2590,13,2025-05-15,Pending,Net Banking
2591,450,2025-04-15,Cancelled,Debit Card
2592,743,2025-08-16,Shipped,UPI
2593,692,2025-12-08,Shipped,Credit Card
2594,250,2025-06-16,Shipped,Credit Card
2595,970,2025-01-12,Cancelled,Debit Card
2596,264,2025-01-10,Shipped,UPI
2597,835,2026-08-24,Pending,Debit Card
2598,420,2025-01-10,Completed,UPI
2599,962,2026-05-07,Cancelled,Debit Card
2600,178,2025-01-04,Cancelled,Net Banking
2601,916,2024-09-21,Pending,Cash on Delivery
2602,40,2026-07-17,Completed,UPI
2603,732,2025-01-02,Shipped,Debit Card
2604,992,2025-10-01,Shipped,Cash on Delivery
2605,954,2025-09-23,Completed,Net Banking
2606,203,2024-10-29,Pending,Net Banking
2607,159,2024-12-27,Cancelled,Cash on Delivery
2608,842,2025-11-15,Shipped,Debit Card
2609,446,2025-08-25,Pending,Credit Card
2610,602,2025-06-10,Completed,Cash on Delivery
2611,105,2026-05-14,Pending,Debit Card
2612,552,2026-08-11,Completed,Debit Card
2613,365,2025-11-15,Cancelled,Debit Card
2614,331,2026-03-03,Completed,Cash on Delivery
2615,284,2026-02-13,Shipped,Debit Card
2616,290,2025-07-09,Shipped,Credit Card
2617,620,2024-09-06,Pending,Credit Card
2618,691,2026-04-28,Completed,Net Banking
2619,343,2025-10-16,Shipped,UPI
2620,346,2025-11-19,Cancelled,Credit Card
2621,296,2024-12-10,Cancelled,Debit Card
2622,751,2025-04-17,Shipped,Debit Card
2623,225,2025-03-09,Completed,Cash on Delivery
2624,71,2025-09-04,Cancelled,Credit Card
2625,326,2025-10-03,Pending,UPI
2626,983,2025-01-24,Pending,Net Banking
2627,753,2025-06-30,Shipped,Net Banking
2628,377,2026-06-21,Shipped,Debit Card
2629,827,2026-01-13,Completed,UPI
2630,671,2025-04-19,Completed,Debit Card
2631,203,2026-05-13,Cancelled,Credit Card
2632,985,2025-08-21,Shipped,Net Banking
2633,493,2024-12-03,Pending,UPI
2634,691,2026-05-17,Cancelled,Cash on Delivery
2635,109,2026-01-01,Completed,Debit Card
2636,237,2025-04-04,Completed,UPI
2637,176,2026-06-06,Shipped,Credit Card
2638,960,2024-10-06,Shipped,UPI
2639,683,2024-11-13,Shipped,Debit Card
2640,523,2025-04-04,Completed,UPI
2641,72,2025-03-05,Pending,Debit Card
2642,982,2025-10-28,Pending,UPI
2643,466,2026-03-19,Cancelled,Debit Card
2644,899,2025-03-11,Cancelled,Debit Card
2645,103,2025-07-29,Shipped,Cash on Delivery
2646,452,2025-01-10,Completed,UPI
2647,617,2024-11-01,Shipped,UPI
2648,575,2025-09-17,Completed,Net Banking
2649,829,2026-05-26,Pending,Net Banking
2650,668,2025-06-27,Pending,UPI
2651,212,2026-02-16,Shipped,Debit Card
2652,698,2024-09-11,Completed,Cash on Delivery
2653,950,2026-04-08,Shipped,Net Banking
2654,151,2026-06-18,Shipped,UPI
2655,363,2024-10-08,Completed,Cash on Delivery
2656,815,2026-07-16,Completed,Debit Card
2657,389,2024-09-16,Pending,Cash on Delivery
2658,234,2024-09-24,Pending,Cash on Delivery
2659,275,2025-02-12,Shipped,UPI
2660,930,2026-01-11,Cancelled,UPI
2661,198,2024-12-03,Pending,Cash on Delivery
2662,575,2025-02-22,Shipped,Net Banking
2663,108,2025-08-24,Completed,Credit Card
2664,58,2024-10-12,Pending,Net Banking
2665,490,2025-08-18,Completed,Cash on Delivery
2666,916,2026-02-16,Pending,UPI
2667,993,2026-06-01,Cancelled,UPI
2668,402,2024-10-09,Cancelled,UPI
2669,110,2025-11-16,Completed,Cash on Delivery
2670,966,2026-05-27,Pending,Debit Card
2671,15,2025-06-24,Pending,Cash on Delivery
2672,474,2025-01-18,Completed,Net Banking
2673,717,2026-08-20,Completed,Net Banking
2674,409,2026-05-28,Cancelled,Net Banking
2675,442,2026-04-06,Completed,Credit Card
2676,151,2025-11-13,Completed,UPI
2677,200,2025-12-09,Shipped,Cash on Delivery
2678,45,2025-02-25,Cancelled,Debit Card
2679,566,2025-08-09,Cancelled,Cash on Delivery
2680,301,2025-01-28,Cancelled,Debit Card
2681,786,2025-12-13,Shipped,Credit Card
2682,291,2024-09-10,Shipped,Net Banking
2683,934,2026-08-13,Shipped,Credit Card
2684,447,2025-12-02,Completed,Cash on Delivery
2685,397,2025-09-28,Shipped,UPI
2686,82,2026-07-16,Pending,UPI
2687,535,2024-11-22,Completed,Credit Card
2688,408,2026-03-15,Completed,UPI
2689,693,2025-08-21,Pending,Cash on Delivery
2690,216,2025-06-22,Pending,Cash on Delivery
2691,724,2025-03-09,Cancelled,Net Banking
2692,59,2025-03-18,Cancelled,Net Banking
2693,934,2024-11-12,Cancelled,Cash on Delivery
2694,79,2026-05-29,Completed,Cash on Delivery
2695,769,2024-09-22,Completed,UPI
2696,882,2026-02-26,Completed,Credit Card
2697,955,2025-01-28,Cancelled,Cash on Delivery
2698,186,2024-09-18,Pending,Debit Card
2699,555,2026-02-08,Cancelled,UPI
2700,754,2025-05-08,Pending,Cash on Delivery
2701,847,2025-06-09,Cancelled,UPI
2702,547,2026-04-06,Cancelled,Cash on Delivery
2703,673,2026-03-25,Shipped,Cash on Delivery
2704,817,2025-02-13,Completed,Credit Card
2705,800,2025-09-17,Pending,Debit Card
2706,254,2024-11-17,Pending,UPI
2707,846,2025-11-01,Pending,Net Banking
2708,653,2025-08-14,Cancelled,UPI
2709,777,2025-04-04,Pending,Cash on Delivery
2710,542,2026-07-30,Shipped,Cash on Delivery
2711,287,2025-10-07,Pending,Cash on Delivery
2712,300,2026-05-27,Shipped,Cash on Delivery
2713,441,2025-06-13,Cancelled,Net Banking
2714,151,2025-12-28,Pending,Debit Card
2715,291,2024-11-17,Shipped,Debit Card
2716,480,2025-09-01,Pending,Net Banking
2717,153,2025-08-16,Completed,Debit Card
2718,93,2025-06-10,Pending,Credit Card
2719,481,2025-02-04,Shipped,Cash on Delivery
2720,77,2026-06-12,Shipped,UPI
2721,911,2026-07-01,Completed,Cash on Delivery
2722,878,2025-07-30,Pending,UPI
2723,980,2025-06-30,Completed,Debit Card
2724,491,2026-01-15,Shipped,Credit Card
2725,87,2025-01-17,Pending,Credit Card
2726,192,2026-04-25,Pending,Cash on Delivery
2727,158,2026-06-06,Pending,UPI
2728,196,2025-07-20,Cancelled,UPI
2729,191,2025-03-26,Pending,Cash on Delivery
2730,312,2025-07-11,Cancelled,Credit Card
2731,868,2025-02-11,Cancelled,Cash on Delivery
2732,300,2025-08-08,Cancelled,Credit Card
2733,457,2026-01-07,Cancelled,Cash on Delivery
2734,332,2026-08-26,Shipped,Net Banking
2735,677,2025-08-05,Cancelled,Cash on Delivery
2736,86,2025-12-05,Pending,UPI
2737,293,2026-07-26,Pending,Credit Card
2738,491,2026-06-06,Pending,Cash on Delivery
2739,934,2026-03-08,Completed,Credit Card
2740,807,2025-09-26,Pending,Net Banking
2741,253,2026-03-06,Pending,Credit Card
2742,667,2025-03-02,Shipped,Net Banking
2743,998,2025-02-07,Completed,Credit Card
2744,502,2026-03-22,Completed,Credit Card
2745,955,2025-05-12,Cancelled,UPI
2746,224,2025-08-04,Pending,Credit Card
2747,471,2024-11-17,Cancelled,UPI
2748,211,2024-11-24,Completed,Cash on Delivery
2749,837,2026-05-23,Pending,Cash on Delivery
2750,577,2025-06-12,Cancelled,UPI
2751,921,2024-09-25,Completed,UPI
2752,736,2025-01-11,Pending,Debit Card
2753,242,2024-10-07,Completed,UPI
2754,933,2024-09-26,Pending,Net Banking
2755,395,2026-08-27,Cancelled,Credit Card
2756,905,2026-06-23,Shipped,Net Banking
2757,340,2025-03-11,Shipped,Cash on Delivery
2758,884,2025-12-16,Pending,Credit Card
2759,945,2025-08-26,Pending,Cash on Delivery
2760,312,2025-12-18,Shipped,UPI
2761,364,2025-08-15,Completed,Credit Card
2762,508,2025-05-08,Shipped,Debit Card
2763,752,2024-09-04,Shipped,Cash on Delivery
2764,165,2026-08-04,Pending,Cash on Delivery
2765,718,2026-07-15,Pending,Net Banking
2766,361,2024-09-02,Cancelled,UPI
2767,62,2024-10-29,Completed,Credit Card
2768,228,2026-07-26,Shipped,Debit Card
2769,359,2026-02-06,Shipped,Net Banking
2770,432,2025-11-16,Shipped,Net Banking
2771,170,2024-12-28,Completed,Credit Card
2772,439,2025-04-12,Shipped,Cash on Delivery
2773,961,2026-04-13,Cancelled,Cash on Delivery
2774,145,2026-02-16,Pending,UPI
2775,915,2025-01-22,Pending,Credit Card
2776,915,2025-08-21,Shipped,Debit Card
2777,694,2025-02-05,Pending,Debit Card
2778,262,2026-01-08,Cancelled,Credit Card
2779,129,2026-04-06,Completed,Debit Card
2780,137,2024-10-16,Completed,Cash on Delivery
2781,851,2025-01-09,Cancelled,Net Banking
2782,540,2025-06-23,Completed,Credit Card
2783,87,2025-03-03,Shipped,Cash on Delivery
2784,318,2025-11-25,Shipped,Debit Card
2785,276,2026-01-04,Cancelled,Debit Card
2786,816,2026-07-08,Pending,Debit Card
2787,82,2026-01-30,Completed,Credit Card
2788,40,2026-02-12,Pending,Debit Card
2789,685,2025-10-03,Shipped,Net Banking
2790,202,2025-04-11,Pending,Debit Card
2791,247,2025-01-08,Pending,Net Banking
2792,997,2024-12-16,Pending,Cash on Delivery
2793,841,2026-06-30,Shipped,UPI
2794,614,2024-11-30,Cancelled,Credit Card
2795,142,2026-07-09,Cancelled,Cash on Delivery
2796,750,2026-07-02,Pending,UPI
2797,19,2025-08-17,Completed,Credit Card
2798,913,2025-11-07,Shipped,Net Banking
2799,401,2024-10-27,Pending,Debit Card
2800,748,2025-08-22,Cancelled,UPI
2801,651,2025-02-06,Pending,Cash on Delivery
2802,103,2025-09-06,Cancelled,Net Banking
2803,553,2024-09-17,Pending,Net Banking
2804,384,2025-02-26,Cancelled,Debit Card
2805,347,2025-11-08,Cancelled,Debit Card
2806,601,2025-11-09,Cancelled,Cash on Delivery
2807,386,2025-03-11,Completed,Cash on Delivery
2808,447,2024-12-11,Shipped,UPI
2809,937,2026-04-04,Completed,Net Banking
2810,768,2026-08-20,Shipped,Cash on Delivery
2811,775,2026-05-18,Pending,UPI
2812,860,2026-06-01,Completed,Credit Card
2813,708,2025-01-22,Pending,Net Banking
2814,889,2026-04-25,Pending,UPI
2815,338,2025-08-30,Pending,Net Banking
2816,477,2025-01-17,Cancelled,Net Banking
2817,329,2026-08-16,Completed,UPI
2818,511,2025-06-17,Completed,Net Banking
2819,909,2024-12-28,Pending,UPI
2820,285,2025-05-25,Shipped,UPI
2821,328,2025-12-29,Completed,Debit Card
2822,662,2025-05-13,Pending,Debit Card
2823,584,2024-12-04,Pending,Credit Card
2824,229,2026-08-10,Shipped,Debit Card
2825,435,2025-03-04,Shipped,Net Banking
2826,703,2026-02-17,Completed,Net Banking
2827,463,2026-04-01,Shipped,Net Banking
2828,558,2025-02-17,Shipped,Cash on Delivery
2829,657,2026-02-03,Shipped,Net Banking
2830,805,2026-02-21,Completed,Net Banking
2831,315,2026-05-30,Shipped,Cash on Delivery
2832,545,2026-07-21,Pending,Net Banking
2833,121,2024-09-06,Completed,Cash on Delivery
2834,380,2026-07-14,Completed,Net Banking
2835,467,2025-06-01,Cancelled,Net Banking
2836,773,2024-10-13,Shipped,Debit Card
2837,166,2026-07-02,Shipped,Debit Card
2838,561,2026-05-18,Cancelled,Credit Card
2839,587,2024-11-12,Cancelled,Net Banking
2840,975,2025-06-27,Completed,Net Banking
2841,637,2025-03-12,Completed,Credit Card
2842,356,2026-07-25,Shipped,Cash on Delivery
2843,508,2026-01-03,Completed,Cash on Delivery
2844,184,2025-09-12,Cancelled,Debit Card
2845,596,2026-03-02,Cancelled,UPI
2846,309,2026-05-30,Shipped,Credit Card
2847,523,2025-08-08,Completed,Net Banking
2848,454,2025-08-10,Cancelled,Debit Card
2849,17,2026-06-20,Shipped,Credit Card
2850,441,2025-09-17,Shipped,Cash on Delivery
2851,803,2025-12-15,Pending,Net Banking
2852,768,2025-11-20,Completed,UPI
2853,571,2024-11-21,Shipped,Cash on Delivery
2854,929,2025-06-24,Shipped,Net Banking
2855,883,2026-06-14,Cancelled,Credit Card
2856,722,2024-12-15,Shipped,UPI
2857,853,2025-01-17,Cancelled,UPI
2858,309,2025-05-23,Completed,UPI
2859,92,2026-05-14,Cancelled,UPI
2860,142,2025-07-15,Shipped,UPI
2861,851,2025-12-17,Shipped,Cash on Delivery
2862,233,2025-07-17,Cancelled,Cash on Delivery
2863,541,2024-11-24,Pending,UPI
2864,833,2024-10-04,Pending,Debit Card
2865,172,2024-12-03,Cancelled,Debit Card
2866,203,2025-10-13,Shipped,Debit Card
2867,35,2025-02-04,Cancelled,Net Banking
2868,173,2025-06-23,Pending,UPI
2869,134,2026-08-21,Cancelled,Net Banking
2870,210,2024-09-22,Completed,Cash on Delivery
2871,582,2026-03-07,Completed,Cash on Delivery
2872,519,2026-01-05,Shipped,Net Banking
2873,935,2025-08-14,Cancelled,UPI
2874,702,2025-05-17,Completed,Credit Card
2875,29,2025-09-22,Cancelled,UPI
2876,884,2026-05-07,Cancelled,Net Banking
2877,877,2026-05-21,Shipped,Net Banking
2878,136,2026-03-10,Completed,Debit Card
2879,604,2026-01-31,Cancelled,Debit Card
2880,892,2026-01-10,Pending,Cash on Delivery
2881,818,2026-02-14,Shipped,Net Banking
2882,978,2026-07-15,Completed,Credit Card
2883,903,2026-08-01,Completed,Credit Card
2884,740,2024-12-25,Cancelled,Debit Card
2885,252,2026-08-07,Completed,Net Banking
2886,246,2025-08-13,Shipped,Credit Card
2887,244,2024-10-09,Cancelled,Debit Card
2888,885,2025-10-03,Shipped,Credit Card
2889,914,2025-07-21,Cancelled,Cash on Delivery
2890,619,2025-02-24,Shipped,UPI
2891,401,2026-04-08,Shipped,Credit Card
2892,600,2026-06-05,Cancelled,Credit Card
2893,155,2025-11-13,Shipped,Credit Card
2894,31,2026-07-19,Pending,Cash on Delivery
2895,343,2026-01-15,Shipped,Debit Card
2896,609,2026-04-30,Shipped,Debit Card
2897,954,2025-09-21,Pending,Debit Card
2898,196,2025-01-18,Shipped,Net Banking
2899,57,2025-11-21,Shipped,Net Banking
2900,524,2025-06-29,Pending,Net Banking
2901,970,2026-06-21,Shipped,Debit Card
2902,393,2025-11-26,Completed,UPI
2903,411,2025-08-27,Pending,UPI
2904,281,2025-01-13,Completed,Net Banking
2905,856,2026-06-08,Cancelled,Credit Card
2906,83,2026-01-28,Cancelled,Cash on Delivery
2907,127,2024-10-10,Pending,Debit Card
2908,292,2025-10-18,Cancelled,Debit Card
2909,486,2024-12-22,Pending,Debit Card
2910,76,2025-09-16,Completed,Debit Card
2911,100,2025-04-25,Completed,Net Banking
2912,811,2026-06-16,Pending,Cash on Delivery
2913,840,2026-04-06,Shipped,Debit Card
2914,309,2025-10-14,Cancelled,Net Banking
2915,255,2026-07-07,Cancelled,UPI
2916,308,2025-03-27,Cancelled,Credit Card
2917,582,2026-01-01,Shipped,UPI
2918,825,2025-01-25,Cancelled,Credit Card
2919,547,2025-03-13,Cancelled,Net Banking
2920,324,2025-12-02,Pending,Cash on Delivery
2921,248,2026-05-14,Shipped,UPI
2922,532,2026-01-11,Cancelled,Net Banking
2923,870,2025-06-07,Pending,Net Banking
2924,269,2025-10-20,Completed,Cash on Delivery
2925,484,2026-02-06,Completed,UPI
2926,436,2025-02-14,Shipped,Credit Card
2927,660,2025-09-20,Shipped,Net Banking
2928,834,2025-04-28,Shipped,UPI
2929,435,2025-05-29,Pending,Credit Card
2930,982,2025-01-08,Completed,Net Banking
2931,689,2026-01-31,Cancelled,Net Banking
2932,32,2024-12-08,Completed,Net Banking
2933,392,2025-01-27,Cancelled,Credit Card
2934,508,2026-08-19,Cancelled,UPI
2935,459,2026-03-03,Pending,Net Banking
2936,492,2025-10-16,Shipped,Cash on Delivery
2937,628,2025-10-24,Shipped,Cash on Delivery
2938,550,2026-01-19,Shipped,Debit Card
2939,237,2026-04-09,Cancelled,Cash on Delivery
2940,729,2024-10-02,Completed,Cash on Delivery
2941,672,2026-05-13,Cancelled,Net Banking
2942,910,2025-06-18,Completed,Cash on Delivery
2943,118,2026-01-06,Completed,Net Banking
2944,964,2025-08-19,Cancelled,Net Banking
2945,8,2026-01-29,Shipped,Credit Card
2946,307,2025-07-21,Shipped,Cash on Delivery
2947,418,2025-09-05,Cancelled,Debit Card
2948,700,2026-02-20,Completed,UPI
2949,237,2024-10-22,Shipped,Credit Card
2950,331,2026-04-06,Pending,UPI
2951,970,2026-05-15,Shipped,Net Banking
2952,9,2024-09-09,Cancelled,UPI
2953,423,2025-01-29,Completed,Debit Card
2954,949,2025-07-29,Pending,Credit Card
2955,764,2025-04-12,Cancelled,Credit Card
2956,402,2025-04-13,Completed,Credit Card
2957,430,2025-01-16,Completed,Cash on Delivery
2958,54,2025-11-03,Completed,Net Banking
2959,216,2026-01-02,Shipped,Debit Card
2960,475,2026-04-26,Cancelled,Cash on Delivery
2961,10,2026-09-02,Cancelled,UPI
2962,280,2025-06-02,Pending,UPI
2963,998,2024-10-27,Completed,Credit Card
2964,192,2025-12-03,Cancelled,UPI
2965,800,2024-12-09,Pending,Debit Card
2966,845,2025-06-08,Cancelled,Cash on Delivery
2967,348,2025-04-02,Cancelled,Debit Card
2968,854,2026-01-07,Cancelled,Net Banking
2969,320,2026-06-11,Shipped,Credit Card
2970,406,2025-06-02,Completed,Cash on Delivery
2971,744,2026-01-20,Completed,Debit Card
2972,44,2024-12-15,Completed,Net Banking
2973,572,2025-05-17,Shipped,Debit Card
2974,260,2025-02-14,Completed,Net Banking
2975,9,2024-12-16,Pending,UPI
2976,162,2025-10-10,Completed,Debit Card
2977,346,2025-03-04,Completed,Net Banking
2978,52,2026-05-04,Shipped,Debit Card
2979,840,2025-05-20,Cancelled,Debit Card
2980,872,2026-05-22,Cancelled,UPI
2981,414,2026-04-27,Completed,Debit Card
2982,871,2025-04-14,Completed,Debit Card
2983,72,2025-04-25,Pending,UPI
2984,712,2026-02-05,Pending,Credit Card
2985,961,2025-09-21,Cancelled,Cash on Delivery
2986,164,2026-03-18,Completed,Debit Card
2987,305,2025-10-10,Cancelled,Cash on Delivery
2988,108,2025-04-28,Cancelled,Debit Card
2989,847,2025-01-07,Completed,UPI
2990,590,2024-10-30,Completed,Credit Card
2991,515,2024-10-02,Pending,Credit Card
2992,679,2025-07-05,Shipped,Credit Card
2993,797,2026-01-28,Completed,Cash on Delivery
2994,861,2025-12-22,Shipped,UPI
2995,228,2025-06-21,Shipped,Credit Card
2996,204,2025-09-27,Cancelled,UPI
2997,830,2025-07-21,Completed,Debit Card
2998,738,2025-04-03,Shipped,Debit Card
2999,132,2026-07-11,Pending,Net Banking
3000,644,2025-09-23,Completed,Net Banking
3001,443,2025-08-30,Completed,Net Banking
3002,877,2024-09-10,Shipped,Net Banking
3003,914,2026-02-18,Shipped,Net Banking
3004,472,2024-12-02,Shipped,Cash on Delivery
3005,185,2025-07-09,Completed,Cash on Delivery
3006,411,2024-12-18,Completed,UPI
3007,341,2026-08-09,Pending,Credit Card
3008,156,2026-04-04,Completed,Debit Card
3009,669,2025-07-01,Completed,Credit Card
3010,764,2024-09-02,Shipped,Cash on Delivery
3011,472,2025-06-04,Cancelled,Debit Card
3012,587,2025-04-23,Pending,UPI
3013,141,2025-12-10,Shipped,Credit Card
3014,135,2025-04-17,Completed,Credit Card
3015,489,2026-05-16,Shipped,Net Banking
3016,727,2026-06-17,Cancelled,Credit Card
3017,231,2025-03-26,Cancelled,UPI
3018,79,2026-02-19,Cancelled,Cash on Delivery
3019,331,2024-09-11,Pending,Debit Card
3020,523,2025-08-31,Cancelled,UPI
3021,815,2024-10-23,Completed,Net Banking
3022,513,2026-01-17,Cancelled,UPI
3023,888,2025-10-12,Shipped,Credit Card
3024,903,2024-12-23,Pending,Debit Card
3025,869,2025-03-26,Completed,Debit Card
3026,220,2025-04-14,Pending,UPI
3027,727,2025-07-01,Shipped,Credit Card
3028,748,2025-07-14,Pending,Cash on Delivery
3029,40,2026-04-18,Cancelled,Debit Card
3030,454,2026-08-20,Shipped,Cash on Delivery
3031,749,2026-06-06,Shipped,UPI
3032,173,2025-07-05,Completed,Cash on Delivery
3033,685,2026-02-15,Pending,Cash on Delivery
3034,350,2026-04-06,Pending,Debit Card
3035,43,2025-03-30,Cancelled,Cash on Delivery
3036,897,2026-04-07,Pending,Cash on Delivery
3037,346,2025-07-04,Cancelled,UPI
3038,825,2026-06-26,Shipped,Credit Card
3039,299,2024-09-19,Cancelled,Cash on Delivery
3040,396,2024-10-26,Completed,Debit Card
3041,775,2025-07-15,Pending,UPI
3042,48,2024-10-24,Cancelled,Cash on Delivery
3043,635,2025-12-18,Cancelled,Credit Card
3044,292,2026-02-09,Completed,Cash on Delivery
3045,932,2026-03-22,Pending,Net Banking
3046,897,2025-07-18,Cancelled,Cash on Delivery
3047,585,2026-07-25,Completed,UPI
3048,228,2024-12-28,Cancelled,Cash on Delivery
3049,28,2025-01-30,Completed,Cash on Delivery
3050,248,2026-09-01,Cancelled,UPI
3051,373,2026-02-16,Cancelled,UPI
3052,188,2024-10-22,Completed,UPI
3053,175,2024-09-15,Completed,Debit Card
3054,887,2025-01-03,Completed,Credit Card
3055,739,2024-10-04,Cancelled,Net Banking
3056,227,2025-11-04,Completed,UPI
3057,282,2025-01-05,Pending,Credit Card
3058,436,2024-09-15,Shipped,Debit Card
3059,369,2025-02-24,Shipped,UPI
3060,466,2026-06-18,Shipped,UPI
3061,163,2026-07-01,Completed,UPI
3062,31,2025-08-20,Pending,Credit Card
3063,224,2025-01-23,Pending,Net Banking
3064,557,2026-07-26,Pending,UPI
3065,59,2025-10-27,Pending,Debit Card
3066,740,2025-04-16,Pending,Debit Card
3067,966,2025-05-24,Pending,UPI
3068,410,2024-09-09,Shipped,Credit Card
3069,598,2026-07-24,Completed,Debit Card
3070,233,2024-09-11,Pending,Debit Card
3071,203,2025-09-21,Pending,UPI
3072,285,2025-08-10,Pending,Net Banking
3073,761,2024-12-25,Pending,Credit Card
3074,596,2026-04-21,Pending,UPI
3075,648,2025-08-28,Completed,Net Banking
3076,162,2025-03-14,Pending,Debit Card
3077,957,2025-02-22,Completed,UPI
3078,515,2025-07-19,Pending,Net Banking
3079,340,2025-05-04,Completed,Debit Card
3080,505,2026-07-15,Pending,Credit Card
3081,892,2026-05-18,Cancelled,Cash on Delivery
3082,761,2026-03-17,Pending,Net Banking
3083,567,2026-01-30,Shipped,Net Banking
3084,905,2026-04-13,Completed,Cash on Delivery
3085,838,2026-04-18,Pending,UPI
3086,126,2026-08-06,Pending,Debit Card
3087,206,2026-03-26,Pending,Cash on Delivery
3088,635,2024-10-05,Pending,Credit Card
3089,776,2025-07-12,Shipped,UPI
3090,6,2025-01-04,Pending,Credit Card
3091,509,2026-02-02,Pending,Net Banking
3092,715,2025-02-05,Shipped,Net Banking
3093,795,2025-06-26,Shipped,UPI
3094,31,2024-09-07,Pending,Cash on Delivery
3095,84,2024-12-23,Shipped,Net Banking
3096,411,2026-04-30,Completed,Net Banking
3097,515,2026-03-06,Cancelled,UPI
3098,651,2026-07-16,Cancelled,Debit Card
3099,565,2026-06-30,Shipped,Credit Card
3100,640,2024-09-19,Pending,UPI
3101,558,2026-08-30,Completed,Cash on Delivery
3102,221,2026-06-20,Completed,Debit Card
3103,982,2026-03-03,Pending,Debit Card
3104,849,2026-05-28,Completed,Cash on Delivery
3105,881,2026-03-28,Pending,Debit Card
3106,368,2025-10-10,Pending,Credit Card
3107,239,2026-03-05,Shipped,UPI
3108,192,2024-12-08,Pending,UPI
3109,913,2025-08-14,Cancelled,Net Banking
3110,5,2025-02-18,Cancelled,UPI
3111,502,2025-08-18,Cancelled,Cash on Delivery
3112,175,2026-02-25,Cancelled,UPI
3113,110,2024-12-21,Cancelled,Net Banking
3114,348,2026-01-16,Completed,Cash on Delivery
3115,659,2026-04-27,Completed,Credit Card
3116,102,2026-08-02,Shipped,Credit Card
3117,624,2024-10-28,Completed,UPI
3118,18,2024-10-12,Cancelled,Credit Card
3119,110,2024-11-19,Cancelled,Debit Card
3120,394,2026-08-19,Shipped,Credit Card
3121,399,2025-03-23,Pending,Debit Card
3122,847,2025-01-24,Cancelled,Cash on Delivery
3123,414,2025-02-24,Cancelled,UPI
3124,551,2025-11-28,Cancelled,Cash on Delivery
3125,504,2025-05-20,Cancelled,UPI
3126,783,2025-03-25,Shipped,Credit Card
3127,559,2024-10-31,Shipped,Credit Card
3128,142,2026-01-03,Shipped,Net Banking
3129,464,2025-08-26,Pending,Cash on Delivery
3130,124,2025-08-27,Completed,UPI
3131,748,2025-02-16,Pending,Cash on Delivery
3132,360,2024-09-14,Pending,UPI
3133,62,2025-07-17,Cancelled,Cash on Delivery
3134,272,2025-10-22,Pending,Debit Card
3135,899,2025-02-24,Pending,Credit Card
3136,68,2026-05-15,Completed,Cash on Delivery
3137,151,2026-08-20,Shipped,Debit Card
3138,757,2025-01-29,Pending,Debit Card
3139,773,2025-08-29,Shipped,UPI
3140,479,2025-03-21,Shipped,UPI
3141,715,2024-09-10,Pending,Credit Card
3142,357,2024-10-21,Cancelled,Net Banking
3143,286,2025-03-20,Shipped,UPI
3144,35,2025-11-05,Pending,Credit Card
3145,463,2025-07-16,Shipped,Credit Card
3146,826,2025-11-10,Shipped,UPI
3147,345,2025-12-06,Cancelled,Credit Card
3148,97,2024-10-27,Shipped,Credit Card
3149,429,2025-07-18,Cancelled,UPI
3150,277,2026-07-21,Pending,Net Banking
3151,521,2026-07-23,Cancelled,UPI
3152,930,2024-10-06,Completed,Credit Card
3153,830,2025-04-30,Pending,Net Banking
3154,52,2025-10-06,Pending,Net Banking
3155,241,2026-02-18,Pending,UPI
3156,27,2025-11-27,Completed,Net Banking
3157,733,2025-08-16,Completed,Net Banking
3158,784,2025-10-23,Cancelled,Cash on Delivery
3159,15,2026-04-06,Shipped,Debit Card
3160,31,2026-05-08,Pending,Credit Card
3161,281,2025-05-25,Completed,Cash on Delivery
3162,959,2025-01-29,Shipped,Debit Card
3163,855,2024-10-28,Pending,UPI
3164,731,2025-07-02,Shipped,Credit Card
3165,925,2025-10-31,Completed,UPI
3166,578,2025-03-08,Shipped,Debit Card
3167,527,2025-02-26,Completed,UPI
3168,322,2024-11-02,Shipped,Net Banking
3169,612,2026-03-26,Shipped,UPI
3170,826,2026-04-29,Pending,UPI
3171,822,2024-10-23,Pending,Credit Card
3172,568,2025-03-11,Cancelled,Net Banking
3173,665,2026-06-14,Pending,Net Banking
3174,45,2025-01-21,Cancelled,Debit Card
3175,192,2025-01-15,Completed,Credit Card
3176,618,2025-09-28,Pending,Cash on Delivery
3177,605,2025-03-27,Shipped,Credit Card
3178,949,2026-07-23,Pending,UPI
3179,915,2026-08-13,Cancelled,Debit Card
3180,887,2026-01-10,Shipped,Cash on Delivery
3181,504,2026-03-18,Pending,Cash on Delivery
3182,758,2026-08-31,Shipped,Credit Card
3183,949,2026-04-30,Completed,Credit Card
3184,690,2026-03-14,Pending,Net Banking
3185,207,2026-04-06,Completed,Debit Card
3186,364,2025-03-11,Cancelled,Net Banking
3187,701,2026-04-19,Shipped,Cash on Delivery
3188,480,2025-06-19,Pending,UPI
3189,575,2025-11-11,Cancelled,Debit Card
3190,978,2026-07-03,Completed,Net Banking
3191,670,2024-10-02,Cancelled,UPI
3192,947,2025-06-15,Cancelled,Debit Card
3193,629,2024-12-25,Pending,Debit Card
3194,42,2025-04-28,Cancelled,Debit Card
3195,851,2025-05-31,Shipped,Cash on Delivery
3196,229,2024-10-02,Shipped,Credit Card
3197,303,2026-02-03,Pending,UPI
3198,207,2025-12-26,Shipped,Cash on Delivery
3199,668,2026-02-02,Pending,Cash on Delivery
3200,816,2025-04-12,Cancelled,Credit Card
3201,415,2025-11-28,Completed,Debit Card
3202,224,2026-04-27,Pending,UPI
3203,985,2025-07-14,Pending,Cash on Delivery
3204,325,2026-04-30,Completed,UPI
3205,869,2024-09-22,Pending,Cash on Delivery
3206,490,2024-12-02,Completed,Net Banking
3207,752,2024-10-17,Pending,Cash on Delivery
3208,317,2025-01-13,Shipped,Cash on Delivery
3209,965,2025-02-08,Cancelled,Debit Card
3210,85,2025-08-29,Shipped,Credit Card
3211,939,2026-05-18,Shipped,UPI
3212,190,2025-01-11,Shipped,UPI
3213,318,2025-09-14,Shipped,Cash on Delivery
3214,876,2026-08-11,Completed,Net Banking
3215,638,2026-03-04,Shipped,UPI
3216,650,2026-06-02,Cancelled,UPI
3217,744,2025-12-31,Shipped,UPI
3218,141,2025-07-01,Shipped,Cash on Delivery
3219,64,2026-03-06,Completed,Net Banking
3220,301,2025-01-23,Completed,Credit Card
3221,548,2026-08-05,Cancelled,Cash on Delivery
3222,19,2025-10-03,Cancelled,Credit Card
3223,3,2025-03-26,Shipped,Net Banking
3224,79,2026-06-19,Completed,Debit Card
3225,524,2024-10-28,Shipped,UPI
3226,645,2026-07-24,Cancelled,Debit Card
3227,15,2026-07-25,Pending,Cash on Delivery
3228,3,2024-10-31,Completed,Cash on Delivery
3229,194,2025-07-10,Shipped,UPI
3230,412,2025-06-06,Pending,Cash on Delivery
3231,519,2026-03-08,Shipped,Cash on Delivery
3232,131,2025-02-15,Cancelled,Credit Card
3233,426,2025-10-23,Completed,Debit Card
3234,789,2025-06-04,Completed,Credit Card
3235,302,2025-04-04,Cancelled,Net Banking
3236,97,2025-01-26,Cancelled,Credit Card
3237,1,2025-12-08,Cancelled,Credit Card
3238,566,2025-07-10,Completed,UPI
3239,51,2025-06-12,Shipped,Cash on Delivery
3240,390,2026-05-04,Pending,Cash on Delivery
3241,129,2025-10-17,Completed,Credit Card
3242,118,2025-04-12,Cancelled,Cash on Delivery
3243,387,2026-08-21,Cancelled,Net Banking
3244,140,2026-03-20,Cancelled,Cash on Delivery
3245,836,2025-06-07,Shipped,Credit Card
3246,618,2024-09-15,Pending,UPI
3247,989,2025-04-21,Pending,UPI
3248,115,2025-07-16,Shipped,Credit Card
3249,680,2024-11-14,Pending,Net Banking
3250,640,2024-12-03,Shipped,Credit Card
3251,993,2024-12-06,Pending,Cash on Delivery
3252,621,2024-10-01,Cancelled,Net Banking
3253,666,2026-03-23,Shipped,Net Banking
3254,190,2024-10-08,Completed,UPI
3255,542,2025-02-13,Pending,UPI
3256,228,2026-07-23,Cancelled,Credit Card
3257,806,2025-04-13,Pending,UPI
3258,689,2025-02-20,Completed,Cash on Delivery
3259,165,2026-04-09,Completed,Credit Card
3260,373,2025-01-22,Completed,Net Banking
3261,211,2024-09-23,Shipped,UPI
3262,799,2025-03-22,Pending,Credit Card
3263,183,2025-01-29,Completed,Credit Card
3264,935,2025-05-19,Pending,UPI
3265,564,2026-02-02,Shipped,Credit Card
3266,906,2026-07-19,Completed,Credit Card
3267,85,2025-04-08,Cancelled,UPI
3268,709,2025-12-14,Cancelled,Cash on Delivery
3269,621,2025-09-10,Pending,Credit Card
3270,723,2025-08-10,Pending,Debit Card
3271,745,2026-01-31,Cancelled,Net Banking
3272,186,2026-01-08,Pending,Credit Card
3273,452,2024-11-14,Pending,UPI
3274,154,2025-02-21,Shipped,Cash on Delivery
3275,829,2025-08-18,Pending,Credit Card
3276,915,2026-01-12,Cancelled,Net Banking
3277,212,2026-06-13,Pending,Debit Card
3278,475,2026-05-08,Completed,Debit Card
3279,525,2025-11-25,Completed,Debit Card
3280,720,2025-09-04,Pending,Cash on Delivery
3281,665,2025-02-12,Pending,UPI
3282,626,2025-05-07,Shipped,Credit Card
3283,251,2024-11-07,Shipped,Debit Card
3284,309,2025-01-16,Shipped,Cash on Delivery
3285,50,2026-01-24,Shipped,UPI
3286,595,2024-10-02,Shipped,Credit Card
3287,18,2025-06-09,Pending,UPI
3288,509,2024-12-28,Shipped,UPI
3289,938,2024-11-25,Cancelled,Debit Card
3290,88,2024-12-23,Pending,Debit Card
3291,361,2025-02-13,Pending,Debit Card
3292,148,2026-01-30,Pending,Credit Card
3293,617,2025-06-03,Completed,Debit Card
3294,993,2025-11-29,Shipped,Net Banking
3295,29,2025-04-09,Shipped,UPI
3296,202,2026-05-10,Pending,Debit Card
3297,201,2026-02-24,Cancelled,Debit Card
3298,93,2026-06-18,Completed,UPI
3299,608,2025-10-27,Pending,Debit Card
3300,426,2026-01-21,Completed,Credit Card
3301,509,2025-09-01,Shipped,Net Banking
3302,46,2024-10-27,Completed,Net Banking
3303,471,2025-04-07,Shipped,Cash on Delivery
3304,364,2025-06-10,Shipped,Cash on Delivery
3305,3,2025-01-10,Shipped,UPI
3306,456,2024-12-28,Shipped,Credit Card
3307,243,2025-09-29,Cancelled,Cash on Delivery
3308,635,2025-10-07,Cancelled,Credit Card
3309,921,2025-05-24,Pending,Debit Card
3310,515,2025-03-19,Pending,UPI
3311,911,2024-10-28,Completed,Debit Card
3312,189,2026-07-19,Pending,Credit Card
3313,143,2025-02-14,Shipped,Credit Card
3314,329,2024-12-05,Cancelled,Cash on Delivery
3315,185,2026-05-15,Completed,Net Banking
3316,931,2024-11-26,Completed,Credit Card
3317,995,2025-01-09,Completed,Debit Card
3318,582,2024-09-14,Pending,Debit Card
3319,25,2025-10-20,Shipped,UPI
3320,798,2026-05-31,Cancelled,UPI
3321,770,2026-08-30,Shipped,Credit Card
3322,33,2026-05-03,Completed,Net Banking
3323,78,2026-06-28,Pending,UPI
3324,913,2024-10-15,Cancelled,Credit Card
3325,8,2025-04-04,Pending,UPI
3326,530,2024-10-06,Cancelled,Debit Card
3327,109,2026-03-07,Completed,Debit Card
3328,185,2025-12-06,Shipped,UPI
3329,192,2025-08-29,Shipped,Credit Card
3330,321,2025-05-11,Cancelled,Cash on Delivery
3331,922,2024-10-31,Cancelled,Credit Card
3332,292,2025-10-14,Shipped,Cash on Delivery
3333,881,2026-05-30,Cancelled,Net Banking
3334,634,2025-12-22,Pending,Cash on Delivery
3335,860,2026-06-21,Completed,Credit Card
3336,281,2026-06-25,Shipped,UPI
3337,74,2025-08-27,Cancelled,UPI
3338,412,2026-01-19,Pending,Net Banking
3339,11,2026-01-24,Completed,UPI
3340,576,2025-06-27,Cancelled,UPI
3341,582,2025-04-21,Pending,UPI
3342,110,2024-11-14,Completed,Net Banking
3343,310,2026-04-05,Shipped,Debit Card
3344,834,2024-11-02,Shipped,Debit Card
3345,183,2026-03-11,Cancelled,Debit Card
3346,243,2025-08-18,Shipped,Debit Card
3347,16,2025-08-28,Pending,Net Banking
3348,395,2026-04-18,Cancelled,UPI
3349,873,2025-04-08,Shipped,Debit Card
3350,857,2024-11-11,Shipped,Credit Card
3351,75,2026-02-03,Completed,Cash on Delivery
3352,639,2024-10-05,Pending,Credit Card
3353,625,2025-08-23,Completed,UPI
3354,841,2026-05-01,Pending,Credit Card
3355,257,2025-09-08,Cancelled,Cash on Delivery
3356,984,2026-05-02,Shipped,Cash on Delivery
3357,571,2025-05-24,Pending,Net Banking
3358,91,2025-04-30,Completed,Debit Card
3359,551,2026-07-30,Completed,Credit Card
3360,977,2026-02-23,Shipped,Credit Card
3361,560,2026-06-12,Completed,Cash on Delivery
3362,44,2025-02-26,Completed,UPI
3363,4,2025-02-21,Completed,Credit Card
3364,346,2025-03-16,Completed,UPI
3365,618,2024-09-03,Pending,Debit Card
3366,388,2025-07-17,Cancelled,Cash on Delivery
3367,500,2024-12-01,Cancelled,UPI
3368,661,2024-09-30,Completed,Net Banking
3369,316,2024-09-18,Completed,Credit Card
3370,81,2026-06-19,Cancelled,Debit Card
3371,25,2026-01-20,Shipped,Net Banking
3372,231,2026-05-29,Cancelled,UPI
3373,677,2026-02-26,Cancelled,UPI
3374,615,2025-09-30,Cancelled,Net Banking
3375,83,2025-01-31,Shipped,Net Banking
3376,102,2026-07-29,Completed,Credit Card
3377,986,2026-01-03,Cancelled,Debit Card
3378,316,2025-11-24,Shipped,Debit Card
3379,635,2025-02-01,Completed,Cash on Delivery
3380,206,2026-06-24,Completed,UPI
3381,57,2025-01-19,Pending,Net Banking
3382,880,2025-05-27,Cancelled,Credit Card
3383,517,2026-01-27,Shipped,Credit Card
3384,292,2026-05-06,Cancelled,Net Banking
3385,553,2026-02-13,Completed,Cash on Delivery
3386,25,2025-02-21,Pending,Debit Card
3387,309,2026-08-22,Cancelled,Debit Card
3388,9,2024-10-06,Pending,Credit Card
3389,151,2025-09-29,Shipped,Net Banking
3390,138,2024-11-14,Pending,Cash on Delivery
3391,345,2025-10-08,Cancelled,Cash on Delivery
3392,690,2025-09-22,Cancelled,Debit Card
3393,53,2025-10-21,Pending,Credit Card
3394,459,2026-05-24,Cancelled,Debit Card
3395,765,2025-08-05,Completed,Debit Card
3396,597,2026-01-31,Pending,UPI
3397,498,2026-02-18,Completed,Net Banking
3398,250,2025-05-08,Pending,UPI
3399,807,2026-05-16,Shipped,Net Banking
3400,815,2026-03-13,Shipped,UPI
3401,75,2025-02-27,Shipped,Cash on Delivery
3402,917,2024-10-18,Shipped,Credit Card
3403,26,2026-04-01,Completed,Credit Card
3404,879,2026-08-13,Completed,Debit Card
3405,413,2026-08-15,Completed,Credit Card
3406,939,2025-05-13,Shipped,Debit Card
3407,250,2026-06-13,Cancelled,Cash on Delivery
3408,619,2024-10-07,Cancelled,Debit Card
3409,811,2024-10-02,Shipped,Debit Card
3410,775,2025-05-26,Pending,Cash on Delivery
3411,651,2024-11-04,Shipped,Debit Card
3412,115,2024-10-24,Pending,Cash on Delivery
3413,786,2025-10-26,Completed,Credit Card
3414,824,2025-08-15,Shipped,Net Banking
3415,517,2025-08-11,Shipped,Net Banking
3416,59,2025-07-04,Cancelled,UPI
3417,23,2026-03-06,Completed,Credit Card
3418,526,2025-09-28,Cancelled,Debit Card
3419,558,2025-08-08,Completed,Debit Card
3420,606,2025-03-17,Cancelled,Credit Card
3421,539,2025-08-26,Completed,UPI
3422,599,2026-04-14,Cancelled,Debit Card
3423,154,2026-06-28,Cancelled,Credit Card
3424,746,2025-09-09,Pending,Debit Card
3425,202,2025-07-18,Pending,Cash on Delivery
3426,121,2026-05-30,Cancelled,Cash on Delivery
3427,162,2025-09-17,Shipped,Cash on Delivery
3428,272,2026-03-17,Pending,Net Banking
3429,398,2025-09-29,Completed,UPI
3430,235,2025-09-26,Pending,UPI
3431,133,2024-10-01,Pending,Cash on Delivery
3432,38,2026-06-19,Shipped,Net Banking
3433,495,2024-10-09,Pending,UPI
3434,844,2025-07-16,Shipped,Net Banking
3435,125,2025-06-25,Cancelled,Debit Card
3436,23,2024-10-16,Pending,Credit Card
3437,894,2025-09-10,Shipped,Debit Card
3438,444,2025-08-23,Cancelled,Debit Card
3439,205,2025-07-12,Completed,Credit Card
3440,482,2026-02-01,Completed,Debit Card
3441,160,2025-02-18,Cancelled,UPI
3442,789,2025-08-28,Pending,Net Banking
3443,310,2025-04-18,Pending,Net Banking
3444,252,2026-02-07,Shipped,Cash on Delivery
3445,683,2026-03-10,Cancelled,Cash on Delivery
3446,458,2025-12-07,Pending,Credit Card
3447,866,2025-03-19,Pending,Credit Card
3448,365,2025-03-27,Completed,Cash on Delivery
3449,20,2026-07-14,Pending,Debit Card
3450,767,2026-06-06,Shipped,Net Banking
3451,657,2026-09-02,Pending,Cash on Delivery
3452,325,2024-09-12,Pending,Net Banking
3453,20,2025-09-10,Cancelled,Net Banking
3454,746,2026-05-21,Completed,Credit Card
3455,937,2026-03-15,Completed,Net Banking
3456,588,2025-06-13,Cancelled,Net Banking
3457,655,2026-01-18,Shipped,Debit Card
3458,490,2026-07-29,Completed,UPI
3459,6,2026-06-11,Shipped,Cash on Delivery
3460,129,2026-04-29,Pending,Cash on Delivery
3461,850,2026-03-26,Completed,UPI
3462,496,2025-10-26,Shipped,Debit Card
3463,397,2026-05-02,Cancelled,Net Banking
3464,564,2024-10-05,Completed,UPI
3465,627,2024-12-29,Pending,UPI
3466,980,2026-05-16,Cancelled,Debit Card
3467,202,2026-06-26,Shipped,Cash on Delivery
3468,604,2026-04-07,Cancelled,Debit Card
3469,397,2024-09-09,Cancelled,Net Banking
3470,485,2024-10-04,Pending,Credit Card
3471,411,2024-12-27,Completed,Credit Card
3472,784,2026-06-15,Pending,Cash on Delivery
3473,995,2026-04-25,Completed,Cash on Delivery
3474,743,2026-06-20,Cancelled,UPI
3475,282,2026-07-07,Cancelled,Net Banking
3476,454,2025-11-22,Cancelled,Cash on Delivery
3477,250,2026-03-23,Cancelled,UPI
3478,567,2026-01-31,Completed,Net Banking
3479,797,2024-09-08,Pending,Cash on Delivery
3480,485,2024-12-09,Pending,Debit Card
3481,433,2026-02-09,Shipped,Cash on Delivery
3482,796,2025-12-31,Cancelled,Net Banking
3483,723,2025-11-02,Pending,Credit Card
3484,448,2025-07-06,Shipped,Credit Card
3485,974,2025-10-02,Completed,UPI
3486,61,2026-05-04,Cancelled,Debit Card
3487,505,2025-10-06,Pending,Credit Card
3488,340,2024-10-10,Cancelled,Cash on Delivery
3489,161,2025-07-07,Cancelled,Credit Card
3490,748,2026-03-16,Shipped,Debit Card
3491,614,2026-07-20,Cancelled,Net Banking
3492,7,2026-01-26,Completed,Debit Card
3493,1,2025-01-02,Completed,Cash on Delivery
3494,762,2025-11-11,Cancelled,Credit Card
3495,986,2026-08-28,Cancelled,Credit Card
3496,850,2026-03-28,Completed,Cash on Delivery
3497,667,2025-07-22,Pending,UPI
3498,972,2025-07-20,Pending,UPI
3499,514,2024-10-01,Pending,UPI
3500,546,2025-12-05,Shipped,UPI
3501,619,2026-04-21,Shipped,UPI
3502,367,2025-07-16,Pending,Debit Card
3503,463,2025-04-22,Shipped,Credit Card
3504,540,2025-05-26,Pending,Net Banking
3505,121,2025-04-27,Completed,Net Banking
3506,300,2026-01-30,Pending,Cash on Delivery
3507,109,2026-09-02,Pending,UPI
3508,928,2024-11-29,Completed,Cash on Delivery
3509,627,2025-12-23,Shipped,Debit Card
3510,982,2026-07-26,Pending,Net Banking
3511,620,2026-05-07,Shipped,Cash on Delivery
3512,605,2026-03-18,Cancelled,Net Banking
3513,533,2025-12-28,Completed,Cash on Delivery
3514,25,2025-07-21,Cancelled,Net Banking
3515,85,2025-07-10,Pending,Cash on Delivery
3516,406,2025-07-28,Pending,Cash on Delivery
3517,474,2026-07-23,Cancelled,UPI
3518,370,2025-12-04,Pending,Credit Card
3519,659,2025-08-02,Pending,Cash on Delivery
3520,793,2025-05-27,Completed,Credit Card
3521,458,2026-05-15,Pending,UPI
3522,444,2025-03-31,Completed,UPI
3523,866,2026-05-09,Completed,Cash on Delivery
3524,164,2026-04-01,Completed,Net Banking
3525,200,2024-09-28,Pending,Cash on Delivery
3526,139,2026-08-19,Shipped,UPI
3527,653,2025-06-21,Cancelled,Credit Card
3528,353,2024-10-31,Completed,UPI
3529,813,2025-08-22,Pending,Net Banking
3530,871,2025-12-23,Shipped,UPI
3531,631,2026-05-28,Shipped,Debit Card
3532,828,2025-02-02,Pending,Debit Card
3533,38,2025-04-11,Pending,Debit Card
3534,592,2025-10-24,Pending,Debit Card
3535,789,2025-01-22,Cancelled,Net Banking
3536,327,2026-05-24,Shipped,Debit Card
3537,44,2025-09-05,Pending,Credit Card
3538,780,2025-01-28,Shipped,Credit Card
3539,817,2026-02-23,Shipped,Debit Card
3540,668,2026-06-19,Pending,UPI
3541,674,2026-08-14,Cancelled,UPI
3542,1000,2026-05-12,Pending,UPI
3543,497,2025-01-06,Pending,Net Banking
3544,394,2025-09-27,Shipped,Credit Card
3545,20,2026-01-14,Pending,Credit Card
3546,187,2026-06-25,Pending,Cash on Delivery
3547,87,2024-09-10,Completed,UPI
3548,862,2026-03-10,Pending,UPI
3549,856,2026-08-31,Shipped,UPI
3550,641,2025-02-10,Pending,Credit Card
3551,705,2024-10-29,Completed,UPI
3552,247,2025-09-04,Cancelled,Credit Card
3553,117,2026-03-18,Shipped,Debit Card
3554,67,2024-09-07,Shipped,Net Banking
3555,171,2026-06-02,Cancelled,Debit Card
3556,818,2025-08-02,Pending,Net Banking
3557,824,2025-07-10,Completed,Net Banking
3558,878,2024-12-24,Completed,Net Banking
3559,667,2025-06-21,Shipped,Credit Card
3560,671,2025-01-24,Shipped,UPI
3561,135,2026-02-08,Shipped,Debit Card
3562,58,2025-12-04,Completed,Credit Card
3563,360,2024-11-16,Shipped,Cash on Delivery
3564,64,2026-01-04,Pending,Credit Card
3565,643,2025-02-27,Shipped,Credit Card
3566,268,2026-01-14,Pending,Credit Card
3567,605,2024-10-19,Shipped,Net Banking
3568,916,2024-09-14,Pending,Debit Card
3569,418,2026-06-15,Shipped,UPI
3570,886,2024-09-21,Completed,Debit Card
3571,582,2026-07-04,Shipped,Cash on Delivery
3572,531,2026-01-11,Shipped,Debit Card
3573,103,2025-09-05,Pending,Cash on Delivery
3574,2,2026-04-12,Shipped,Credit Card
3575,912,2025-06-20,Pending,Net Banking
3576,289,2025-12-26,Pending,Credit Card
3577,304,2025-08-10,Cancelled,Credit Card
3578,403,2026-07-31,Completed,Credit Card
3579,299,2026-02-07,Pending,Credit Card
3580,113,2025-07-29,Shipped,Net Banking
3581,388,2025-01-22,Shipped,Net Banking
3582,863,2026-05-27,Pending,Cash on Delivery
3583,261,2025-12-05,Shipped,Credit Card
3584,951,2025-05-23,Completed,Credit Card
3585,894,2025-10-12,Pending,Debit Card
3586,745,2025-12-30,Shipped,Net Banking
3587,417,2025-02-03,Completed,Net Banking
3588,802,2026-07-10,Cancelled,Net Banking
3589,763,2026-07-16,Pending,Debit Card
3590,128,2025-07-15,Pending,UPI
3591,805,2025-12-27,Shipped,Net Banking
3592,163,2026-03-21,Pending,Debit Card
3593,700,2026-03-12,Completed,Credit Card
3594,4,2025-10-30,Completed,Debit Card
3595,104,2024-12-03,Completed,UPI
3596,126,2025-08-04,Completed,Debit Card
3597,331,2025-03-23,Pending,Cash on Delivery
3598,864,2025-11-17,Shipped,Net Banking
3599,18,2026-04-30,Completed,Credit Card
3600,850,2025-05-07,Shipped,Net Banking
3601,72,2025-07-21,Completed,Debit Card
3602,916,2026-02-21,Completed,Debit Card
3603,463,2025-01-23,Pending,UPI
3604,977,2026-05-01,Shipped,UPI
3605,810,2025-09-14,Shipped,Net Banking
3606,239,2024-11-27,Pending,Debit Card
3607,91,2026-05-11,Completed,Debit Card
3608,73,2025-03-25,Cancelled,Net Banking
3609,882,2026-07-18,Pending,Net Banking
3610,240,2024-12-28,Shipped,Credit Card
3611,422,2025-05-06,Shipped,UPI
3612,837,2025-03-29,Shipped,Debit Card
3613,570,2026-01-01,Shipped,UPI
3614,321,2026-04-24,Completed,Net Banking
3615,79,2025-12-25,Cancelled,Debit Card
3616,169,2026-07-22,Cancelled,Cash on Delivery
3617,815,2026-03-26,Cancelled,Net Banking
3618,489,2024-10-28,Shipped,Credit Card
3619,871,2025-05-01,Pending,Cash on Delivery
3620,461,2026-01-13,Shipped,Debit Card
3621,403,2025-01-24,Pending,Credit Card
3622,257,2025-10-18,Completed,Net Banking
3623,191,2025-09-20,Cancelled,UPI
3624,178,2025-01-01,Pending,Debit Card
3625,771,2024-12-10,Completed,Debit Card
3626,990,2026-08-08,Shipped,UPI
3627,769,2024-11-03,Pending,Debit Card
3628,466,2025-03-05,Shipped,Credit Card
3629,546,2026-03-14,Pending,Cash on Delivery
3630,788,2025-03-26,Pending,Cash on Delivery
3631,86,2025-12-10,Completed,Credit Card
3632,52,2026-08-20,Cancelled,Net Banking
3633,510,2025-10-06,Shipped,Credit Card
3634,103,2025-08-06,Pending,Credit Card
3635,546,2025-05-08,Cancelled,UPI
3636,312,2026-04-28,Completed,Credit Card
3637,51,2025-03-03,Pending,Credit Card
3638,229,2025-03-07,Cancelled,Net Banking
3639,471,2024-09-15,Completed,Debit Card
3640,35,2026-07-09,Completed,Debit Card
3641,902,2025-08-04,Cancelled,Cash on Delivery
3642,836,2026-01-12,Completed,Debit Card
3643,455,2024-09-28,Pending,Net Banking
3644,772,2025-04-07,Pending,Net Banking
3645,436,2025-04-15,Completed,Net Banking
3646,420,2026-07-09,Cancelled,Net Banking
3647,784,2024-12-08,Pending,Debit Card
3648,497,2025-01-25,Pending,Credit Card
3649,170,2026-01-02,Pending,Cash on Delivery
3650,804,2025-09-11,Shipped,Cash on Delivery
3651,945,2026-02-19,Cancelled,Credit Card
3652,696,2024-11-17,Shipped,UPI
3653,934,2026-08-14,Completed,Debit Card
3654,361,2026-08-31,Pending,Debit Card
3655,564,2026-08-17,Completed,UPI
3656,404,2025-02-28,Cancelled,Cash on Delivery
3657,268,2025-10-15,Completed,Cash on Delivery
3658,985,2025-10-23,Pending,Credit Card
3659,486,2026-04-17,Pending,Credit Card
3660,85,2024-11-03,Completed,Net Banking
3661,456,2025-02-07,Cancelled,UPI
3662,408,2024-09-03,Cancelled,Debit Card
3663,125,2024-09-27,Completed,Net Banking
3664,558,2025-02-16,Pending,Net Banking
3665,900,2025-07-21,Pending,Net Banking
3666,538,2025-04-08,Cancelled,Debit Card
3667,731,2025-11-21,Pending,Cash on Delivery
3668,81,2025-12-17,Cancelled,Cash on Delivery
3669,46,2026-04-08,Shipped,Net Banking
3670,254,2025-11-28,Cancelled,Cash on Delivery
3671,850,2026-04-30,Completed,Debit Card
3672,724,2025-04-03,Cancelled,Net Banking
3673,773,2026-05-29,Cancelled,Debit Card
3674,369,2026-01-17,Pending,Net Banking
3675,94,2025-04-18,Completed,Net Banking
3676,38,2025-12-22,Shipped,Net Banking
3677,881,2024-10-19,Completed,Debit Card
3678,599,2024-09-14,Pending,Net Banking
3679,316,2026-05-01,Cancelled,Net Banking
3680,357,2026-02-28,Shipped,Net Banking
3681,614,2024-09-02,Completed,Debit Card
3682,218,2024-11-28,Cancelled,UPI
3683,901,2025-11-05,Shipped,Credit Card
3684,784,2024-09-30,Shipped,Debit Card
3685,966,2024-09-08,Cancelled,Net Banking
3686,730,2024-10-04,Cancelled,UPI
3687,896,2026-08-09,Pending,Debit Card
3688,106,2024-12-25,Shipped,Debit Card
3689,71,2026-08-06,Pending,Debit Card
3690,537,2025-10-21,Pending,Debit Card
3691,501,2025-05-24,Shipped,Cash on Delivery
3692,159,2025-10-17,Pending,Net Banking
3693,934,2025-08-03,Completed,Net Banking
3694,543,2025-07-28,Pending,Credit Card
3695,938,2024-10-08,Shipped,UPI
3696,212,2026-02-16,Cancelled,Credit Card
3697,513,2025-05-22,Pending,Net Banking
3698,837,2024-12-17,Pending,UPI
3699,814,2026-04-04,Shipped,Net Banking
3700,872,2025-05-14,Shipped,Cash on Delivery
3701,376,2025-03-03,Cancelled,Debit Card
3702,60,2025-12-02,Cancelled,Cash on Delivery
3703,602,2024-11-01,Cancelled,Cash on Delivery
3704,136,2024-10-06,Pending,Cash on Delivery
3705,249,2024-11-08,Pending,Debit Card
3706,662,2025-05-11,Completed,UPI
3707,864,2026-06-20,Pending,UPI
3708,195,2025-10-25,Completed,Cash on Delivery
3709,445,2025-11-20,Cancelled,Debit Card
3710,224,2025-05-02,Completed,Credit Card
3711,677,2026-02-22,Completed,Debit Card
3712,72,2026-08-31,Cancelled,Credit Card
3713,841,2025-01-31,Completed,Cash on Delivery
3714,256,2026-08-16,Cancelled,Cash on Delivery
3715,462,2024-10-01,Cancelled,Credit Card
3716,618,2024-09-08,Pending,Cash on Delivery
3717,491,2025-11-06,Pending,Credit Card
3718,150,2025-04-26,Completed,UPI
3719,849,2024-11-01,Pending,Cash on Delivery
3720,169,2026-03-13,Shipped,Credit Card
3721,274,2026-03-30,Completed,Net Banking
3722,24,2025-07-27,Pending,Net Banking
3723,386,2026-05-14,Completed,Cash on Delivery
3724,264,2024-12-02,Pending,Cash on Delivery
3725,842,2026-07-23,Completed,Cash on Delivery
3726,670,2025-11-26,Pending,Net Banking
3727,296,2025-05-18,Pending,Credit Card
3728,167,2026-07-28,Pending,Cash on Delivery
3729,542,2025-06-20,Shipped,Credit Card
3730,196,2025-03-13,Shipped,Debit Card
3731,121,2025-12-31,Pending,Credit Card
3732,155,2026-07-18,Shipped,Cash on Delivery
3733,897,2025-06-30,Pending,Debit Card
3734,284,2026-01-08,Pending,Debit Card
3735,422,2025-07-16,Cancelled,Credit Card
3736,873,2025-02-01,Cancelled,Credit Card
3737,122,2026-04-08,Shipped,Credit Card
3738,997,2026-03-28,Pending,Debit Card
3739,81,2026-05-09,Completed,Debit Card
3740,940,2025-10-21,Shipped,Debit Card
3741,803,2025-09-19,Shipped,Net Banking
3742,255,2025-04-19,Shipped,Net Banking
3743,727,2025-01-23,Shipped,Cash on Delivery
3744,676,2026-03-14,Shipped,UPI
3745,989,2025-07-06,Completed,Net Banking
3746,148,2025-03-01,Shipped,Credit Card
3747,606,2024-12-06,Shipped,Cash on Delivery
3748,675,2025-07-30,Cancelled,Net Banking
3749,990,2025-11-14,Shipped,Net Banking
3750,578,2026-04-29,Completed,UPI
3751,482,2025-10-29,Cancelled,Credit Card
3752,541,2026-04-14,Shipped,Net Banking
3753,197,2024-11-03,Completed,Net Banking
3754,970,2026-03-13,Completed,Net Banking
3755,294,2024-09-11,Shipped,Debit Card
3756,932,2026-02-09,Shipped,UPI
3757,697,2024-10-02,Cancelled,UPI
3758,788,2024-10-25,Completed,Debit Card
3759,627,2025-12-04,Shipped,UPI
3760,750,2025-07-23,Completed,UPI
3761,753,2026-08-02,Completed,Cash on Delivery
3762,143,2024-11-08,Shipped,UPI
3763,262,2026-04-28,Cancelled,Debit Card
3764,807,2024-11-08,Pending,Net Banking
3765,841,2025-05-11,Pending,Cash on Delivery
3766,18,2024-09-28,Cancelled,Net Banking
3767,916,2026-06-09,Completed,Credit Card
3768,116,2024-12-06,Pending,UPI
3769,958,2026-03-22,Completed,Net Banking
3770,492,2024-12-05,Completed,UPI
3771,421,2025-05-08,Completed,Cash on Delivery
3772,601,2025-07-28,Shipped,UPI
3773,371,2026-04-13,Cancelled,Credit Card
3774,252,2024-09-21,Cancelled,Debit Card
3775,449,2026-08-12,Pending,Debit Card
3776,487,2025-04-06,Completed,Net Banking
3777,176,2026-02-20,Cancelled,Credit Card
3778,32,2026-07-22,Cancelled,Cash on Delivery
3779,231,2025-02-19,Pending,Cash on Delivery
3780,535,2026-06-11,Pending,Debit Card
3781,836,2025-01-08,Completed,Net Banking
3782,858,2025-08-05,Cancelled,Credit Card
3783,995,2024-09-03,Shipped,Credit Card
3784,831,2025-11-16,Pending,Credit Card
3785,61,2025-10-28,Pending,Net Banking
3786,38,2025-12-26,Completed,Cash on Delivery
3787,38,2025-02-06,Cancelled,Cash on Delivery
3788,65,2025-02-02,Completed,UPI
3789,408,2026-08-21,Cancelled,Debit Card
3790,703,2025-01-02,Cancelled,Cash on Delivery
3791,58,2026-03-09,Pending,Debit Card
3792,395,2025-10-09,Completed,Debit Card
3793,766,2024-12-12,Cancelled,UPI
3794,54,2025-08-26,Cancelled,UPI
3795,103,2026-08-11,Cancelled,Debit Card
3796,204,2025-11-19,Completed,UPI
3797,921,2025-07-19,Cancelled,UPI
3798,894,2026-03-05,Cancelled,Debit Card
3799,312,2025-09-20,Shipped,Net Banking
3800,907,2026-04-17,Cancelled,Debit Card
3801,373,2024-10-08,Pending,UPI
3802,739,2025-04-29,Completed,Credit Card
3803,765,2025-12-14,Shipped,Net Banking
3804,310,2025-09-28,Pending,Debit Card
3805,770,2025-05-26,Pending,Debit Card
3806,733,2026-05-22,Pending,Net Banking
3807,301,2025-02-01,Pending,Debit Card
3808,624,2024-12-28,Completed,Net Banking
3809,137,2025-12-21,Shipped,Net Banking
3810,951,2026-01-23,Cancelled,Credit Card
3811,269,2026-01-17,Pending,Debit Card
3812,248,2026-01-21,Shipped,Credit Card
3813,240,2026-01-27,Cancelled,UPI
3814,340,2025-06-24,Shipped,Debit Card
3815,528,2024-11-11,Completed,Net Banking
3816,602,2026-07-22,Completed,Net Banking
3817,549,2025-06-08,Shipped,Cash on Delivery
3818,813,2026-06-28,Completed,Cash on Delivery
3819,264,2025-07-21,Completed,Net Banking
3820,438,2025-04-04,Completed,Net Banking
3821,532,2024-10-02,Shipped,Cash on Delivery
3822,91,2025-05-29,Shipped,Cash on Delivery
3823,790,2024-09-16,Pending,Debit Card
3824,249,2026-07-13,Cancelled,UPI
3825,979,2025-01-28,Shipped,Cash on Delivery
3826,10,2026-08-12,Cancelled,UPI
3827,465,2025-04-16,Cancelled,Debit Card
3828,38,2025-11-09,Completed,Cash on Delivery
3829,855,2026-01-11,Cancelled,Net Banking
3830,887,2025-11-13,Completed,UPI
3831,164,2025-05-22,Completed,UPI
3832,632,2025-03-16,Completed,UPI
3833,714,2024-10-31,Pending,UPI
3834,754,2026-01-30,Cancelled,Credit Card
3835,931,2026-06-02,Pending,Debit Card
3836,194,2026-05-30,Cancelled,UPI
3837,315,2025-12-12,Completed,Net Banking
3838,265,2025-08-31,Pending,Debit Card
3839,831,2025-07-14,Shipped,Credit Card
3840,68,2025-08-04,Shipped,UPI
3841,632,2024-09-20,Shipped,Cash on Delivery
3842,877,2026-04-27,Pending,Credit Card
3843,169,2026-02-01,Pending,Cash on Delivery
3844,739,2025-07-28,Cancelled,Credit Card
3845,291,2025-03-30,Cancelled,Cash on Delivery
3846,838,2026-01-20,Shipped,Credit Card
3847,575,2026-05-13,Completed,Credit Card
3848,487,2025-01-07,Shipped,Cash on Delivery
3849,127,2025-01-01,Cancelled,Cash on Delivery
3850,626,2026-03-24,Shipped,Debit Card
3851,153,2025-11-02,Pending,Debit Card
3852,292,2025-03-20,Completed,Cash on Delivery
3853,680,2024-11-17,Completed,Cash on Delivery
3854,769,2025-01-25,Shipped,Debit Card
3855,352,2025-06-20,Shipped,Net Banking
3856,769,2025-06-24,Pending,Cash on Delivery
3857,223,2025-12-23,Pending,Debit Card
3858,129,2025-09-17,Shipped,Credit Card
3859,472,2024-11-15,Shipped,Net Banking
3860,66,2026-02-13,Cancelled,Credit Card
3861,944,2025-02-05,Pending,Credit Card
3862,473,2026-04-11,Shipped,Cash on Delivery
3863,702,2024-12-14,Shipped,Cash on Delivery
3864,154,2025-02-21,Cancelled,Debit Card
3865,304,2025-03-10,Pending,UPI
3866,465,2025-05-30,Pending,Debit Card
3867,526,2026-07-15,Pending,Cash on Delivery
3868,834,2026-06-01,Pending,Debit Card
3869,460,2026-08-14,Completed,Net Banking
3870,528,2024-12-05,Pending,Credit Card
3871,434,2025-03-18,Cancelled,Net Banking
3872,345,2025-10-24,Cancelled,Net Banking
3873,107,2024-09-14,Pending,Credit Card
3874,169,2026-02-25,Cancelled,UPI
3875,57,2026-03-18,Pending,Debit Card
3876,305,2025-11-17,Cancelled,Debit Card
3877,265,2025-05-20,Shipped,Debit Card
3878,603,2025-01-06,Cancelled,Cash on Delivery
3879,208,2025-01-31,Completed,Credit Card
3880,630,2026-04-23,Cancelled,Net Banking
3881,218,2026-04-29,Pending,UPI
3882,608,2024-11-08,Cancelled,Cash on Delivery
3883,447,2025-01-06,Completed,UPI
3884,435,2024-09-08,Shipped,UPI
3885,115,2026-06-01,Shipped,UPI
3886,240,2025-08-03,Completed,UPI
3887,692,2024-09-27,Completed,Debit Card
3888,477,2025-05-10,Shipped,Cash on Delivery
3889,840,2025-02-09,Cancelled,Cash on Delivery
3890,414,2026-07-23,Cancelled,Net Banking
3891,982,2025-12-22,Completed,Credit Card
3892,913,2025-03-13,Completed,Net Banking
3893,840,2025-08-03,Pending,UPI
3894,314,2025-04-03,Pending,Net Banking
3895,863,2025-03-09,Completed,UPI
3896,185,2025-12-02,Cancelled,Debit Card
3897,122,2025-06-29,Completed,Credit Card
3898,427,2025-06-12,Cancelled,Cash on Delivery
3899,12,2025-08-22,Completed,UPI
3900,604,2024-09-14,Pending,Cash on Delivery
3901,9,2025-10-10,Pending,Credit Card
3902,367,2025-02-11,Completed,Net Banking
3903,337,2025-07-18,Cancelled,Net Banking
3904,417,2026-08-16,Shipped,Credit Card
3905,696,2025-05-06,Completed,Debit Card
3906,814,2026-04-15,Pending,Cash on Delivery
3907,117,2026-04-18,Completed,UPI
3908,315,2024-12-12,Cancelled,Credit Card
3909,462,2025-01-11,Completed,Debit Card
3910,273,2026-03-10,Cancelled,Credit Card
3911,601,2025-12-16,Cancelled,Debit Card
3912,593,2026-01-22,Completed,Cash on Delivery
3913,570,2024-12-07,Pending,UPI
3914,601,2025-11-11,Cancelled,Debit Card
3915,502,2026-01-07,Cancelled,UPI
3916,171,2025-08-14,Completed,UPI
3917,847,2025-07-19,Completed,Credit Card
3918,864,2025-10-01,Shipped,UPI
3919,91,2024-12-29,Cancelled,Debit Card
3920,717,2026-01-04,Pending,Cash on Delivery
3921,680,2026-04-25,Shipped,Net Banking
3922,755,2024-10-06,Cancelled,Cash on Delivery
3923,450,2025-06-01,Completed,Credit Card
3924,100,2026-06-05,Cancelled,Credit Card
3925,631,2026-05-23,Completed,UPI
3926,186,2026-01-16,Pending,Credit Card
3927,704,2026-06-23,Pending,Credit Card
3928,426,2026-01-22,Cancelled,Credit Card
3929,970,2025-05-08,Completed,Debit Card
3930,399,2025-04-29,Cancelled,UPI
3931,401,2026-01-19,Pending,UPI
3932,404,2025-08-06,Pending,UPI
3933,415,2025-05-02,Shipped,Net Banking
3934,417,2025-05-23,Completed,Credit Card
3935,187,2026-08-02,Completed,Cash on Delivery
3936,103,2025-09-10,Shipped,Credit Card
3937,212,2024-09-22,Pending,Cash on Delivery
3938,186,2025-11-25,Shipped,Debit Card
3939,508,2025-12-07,Cancelled,Debit Card
3940,532,2025-12-03,Pending,UPI
3941,643,2025-12-09,Completed,Debit Card
3942,975,2025-12-22,Completed,UPI
3943,472,2024-12-09,Pending,Cash on Delivery
3944,577,2025-11-14,Cancelled,Debit Card
3945,840,2025-11-03,Completed,Debit Card
3946,539,2026-04-22,Cancelled,Debit Card
3947,58,2026-08-09,Pending,UPI
3948,822,2026-05-17,Shipped,UPI
3949,642,2025-11-19,Completed,UPI
3950,862,2024-09-30,Cancelled,Debit Card
3951,990,2025-06-18,Completed,Credit Card
3952,451,2026-04-06,Shipped,UPI
3953,214,2025-08-02,Cancelled,Debit Card
3954,767,2026-01-20,Cancelled,Cash on Delivery
3955,370,2025-08-02,Completed,Debit Card
3956,59,2025-06-10,Completed,Net Banking
3957,591,2024-10-03,Cancelled,UPI
3958,861,2025-04-08,Cancelled,Credit Card
3959,998,2024-10-25,Shipped,Net Banking
3960,276,2026-02-03,Cancelled,Debit Card
3961,499,2026-07-25,Shipped,Cash on Delivery
3962,217,2025-05-06,Shipped,UPI
3963,260,2025-11-28,Pending,UPI
3964,781,2026-03-03,Shipped,Debit Card
3965,483,2025-01-18,Completed,Cash on Delivery
3966,329,2024-11-10,Pending,Credit Card
3967,295,2024-11-28,Pending,Debit Card
3968,761,2024-09-09,Shipped,Debit Card
3969,171,2025-03-29,Pending,Net Banking
3970,720,2024-11-09,Shipped,Credit Card
3971,82,2026-05-23,Shipped,Cash on Delivery
3972,332,2026-01-08,Cancelled,UPI
3973,723,2026-06-22,Shipped,Cash on Delivery
3974,197,2025-12-12,Shipped,Debit Card
3975,109,2025-02-15,Pending,Debit Card
3976,457,2024-10-03,Cancelled,Debit Card
3977,671,2026-07-05,Shipped,Credit Card
3978,346,2026-08-29,Cancelled,Credit Card
3979,729,2026-04-23,Shipped,Cash on Delivery
3980,708,2026-07-06,Completed,Debit Card
3981,210,2025-02-25,Cancelled,Debit Card
3982,267,2024-11-12,Pending,Net Banking
3983,701,2025-07-15,Shipped,Credit Card
3984,886,2026-02-02,Pending,Cash on Delivery
3985,161,2025-10-24,Cancelled,Cash on Delivery
3986,121,2026-03-10,Cancelled,Debit Card
3987,481,2024-11-02,Completed,UPI
3988,747,2025-01-07,Completed,Cash on Delivery
3989,840,2024-10-24,Pending,Cash on Delivery
3990,505,2024-10-24,Shipped,UPI
3991,986,2025-04-14,Cancelled,UPI
3992,589,2025-02-22,Shipped,Net Banking
3993,832,2026-02-28,Pending,Cash on Delivery
3994,696,2026-06-21,Shipped,Cash on Delivery
3995,725,2025-12-07,Shipped,Cash on Delivery
3996,733,2026-05-28,Pending,UPI
3997,394,2025-02-05,Cancelled,Credit Card
3998,250,2024-09-15,Cancelled,Credit Card
3999,376,2025-10-24,Pending,Debit Card
4000,876,2025-04-19,Completed,Debit Card
4001,495,2026-07-09,Completed,Credit Card
4002,131,2024-09-09,Completed,UPI
4003,625,2025-04-23,Pending,Credit Card
4004,654,2024-09-18,Shipped,Debit Card
4005,643,2025-10-19,Shipped,Net Banking
4006,186,2025-04-14,Completed,Credit Card
4007,481,2026-06-06,Shipped,Net Banking
4008,407,2025-02-26,Completed,Cash on Delivery
4009,520,2024-10-12,Cancelled,Net Banking
4010,349,2025-10-19,Shipped,Debit Card
4011,527,2026-07-09,Pending,Cash on Delivery
4012,247,2025-05-22,Completed,Net Banking
4013,723,2025-08-19,Cancelled,Debit Card
4014,976,2025-06-21,Shipped,UPI
4015,671,2026-07-29,Shipped,UPI
4016,928,2024-10-04,Completed,Net Banking
4017,869,2024-10-05,Pending,Debit Card
4018,249,2025-11-29,Completed,Credit Card
4019,630,2026-09-02,Pending,Credit Card
4020,577,2025-04-09,Pending,Net Banking
4021,498,2026-07-07,Cancelled,Cash on Delivery
4022,211,2024-09-09,Cancelled,Net Banking
4023,907,2025-04-29,Completed,Debit Card
4024,740,2026-01-14,Pending,Net Banking
4025,822,2025-04-16,Completed,Cash on Delivery
4026,381,2024-12-02,Cancelled,Cash on Delivery
4027,677,2024-09-02,Shipped,Debit Card
4028,698,2024-12-17,Completed,Net Banking
4029,533,2025-02-27,Pending,UPI
4030,453,2026-08-03,Shipped,Debit Card
4031,19,2026-01-12,Pending,UPI
4032,591,2025-04-11,Cancelled,Credit Card
4033,398,2024-11-27,Pending,Net Banking
4034,798,2026-07-15,Shipped,Debit Card
4035,295,2025-01-27,Completed,Cash on Delivery
4036,66,2024-10-18,Pending,Debit Card
4037,993,2025-11-02,Completed,Cash on Delivery
4038,755,2026-08-21,Pending,Debit Card
4039,25,2024-12-25,Completed,Net Banking
4040,899,2025-07-25,Shipped,Cash on Delivery
4041,731,2025-04-17,Cancelled,Credit Card
4042,281,2024-12-08,Pending,Debit Card
4043,691,2025-06-23,Shipped,Credit Card
4044,459,2025-01-11,Completed,Debit Card
4045,565,2024-09-25,Cancelled,Debit Card
4046,302,2025-06-28,Pending,Debit Card
4047,483,2026-04-05,Completed,Credit Card
4048,331,2024-09-22,Completed,UPI
4049,326,2025-05-24,Shipped,Cash on Delivery
4050,8,2024-10-30,Pending,Cash on Delivery
4051,856,2024-10-17,Cancelled,UPI
4052,885,2025-08-06,Cancelled,Credit Card
4053,163,2025-03-15,Pending,UPI
4054,147,2026-03-24,Completed,Net Banking
4055,592,2026-07-15,Pending,Cash on Delivery
4056,491,2025-11-09,Pending,Cash on Delivery
4057,609,2024-12-03,Cancelled,Cash on Delivery
4058,823,2026-08-17,Shipped,Cash on Delivery
4059,357,2026-01-18,Shipped,Cash on Delivery
4060,879,2026-04-19,Shipped,Net Banking
4061,716,2026-08-06,Completed,Cash on Delivery
4062,979,2026-03-01,Pending,Credit Card
4063,499,2026-08-16,Shipped,UPI
4064,783,2024-11-14,Completed,Cash on Delivery
4065,947,2026-04-25,Shipped,Cash on Delivery
4066,904,2025-12-30,Shipped,Debit Card
4067,201,2025-09-02,Cancelled,Net Banking
4068,856,2026-05-05,Shipped,Cash on Delivery
4069,705,2024-12-23,Pending,Net Banking
4070,514,2025-07-28,Pending,Cash on Delivery
4071,192,2025-08-22,Shipped,Cash on Delivery
4072,669,2025-12-07,Completed,Net Banking
4073,982,2026-01-20,Completed,Credit Card
4074,389,2026-03-08,Cancelled,Cash on Delivery
4075,611,2025-12-13,Pending,Credit Card
4076,305,2025-07-29,Pending,UPI
4077,998,2024-09-19,Pending,Credit Card
4078,268,2026-04-19,Cancelled,Debit Card
4079,503,2025-08-03,Cancelled,Debit Card
4080,714,2024-11-25,Completed,Credit Card
4081,873,2025-04-30,Cancelled,Credit Card
4082,473,2025-01-11,Pending,Cash on Delivery
4083,498,2026-03-26,Completed,UPI
4084,862,2024-11-03,Cancelled,Cash on Delivery
4085,519,2025-04-11,Cancelled,Cash on Delivery
4086,900,2025-10-10,Shipped,Debit Card
4087,106,2024-11-11,Pending,Debit Card
4088,337,2026-03-22,Shipped,Debit Card
4089,561,2025-08-12,Completed,Net Banking
4090,423,2026-05-19,Cancelled,UPI
4091,864,2026-02-03,Pending,Credit Card
4092,590,2025-10-09,Completed,Cash on Delivery
4093,489,2025-07-17,Cancelled,UPI
4094,352,2025-10-01,Completed,UPI
4095,5,2024-12-02,Shipped,Debit Card
4096,155,2024-09-12,Shipped,UPI
4097,668,2025-09-10,Cancelled,Credit Card
4098,591,2025-05-19,Completed,Credit Card
4099,744,2024-10-16,Pending,Credit Card
4100,700,2026-02-16,Pending,Debit Card
4101,412,2026-07-29,Shipped,UPI
4102,645,2025-10-05,Cancelled,UPI
4103,689,2026-08-29,Cancelled,Net Banking
4104,493,2024-11-07,Completed,UPI
4105,963,2025-10-21,Shipped,Credit Card
4106,891,2024-12-15,Pending,Credit Card
4107,302,2025-09-24,Cancelled,Net Banking
4108,613,2025-06-18,Shipped,UPI
4109,976,2025-11-19,Pending,Net Banking
4110,4,2026-06-01,Completed,Debit Card
4111,959,2024-11-13,Cancelled,Debit Card
4112,728,2026-04-05,Shipped,Cash on Delivery
4113,607,2025-09-19,Completed,Cash on Delivery
4114,250,2026-02-15,Pending,Credit Card
4115,990,2025-05-22,Cancelled,Debit Card
4116,410,2025-11-12,Pending,Cash on Delivery
4117,717,2025-01-28,Cancelled,Cash on Delivery
4118,752,2025-05-21,Cancelled,Debit Card
4119,195,2025-09-28,Completed,Cash on Delivery
4120,212,2024-09-25,Cancelled,UPI
4121,302,2024-11-05,Pending,UPI
4122,645,2024-12-24,Pending,Net Banking
4123,788,2025-09-13,Shipped,Cash on Delivery
4124,902,2026-01-08,Pending,Net Banking
4125,697,2025-05-06,Shipped,Net Banking
4126,451,2025-10-18,Pending,UPI
4127,320,2026-04-09,Shipped,Debit Card
4128,360,2024-12-28,Shipped,Cash on Delivery
4129,567,2024-10-31,Completed,UPI
4130,269,2024-11-25,Pending,Credit Card
4131,503,2025-07-01,Completed,Credit Card
4132,333,2025-01-24,Pending,UPI
4133,646,2025-12-16,Completed,Cash on Delivery
4134,193,2025-07-16,Pending,Credit Card
4135,929,2024-10-17,Completed,Net Banking
4136,552,2024-09-24,Shipped,Cash on Delivery
4137,789,2025-01-27,Completed,Credit Card
4138,1,2026-05-03,Completed,Debit Card
4139,966,2025-08-28,Pending,Debit Card
4140,944,2025-07-17,Shipped,Cash on Delivery
4141,59,2025-12-10,Shipped,Net Banking
4142,739,2025-09-08,Shipped,Cash on Delivery
4143,263,2026-06-30,Pending,Net Banking
4144,229,2024-10-27,Cancelled,Debit Card
4145,143,2025-05-13,Shipped,Debit Card
4146,469,2025-03-01,Shipped,Net Banking
4147,94,2026-04-20,Shipped,Credit Card
4148,542,2025-08-18,Pending,Cash on Delivery
4149,34,2026-01-12,Cancelled,Credit Card
4150,553,2025-12-15,Shipped,Debit Card
4151,258,2024-11-12,Shipped,Credit Card
4152,402,2026-08-15,Cancelled,Net Banking
4153,354,2025-03-09,Cancelled,Debit Card
4154,435,2026-07-17,Pending,UPI
4155,429,2024-09-20,Shipped,Net Banking
4156,481,2024-10-24,Cancelled,Credit Card
4157,551,2026-08-11,Pending,Cash on Delivery
4158,933,2025-12-11,Pending,UPI
4159,984,2025-05-16,Cancelled,Credit Card
4160,192,2026-03-07,Completed,Net Banking
4161,530,2026-07-28,Shipped,Debit Card
4162,911,2025-08-14,Shipped,Credit Card
4163,303,2025-07-26,Shipped,UPI
4164,496,2025-07-03,Shipped,UPI
4165,679,2025-04-20,Completed,Debit Card
4166,382,2025-07-16,Completed,Net Banking
4167,585,2026-08-28,Shipped,Cash on Delivery
4168,346,2025-03-07,Cancelled,Cash on Delivery
4169,109,2024-11-20,Cancelled,UPI
4170,42,2026-02-01,Shipped,Cash on Delivery
4171,184,2025-02-20,Completed,Net Banking
4172,459,2025-05-31,Cancelled,Debit Card
4173,573,2026-06-01,Pending,Net Banking
4174,293,2026-07-09,Shipped,UPI
4175,274,2025-05-10,Completed,Credit Card
4176,321,2025-09-16,Completed,UPI
4177,653,2024-12-24,Completed,Net Banking
4178,203,2025-03-04,Shipped,UPI
4179,884,2025-05-30,Pending,Credit Card
4180,69,2026-01-26,Pending,UPI
4181,541,2025-01-10,Pending,Credit Card
4182,503,2024-09-22,Cancelled,Debit Card
4183,398,2026-02-12,Pending,Cash on Delivery
4184,83,2025-12-01,Pending,Debit Card
4185,146,2024-10-11,Cancelled,Credit Card
4186,739,2026-08-09,Cancelled,Credit Card
4187,914,2026-03-15,Completed,Net Banking
4188,456,2025-01-15,Cancelled,UPI
4189,384,2026-07-12,Completed,Debit Card
4190,633,2026-05-14,Cancelled,UPI
4191,657,2026-08-06,Completed,Net Banking
4192,160,2026-05-17,Completed,Credit Card
4193,265,2024-12-09,Shipped,Credit Card
4194,315,2025-10-01,Cancelled,UPI
4195,53,2026-03-01,Pending,Cash on Delivery
4196,834,2026-05-27,Completed,Debit Card
4197,414,2025-03-04,Shipped,UPI
4198,567,2025-03-12,Cancelled,Cash on Delivery
4199,522,2024-12-26,Shipped,UPI
4200,580,2024-10-20,Completed,Cash on Delivery
4201,339,2026-02-19,Shipped,UPI
4202,413,2025-09-17,Pending,UPI
4203,473,2024-12-23,Completed,Credit Card
4204,98,2025-12-14,Cancelled,Net Banking
4205,662,2025-09-18,Pending,Cash on Delivery
4206,859,2024-12-31,Cancelled,UPI
4207,411,2026-06-05,Shipped,UPI
4208,366,2026-06-12,Completed,Credit Card
4209,657,2025-07-07,Completed,Credit Card
4210,896,2025-05-07,Cancelled,Net Banking
4211,520,2026-01-28,Completed,UPI
4212,864,2024-10-11,Cancelled,UPI
4213,395,2026-04-29,Cancelled,UPI
4214,333,2026-02-19,Shipped,Cash on Delivery
4215,152,2025-06-22,Cancelled,Credit Card
4216,615,2026-07-26,Shipped,Credit Card
4217,323,2026-03-20,Completed,Debit Card
4218,39,2025-02-16,Completed,UPI
4219,463,2025-04-12,Shipped,UPI
4220,339,2025-11-22,Cancelled,UPI
4221,505,2026-02-16,Pending,Cash on Delivery
4222,936,2026-01-13,Pending,Debit Card
4223,683,2024-09-22,Completed,Cash on Delivery
4224,35,2025-07-06,Pending,Debit Card
4225,601,2025-06-29,Shipped,Debit Card
4226,170,2026-02-12,Completed,Credit Card
4227,664,2026-08-23,Completed,UPI
4228,768,2026-08-08,Shipped,Debit Card
4229,591,2025-03-04,Completed,Credit Card
4230,488,2024-09-24,Completed,UPI
4231,996,2024-10-08,Completed,Cash on Delivery
4232,421,2024-12-19,Completed,Cash on Delivery
4233,100,2025-06-05,Pending,Debit Card
4234,617,2026-06-27,Pending,Net Banking
4235,40,2025-03-23,Completed,UPI
4236,224,2026-01-13,Shipped,UPI
4237,87,2026-05-13,Completed,Cash on Delivery
4238,925,2024-09-30,Completed,Cash on Delivery
4239,179,2024-10-02,Completed,Net Banking
4240,635,2026-05-31,Completed,UPI
4241,503,2025-09-14,Completed,UPI
4242,877,2026-07-18,Shipped,Credit Card
4243,535,2026-04-04,Pending,UPI
4244,561,2025-02-20,Shipped,Debit Card
4245,397,2025-02-26,Cancelled,Net Banking
4246,30,2024-09-08,Pending,Net Banking
4247,65,2026-08-28,Completed,UPI
4248,779,2026-04-18,Completed,Credit Card
4249,741,2026-04-15,Completed,Net Banking
4250,701,2025-10-02,Shipped,Credit Card
4251,33,2025-08-10,Cancelled,Debit Card
4252,520,2025-11-08,Pending,Net Banking
4253,287,2026-06-22,Pending,Credit Card
4254,780,2025-02-10,Shipped,Net Banking
4255,639,2025-04-13,Shipped,Credit Card
4256,864,2025-03-18,Completed,Credit Card
4257,971,2024-10-27,Cancelled,Credit Card
4258,37,2026-03-25,Shipped,Cash on Delivery
4259,266,2025-09-27,Cancelled,Credit Card
4260,291,2025-08-15,Shipped,Net Banking
4261,837,2026-07-22,Shipped,Net Banking
4262,831,2025-07-17,Pending,Credit Card
4263,544,2025-10-08,Cancelled,Cash on Delivery
4264,197,2025-06-21,Completed,UPI
4265,425,2026-05-19,Pending,Cash on Delivery
4266,384,2026-04-01,Pending,Debit Card
4267,13,2026-05-06,Cancelled,Credit Card
4268,396,2026-03-21,Completed,Net Banking
4269,634,2025-01-13,Shipped,Net Banking
4270,58,2025-06-17,Cancelled,Debit Card
4271,706,2026-04-16,Completed,Debit Card
4272,783,2025-02-19,Pending,Credit Card
4273,341,2026-09-02,Completed,Net Banking
4274,681,2024-11-05,Cancelled,Cash on Delivery
4275,92,2025-02-14,Cancelled,UPI
4276,752,2024-10-25,Pending,Cash on Delivery
4277,615,2026-08-21,Cancelled,Cash on Delivery
4278,254,2025-07-21,Completed,Net Banking
4279,490,2025-03-17,Cancelled,Net Banking
4280,296,2024-09-29,Cancelled,UPI
4281,752,2025-12-29,Cancelled,Debit Card
4282,27,2026-07-03,Pending,UPI
4283,613,2025-03-12,Shipped,Debit Card
4284,535,2024-12-13,Cancelled,Credit Card
4285,448,2026-06-02,Shipped,Debit Card
4286,962,2026-09-02,Completed,UPI
4287,95,2025-03-16,Pending,Net Banking
4288,521,2024-12-24,Shipped,Debit Card
4289,363,2026-03-25,Cancelled,Net Banking
4290,671,2026-06-20,Cancelled,Net Banking
4291,971,2024-12-12,Shipped,Net Banking
4292,798,2024-11-27,Pending,UPI
4293,482,2025-06-14,Cancelled,Debit Card
4294,955,2024-12-01,Shipped,Net Banking
4295,368,2025-03-03,Pending,Net Banking
4296,825,2026-01-27,Cancelled,Net Banking
4297,30,2025-12-09,Pending,Cash on Delivery
4298,923,2026-07-29,Cancelled,UPI
4299,739,2025-06-06,Pending,UPI
4300,831,2026-01-31,Shipped,UPI
4301,614,2025-01-30,Cancelled,Cash on Delivery
4302,641,2025-09-29,Cancelled,Net Banking
4303,353,2025-10-02,Completed,Debit Card
4304,756,2026-06-05,Completed,UPI
4305,647,2024-10-04,Completed,Credit Card
4306,954,2025-12-08,Cancelled,UPI
4307,92,2026-03-21,Completed,Net Banking
4308,855,2024-10-31,Pending,UPI
4309,664,2025-10-25,Completed,Debit Card
4310,384,2025-06-12,Shipped,Credit Card
4311,778,2024-12-22,Cancelled,Net Banking
4312,870,2026-08-30,Shipped,UPI
4313,114,2025-11-25,Pending,Credit Card
4314,540,2025-01-02,Completed,Debit Card
4315,574,2025-08-28,Cancelled,Net Banking
4316,535,2025-03-19,Shipped,Credit Card
4317,535,2026-06-24,Cancelled,Credit Card
4318,139,2026-02-13,Cancelled,Debit Card
4319,802,2026-08-12,Shipped,Debit Card
4320,334,2025-10-09,Completed,Credit Card
4321,599,2026-05-22,Pending,Cash on Delivery
4322,112,2025-08-24,Cancelled,Credit Card
4323,276,2025-02-14,Pending,Debit Card
4324,64,2026-05-02,Cancelled,Debit Card
4325,829,2024-09-15,Pending,Debit Card
4326,829,2025-04-28,Shipped,UPI
4327,35,2025-02-28,Shipped,Cash on Delivery
4328,423,2026-03-29,Pending,Debit Card
4329,111,2025-04-01,Shipped,Net Banking
4330,1,2025-04-08,Completed,Debit Card
4331,374,2025-07-23,Pending,Debit Card
4332,41,2026-05-24,Completed,Debit Card
4333,293,2026-01-02,Shipped,UPI
4334,734,2025-12-25,Completed,Net Banking
4335,475,2025-04-18,Shipped,Debit Card
4336,781,2025-02-06,Completed,Debit Card
4337,298,2024-10-18,Completed,Net Banking
4338,837,2024-10-03,Cancelled,Net Banking
4339,932,2026-01-31,Completed,Debit Card
4340,939,2025-06-29,Pending,Net Banking
4341,696,2025-02-24,Cancelled,Debit Card
4342,390,2025-08-09,Shipped,Debit Card
4343,679,2026-05-31,Completed,UPI
4344,655,2026-07-05,Completed,Net Banking
4345,117,2026-03-21,Pending,Credit Card
4346,708,2024-11-15,Pending,UPI
4347,919,2025-09-02,Cancelled,Net Banking
4348,440,2025-06-05,Shipped,Net Banking
4349,31,2025-11-11,Cancelled,Net Banking
4350,537,2025-02-22,Pending,Credit Card
4351,473,2026-03-10,Pending,Net Banking
4352,139,2024-09-05,Shipped,UPI
4353,904,2024-09-18,Completed,Credit Card
4354,571,2026-01-27,Cancelled,Cash on Delivery
4355,463,2026-07-01,Completed,UPI
4356,683,2025-09-17,Pending,Net Banking
4357,533,2025-11-29,Pending,Net Banking
4358,949,2026-03-13,Completed,Cash on Delivery
4359,616,2026-06-05,Pending,Cash on Delivery
4360,617,2025-06-08,Shipped,Net Banking
4361,542,2024-11-26,Cancelled,UPI
4362,722,2026-02-19,Shipped,Debit Card
4363,86,2025-12-25,Cancelled,UPI
4364,964,2025-06-10,Pending,Cash on Delivery
4365,240,2026-01-23,Shipped,UPI
4366,600,2024-09-14,Shipped,UPI
4367,9,2024-12-13,Completed,UPI
4368,59,2025-02-07,Shipped,Debit Card
4369,529,2025-04-24,Shipped,Debit Card
4370,851,2024-11-01,Pending,Debit Card
4371,177,2026-07-06,Cancelled,Net Banking
4372,590,2024-09-28,Completed,Debit Card
4373,363,2026-07-08,Completed,Net Banking
4374,564,2025-11-09,Shipped,UPI
4375,428,2024-12-06,Shipped,Debit Card
4376,91,2025-02-13,Cancelled,Cash on Delivery
4377,205,2026-01-06,Pending,Debit Card
4378,648,2024-11-28,Pending,Debit Card
4379,884,2026-07-11,Cancelled,Credit Card
4380,578,2026-04-03,Completed,UPI
4381,400,2025-03-21,Completed,Cash on Delivery
4382,148,2026-01-31,Pending,Cash on Delivery
4383,422,2026-08-28,Pending,UPI
4384,660,2024-12-28,Pending,Debit Card
4385,524,2026-08-24,Cancelled,Net Banking
4386,626,2026-04-23,Pending,Debit Card
4387,154,2025-12-18,Pending,Credit Card
4388,508,2026-01-05,Pending,Debit Card
4389,353,2025-05-22,Completed,Cash on Delivery
4390,744,2025-06-04,Pending,Debit Card
4391,607,2024-12-03,Cancelled,Net Banking
4392,662,2025-02-03,Completed,Cash on Delivery
4393,286,2025-11-28,Pending,Net Banking
4394,956,2026-01-23,Pending,Credit Card
4395,618,2025-11-09,Pending,Credit Card
4396,250,2026-05-13,Cancelled,UPI
4397,289,2026-01-27,Cancelled,Debit Card
4398,944,2025-11-26,Completed,Net Banking
4399,272,2025-06-15,Shipped,Net Banking
4400,836,2025-09-06,Shipped,Credit Card
4401,41,2026-08-09,Completed,Net Banking
4402,781,2026-07-16,Shipped,UPI
4403,377,2025-02-11,Cancelled,Credit Card
4404,163,2026-09-02,Completed,Debit Card
4405,190,2025-09-01,Completed,UPI
4406,366,2025-04-24,Pending,UPI
4407,467,2025-01-06,Completed,UPI
4408,599,2024-09-03,Cancelled,UPI
4409,214,2026-05-28,Cancelled,Cash on Delivery
4410,163,2025-03-01,Cancelled,Debit Card
4411,392,2026-02-03,Pending,Debit Card
4412,942,2024-10-14,Completed,Net Banking
4413,642,2025-11-08,Pending,Credit Card
4414,472,2025-02-13,Shipped,Net Banking
4415,72,2024-09-19,Cancelled,Debit Card
4416,810,2025-11-23,Shipped,Cash on Delivery
4417,933,2025-02-17,Shipped,Debit Card
4418,834,2025-09-21,Pending,UPI
4419,524,2026-07-29,Cancelled,Credit Card
4420,451,2026-02-15,Cancelled,UPI
4421,850,2025-12-09,Pending,Debit Card
4422,448,2025-02-20,Cancelled,Credit Card
4423,194,2025-11-26,Shipped,Credit Card
4424,595,2026-01-18,Pending,Net Banking
4425,681,2026-06-18,Shipped,Net Banking
4426,922,2025-11-30,Shipped,UPI
4427,23,2026-01-02,Shipped,Cash on Delivery
4428,894,2026-03-31,Shipped,Net Banking
4429,420,2024-10-01,Cancelled,Debit Card
4430,528,2026-03-18,Pending,UPI
4431,50,2026-07-04,Shipped,Credit Card
4432,264,2025-10-02,Pending,Net Banking
4433,147,2025-04-06,Completed,Net Banking
4434,60,2025-01-26,Pending,UPI
4435,146,2026-08-15,Completed,Cash on Delivery
4436,775,2024-09-16,Shipped,Cash on Delivery
4437,582,2026-01-05,Cancelled,Cash on Delivery
4438,120,2025-01-31,Completed,Credit Card
4439,172,2025-07-01,Shipped,Cash on Delivery
4440,835,2026-01-16,Cancelled,Credit Card
4441,65,2024-12-01,Cancelled,Net Banking
4442,873,2025-12-03,Pending,Cash on Delivery
4443,839,2025-11-11,Shipped,Cash on Delivery
4444,949,2025-12-28,Shipped,Cash on Delivery
4445,752,2025-09-25,Completed,UPI
4446,661,2025-12-20,Completed,Cash on Delivery
4447,357,2024-12-03,Cancelled,Cash on Delivery
4448,320,2026-04-11,Completed,Net Banking
4449,516,2026-07-03,Pending,Cash on Delivery
4450,691,2024-11-01,Pending,Debit Card
4451,544,2026-04-17,Completed,UPI
4452,604,2026-05-31,Completed,Debit Card
4453,960,2025-02-24,Cancelled,UPI
4454,804,2024-09-14,Pending,Debit Card
4455,301,2025-09-18,Cancelled,Debit Card
4456,30,2025-09-19,Cancelled,Debit Card
4457,285,2025-08-26,Completed,Net Banking
4458,905,2026-05-07,Completed,UPI
4459,117,2026-03-18,Pending,UPI
4460,996,2025-11-16,Shipped,UPI
4461,995,2025-03-05,Pending,Net Banking
4462,372,2026-07-16,Cancelled,Net Banking
4463,887,2025-07-03,Shipped,Cash on Delivery
4464,867,2026-08-06,Shipped,Net Banking
4465,353,2026-06-16,Pending,Debit Card
4466,842,2025-03-19,Pending,Credit Card
4467,211,2026-01-04,Shipped,Cash on Delivery
4468,321,2024-09-20,Shipped,UPI
4469,200,2025-06-04,Cancelled,Net Banking
4470,132,2025-11-17,Cancelled,Debit Card
4471,571,2025-11-10,Pending,Credit Card
4472,138,2024-12-14,Cancelled,Net Banking
4473,924,2024-12-04,Shipped,Debit Card
4474,926,2025-08-24,Shipped,Credit Card
4475,654,2026-02-22,Pending,Debit Card
4476,142,2026-06-06,Cancelled,Net Banking
4477,976,2025-11-07,Shipped,Net Banking
4478,534,2024-09-29,Shipped,Net Banking
4479,847,2025-01-14,Cancelled,Net Banking
4480,639,2025-07-13,Pending,Net Banking
4481,30,2025-05-12,Cancelled,Net Banking
4482,827,2024-12-10,Completed,Cash on Delivery
4483,347,2025-12-19,Cancelled,Credit Card
4484,692,2026-07-20,Pending,Credit Card
4485,171,2025-03-28,Pending,Credit Card
4486,262,2024-11-14,Cancelled,UPI
4487,736,2025-10-01,Completed,Debit Card
4488,477,2025-02-21,Cancelled,Credit Card
4489,390,2025-12-11,Shipped,UPI
4490,538,2026-05-04,Completed,Net Banking
4491,47,2026-05-03,Pending,Debit Card
4492,231,2026-05-22,Cancelled,Credit Card
4493,234,2024-09-06,Shipped,Cash on Delivery
4494,28,2025-08-11,Cancelled,UPI
4495,717,2025-10-14,Completed,UPI
4496,78,2025-03-24,Shipped,Net Banking
4497,966,2026-06-05,Shipped,Debit Card
4498,708,2025-10-27,Completed,Cash on Delivery
4499,354,2026-01-08,Pending,Credit Card
4500,230,2026-01-16,Pending,Cash on Delivery
4501,510,2026-02-23,Shipped,Net Banking
4502,775,2026-06-15,Cancelled,Net Banking
4503,872,2026-03-22,Completed,Cash on Delivery
4504,908,2026-08-16,Completed,Debit Card
4505,553,2025-08-15,Completed,Cash on Delivery
4506,162,2026-05-24,Cancelled,Credit Card
4507,213,2026-04-05,Completed,UPI
4508,397,2025-06-02,Cancelled,Net Banking
4509,905,2025-12-22,Completed,Debit Card
4510,961,2026-02-12,Completed,Net Banking
4511,278,2025-06-28,Pending,Debit Card
4512,75,2025-04-20,Completed,Cash on Delivery
4513,760,2024-12-21,Cancelled,Debit Card
4514,147,2024-09-30,Pending,UPI
4515,513,2025-09-22,Pending,UPI
4516,817,2026-03-21,Cancelled,Debit Card
4517,388,2025-07-18,Completed,Credit Card
4518,265,2024-11-01,Shipped,Credit Card
4519,890,2025-07-22,Cancelled,UPI
4520,855,2025-01-12,Cancelled,Net Banking
4521,970,2024-11-28,Completed,UPI
4522,369,2025-01-10,Pending,Debit Card
4523,132,2024-12-09,Cancelled,Cash on Delivery
4524,854,2024-12-04,Completed,Debit Card
4525,78,2024-09-24,Completed,Net Banking
4526,687,2025-01-29,Shipped,Net Banking
4527,325,2026-04-17,Shipped,Net Banking
4528,17,2026-05-30,Cancelled,Credit Card
4529,849,2026-07-24,Completed,Cash on Delivery
4530,467,2025-07-22,Completed,Debit Card
4531,108,2026-02-25,Pending,UPI
4532,815,2026-05-12,Pending,Net Banking
4533,194,2026-07-20,Shipped,Net Banking
4534,384,2025-03-08,Shipped,Net Banking
4535,81,2024-09-08,Shipped,Net Banking
4536,970,2026-08-12,Pending,Cash on Delivery
4537,346,2025-06-11,Pending,UPI
4538,810,2026-02-22,Pending,Credit Card
4539,108,2026-01-24,Cancelled,Cash on Delivery
4540,277,2024-11-09,Pending,Net Banking
4541,284,2026-04-22,Pending,Net Banking
4542,964,2024-12-02,Completed,Debit Card
4543,920,2026-02-28,Shipped,Debit Card
4544,888,2026-04-26,Cancelled,UPI
4545,518,2026-07-05,Shipped,Cash on Delivery
4546,718,2026-01-17,Cancelled,Net Banking
4547,521,2025-06-21,Pending,UPI
4548,344,2026-05-15,Shipped,Debit Card
4549,369,2026-04-08,Pending,Cash on Delivery
4550,693,2025-05-23,Completed,UPI
4551,686,2025-12-12,Pending,Credit Card
4552,39,2026-08-30,Completed,UPI
4553,51,2026-04-03,Completed,Debit Card
4554,727,2025-05-09,Shipped,Debit Card
4555,204,2025-06-13,Cancelled,Credit Card
4556,384,2026-05-23,Completed,Credit Card
4557,320,2026-02-17,Shipped,Net Banking
4558,559,2026-07-21,Completed,Credit Card
4559,163,2025-01-05,Cancelled,Cash on Delivery
4560,251,2024-11-29,Cancelled,UPI
4561,738,2025-04-07,Completed,Cash on Delivery
4562,384,2024-12-19,Cancelled,Net Banking
4563,504,2026-07-30,Shipped,Debit Card
4564,226,2025-10-27,Completed,Net Banking
4565,231,2025-07-06,Shipped,Debit Card
4566,593,2025-11-12,Pending,Cash on Delivery
4567,725,2024-09-28,Completed,Net Banking
4568,264,2025-03-06,Pending,Credit Card
4569,995,2026-05-15,Completed,Credit Card
4570,855,2026-08-17,Cancelled,Credit Card
4571,397,2026-08-11,Shipped,Credit Card
4572,673,2024-09-22,Cancelled,Cash on Delivery
4573,782,2025-02-19,Pending,Cash on Delivery
4574,759,2025-07-28,Cancelled,Cash on Delivery
4575,647,2025-04-29,Shipped,Net Banking
4576,855,2025-05-10,Shipped,UPI
4577,612,2024-09-05,Cancelled,UPI
4578,630,2024-09-08,Shipped,Cash on Delivery
4579,14,2024-12-17,Shipped,Credit Card
4580,512,2025-02-09,Pending,Net Banking
4581,530,2024-09-14,Pending,Cash on Delivery
4582,411,2025-10-14,Pending,Net Banking
4583,553,2025-09-11,Completed,Net Banking
4584,436,2025-05-27,Pending,Cash on Delivery
4585,705,2025-02-08,Pending,Debit Card
4586,62,2024-11-13,Cancelled,Net Banking
4587,163,2025-05-27,Shipped,Credit Card
4588,293,2025-06-26,Completed,UPI
4589,756,2025-11-09,Pending,Net Banking
4590,397,2024-09-24,Cancelled,Net Banking
4591,489,2026-08-04,Shipped,Debit Card
4592,790,2025-07-13,Shipped,Debit Card
4593,857,2025-09-17,Cancelled,Credit Card
4594,343,2025-08-07,Pending,Net Banking
4595,220,2024-09-12,Shipped,UPI
4596,424,2026-06-26,Completed,Cash on Delivery
4597,737,2025-11-06,Completed,Net Banking
4598,642,2025-01-29,Pending,Cash on Delivery
4599,196,2025-02-01,Completed,Net Banking
4600,124,2026-04-25,Pending,Credit Card
4601,788,2025-02-11,Cancelled,Credit Card
4602,809,2025-02-08,Completed,Cash on Delivery
4603,9,2024-09-27,Completed,Debit Card
4604,543,2025-12-28,Completed,Debit Card
4605,404,2024-09-02,Completed,Debit Card
4606,432,2025-04-05,Cancelled,Net Banking
4607,427,2025-03-23,Shipped,UPI
4608,945,2025-07-02,Shipped,UPI
4609,567,2024-10-14,Completed,Net Banking
4610,498,2026-03-20,Completed,Cash on Delivery
4611,339,2026-08-16,Cancelled,UPI
4612,509,2025-09-25,Completed,Credit Card
4613,296,2025-04-21,Pending,Credit Card
4614,96,2025-02-05,Pending,Credit Card
4615,99,2026-08-09,Cancelled,Cash on Delivery
4616,53,2024-09-30,Cancelled,Debit Card
4617,724,2026-03-08,Cancelled,Debit Card
4618,829,2026-08-03,Pending,Debit Card
4619,270,2025-04-09,Cancelled,Net Banking
4620,790,2026-05-26,Shipped,Cash on Delivery
4621,587,2025-08-21,Shipped,UPI
4622,760,2025-10-11,Pending,Debit Card
4623,466,2025-08-05,Cancelled,Credit Card
4624,213,2025-04-04,Cancelled,Debit Card
4625,652,2024-11-25,Shipped,Debit Card
4626,490,2025-10-15,Completed,Cash on Delivery
4627,16,2025-02-26,Completed,Net Banking
4628,747,2024-10-24,Shipped,Debit Card
4629,408,2025-08-04,Pending,UPI
4630,457,2026-07-31,Pending,Debit Card
4631,726,2025-02-23,Shipped,Net Banking
4632,215,2025-03-05,Cancelled,UPI
4633,887,2025-09-30,Cancelled,Credit Card
4634,286,2026-08-08,Completed,Net Banking
4635,362,2025-02-13,Shipped,Credit Card
4636,894,2024-12-24,Shipped,Net Banking
4637,534,2026-01-24,Shipped,Net Banking
4638,508,2024-12-03,Shipped,Net Banking
4639,878,2024-09-20,Shipped,Debit Card
4640,8,2025-09-20,Cancelled,Debit Card
4641,523,2025-10-24,Pending,UPI
4642,881,2026-01-11,Shipped,UPI
4643,765,2025-05-17,Completed,UPI
4644,811,2026-07-05,Shipped,Net Banking
4645,814,2024-10-07,Completed,Debit Card
4646,73,2025-03-26,Cancelled,Debit Card
4647,962,2025-11-16,Shipped,Cash on Delivery
4648,562,2025-02-10,Cancelled,UPI
4649,227,2026-06-05,Pending,Net Banking
4650,392,2025-12-25,Shipped,Debit Card
4651,837,2025-05-25,Completed,Credit Card
4652,868,2025-03-01,Pending,UPI
4653,653,2025-10-22,Completed,Credit Card
4654,919,2026-03-01,Pending,Cash on Delivery
4655,203,2025-10-15,Cancelled,Cash on Delivery
4656,103,2025-08-22,Cancelled,UPI
4657,459,2026-08-03,Cancelled,Credit Card
4658,796,2025-08-16,Pending,Debit Card
4659,946,2026-08-30,Pending,Credit Card
4660,140,2025-07-14,Completed,Net Banking
4661,973,2026-08-17,Shipped,Cash on Delivery
4662,286,2025-07-28,Cancelled,Cash on Delivery
4663,3,2026-05-15,Cancelled,UPI
4664,569,2024-09-06,Completed,Net Banking
4665,794,2024-10-05,Pending,Debit Card
4666,71,2024-12-06,Shipped,Cash on Delivery
4667,374,2026-05-01,Pending,Net Banking
4668,402,2024-10-20,Completed,Credit Card
4669,746,2024-09-13,Shipped,Debit Card
4670,919,2025-04-21,Completed,Debit Card
4671,711,2026-07-30,Cancelled,Credit Card
4672,916,2025-08-10,Pending,UPI
4673,211,2026-03-16,Shipped,UPI
4674,912,2025-01-12,Shipped,Net Banking
4675,33,2025-10-21,Cancelled,Credit Card
4676,546,2025-08-25,Cancelled,Cash on Delivery
4677,217,2025-03-04,Completed,Credit Card
4678,589,2025-11-17,Shipped,Net Banking
4679,318,2025-02-17,Cancelled,UPI
4680,236,2026-05-16,Pending,UPI
4681,682,2025-09-11,Cancelled,Debit Card
4682,150,2024-09-04,Shipped,Cash on Delivery
4683,632,2025-10-18,Cancelled,UPI
4684,857,2025-01-05,Shipped,Net Banking
4685,389,2025-02-27,Cancelled,Net Banking
4686,382,2026-03-11,Cancelled,Credit Card
4687,209,2024-11-21,Completed,Debit Card
4688,641,2025-02-08,Pending,UPI
4689,151,2025-04-29,Completed,Cash on Delivery
4690,701,2025-02-17,Completed,Debit Card
4691,22,2025-11-10,Pending,Net Banking
4692,781,2026-06-30,Completed,Debit Card
4693,631,2026-08-06,Cancelled,Debit Card
4694,388,2025-02-07,Completed,Net Banking
4695,480,2026-07-16,Cancelled,Net Banking
4696,643,2025-09-01,Shipped,Credit Card
4697,944,2025-01-11,Completed,Net Banking
4698,481,2025-05-15,Cancelled,Cash on Delivery
4699,196,2025-06-24,Pending,UPI
4700,164,2026-05-13,Shipped,Debit Card
4701,54,2025-09-13,Completed,Cash on Delivery
4702,100,2026-07-21,Pending,Net Banking
4703,781,2025-01-23,Pending,Credit Card
4704,135,2025-12-02,Completed,Net Banking
4705,275,2025-12-04,Completed,Cash on Delivery
4706,682,2026-02-10,Pending,Debit Card
4707,334,2025-12-02,Shipped,Net Banking
4708,320,2026-08-11,Cancelled,Debit Card
4709,650,2025-10-03,Pending,Net Banking
4710,247,2024-11-29,Completed,Credit Card
4711,34,2026-02-16,Shipped,Debit Card
4712,308,2024-10-24,Shipped,UPI
4713,629,2025-08-13,Cancelled,Cash on Delivery
4714,28,2025-03-01,Completed,Net Banking
4715,902,2025-01-24,Completed,Net Banking
4716,897,2026-01-15,Cancelled,Net Banking
4717,137,2025-06-12,Completed,Debit Card
4718,125,2024-10-28,Shipped,Credit Card
4719,678,2026-07-31,Cancelled,Cash on Delivery
4720,775,2025-06-23,Completed,Credit Card
4721,706,2025-09-13,Shipped,Credit Card
4722,596,2026-05-15,Completed,Net Banking
4723,441,2025-11-17,Pending,Credit Card
4724,793,2024-12-01,Pending,Credit Card
4725,951,2025-07-27,Pending,Debit Card
4726,298,2025-05-23,Cancelled,UPI
4727,606,2025-09-17,Completed,Cash on Delivery
4728,190,2025-03-30,Shipped,Debit Card
4729,327,2026-06-04,Shipped,UPI
4730,4,2025-04-17,Cancelled,UPI
4731,677,2025-02-08,Cancelled,Debit Card
4732,509,2026-04-24,Completed,Net Banking
4733,890,2024-12-04,Cancelled,UPI
4734,705,2026-03-10,Shipped,Cash on Delivery
4735,673,2026-05-16,Completed,Credit Card
4736,152,2024-09-24,Cancelled,Cash on Delivery
4737,898,2025-03-25,Shipped,Cash on Delivery
4738,372,2024-12-28,Cancelled,Credit Card
4739,149,2025-02-04,Pending,Credit Card
4740,157,2025-10-19,Shipped,Credit Card
4741,159,2025-11-27,Completed,Credit Card
4742,855,2026-01-02,Pending,Net Banking
4743,570,2026-04-26,Cancelled,Debit Card
4744,123,2026-07-16,Shipped,Net Banking
4745,813,2025-04-09,Completed,Cash on Delivery
4746,636,2025-05-17,Pending,Credit Card
4747,729,2026-01-03,Cancelled,Net Banking
4748,687,2025-07-08,Shipped,Credit Card
4749,246,2026-03-06,Cancelled,Credit Card
4750,401,2025-05-12,Shipped,UPI
4751,452,2026-08-06,Cancelled,Debit Card
4752,349,2025-02-24,Cancelled,Debit Card
4753,207,2025-04-08,Pending,UPI
4754,915,2024-12-27,Cancelled,Cash on Delivery
4755,454,2025-09-01,Pending,Net Banking
4756,654,2025-10-14,Pending,Credit Card
4757,762,2024-12-15,Cancelled,UPI
4758,469,2025-01-07,Cancelled,Debit Card
4759,826,2024-10-30,Cancelled,UPI
4760,750,2026-01-13,Cancelled,Net Banking
4761,664,2026-07-08,Pending,Credit Card
4762,577,2024-11-10,Cancelled,Net Banking
4763,800,2025-02-01,Cancelled,Cash on Delivery
4764,752,2026-03-06,Cancelled,Cash on Delivery
4765,548,2026-05-09,Completed,Debit Card
4766,593,2025-05-25,Pending,UPI
4767,451,2026-06-25,Cancelled,Net Banking
4768,295,2026-06-12,Pending,UPI
4769,840,2026-02-09,Shipped,Net Banking
4770,932,2026-08-14,Shipped,Net Banking
4771,841,2025-11-11,Completed,Debit Card
4772,372,2025-08-11,Completed,UPI
4773,362,2026-06-26,Pending,Cash on Delivery
4774,877,2025-06-29,Cancelled,UPI
4775,168,2025-06-19,Pending,Cash on Delivery
4776,168,2025-05-12,Completed,Debit Card
4777,268,2026-01-09,Cancelled,Debit Card
4778,3,2024-12-31,Pending,Cash on Delivery
4779,677,2025-06-07,Pending,Net Banking
4780,260,2026-04-05,Shipped,Credit Card
4781,504,2025-10-06,Pending,Credit Card
4782,203,2025-08-12,Cancelled,Cash on Delivery
4783,695,2024-09-04,Pending,Net Banking
4784,494,2025-11-28,Cancelled,Cash on Delivery
4785,574,2025-08-12,Completed,Cash on Delivery
4786,298,2026-04-10,Cancelled,UPI
4787,22,2025-01-07,Shipped,Credit Card
4788,768,2025-03-17,Shipped,Debit Card
4789,853,2024-12-13,Cancelled,Cash on Delivery
4790,348,2024-11-06,Completed,UPI
4791,655,2026-07-04,Completed,Credit Card
4792,165,2026-02-03,Cancelled,Cash on Delivery
4793,576,2025-03-06,Pending,Credit Card
4794,337,2026-05-01,Cancelled,Net Banking
4795,761,2025-02-12,Shipped,Cash on Delivery
4796,3,2026-06-10,Cancelled,Debit Card
4797,161,2025-07-19,Pending,Credit Card
4798,904,2025-12-25,Shipped,Cash on Delivery
4799,596,2026-07-07,Completed,Cash on Delivery
4800,449,2025-10-09,Shipped,Debit Card
4801,858,2025-04-08,Shipped,Net Banking
4802,74,2025-03-28,Pending,Cash on Delivery
4803,675,2025-07-08,Completed,Cash on Delivery
4804,475,2025-04-20,Completed,Cash on Delivery
4805,753,2025-06-22,Pending,UPI
4806,227,2026-02-16,Pending,Credit Card
4807,280,2026-08-15,Cancelled,Credit Card
4808,278,2025-09-17,Completed,UPI
4809,345,2026-02-17,Cancelled,Credit Card
4810,162,2024-12-29,Pending,Credit Card
4811,136,2026-05-24,Shipped,Net Banking
4812,887,2025-03-05,Shipped,UPI
4813,590,2024-12-27,Pending,Credit Card
4814,286,2025-12-31,Shipped,UPI
4815,907,2025-11-30,Shipped,Debit Card
4816,534,2026-03-19,Completed,Debit Card
4817,76,2026-08-20,Shipped,Debit Card
4818,767,2026-05-15,Completed,Cash on Delivery
4819,977,2025-12-04,Pending,Credit Card
4820,652,2026-06-22,Pending,Credit Card
4821,853,2025-04-08,Completed,Cash on Delivery
4822,952,2025-08-23,Shipped,Credit Card
4823,568,2025-02-08,Pending,Credit Card
4824,324,2026-08-18,Cancelled,Debit Card
4825,364,2026-04-27,Shipped,UPI
4826,7,2026-08-17,Pending,Cash on Delivery
4827,468,2026-05-01,Completed,Debit Card
4828,352,2026-06-13,Pending,Credit Card
4829,644,2025-05-30,Completed,Debit Card
4830,936,2025-06-01,Cancelled,Net Banking
4831,825,2025-03-06,Shipped,Credit Card
4832,783,2025-02-14,Pending,UPI
4833,23,2025-04-15,Completed,Debit Card
4834,513,2026-03-06,Pending,Net Banking
4835,203,2026-01-24,Cancelled,UPI
4836,818,2025-01-12,Cancelled,Debit Card
4837,884,2025-05-27,Shipped,Debit Card
4838,315,2025-11-05,Completed,Net Banking
4839,909,2025-02-08,Completed,UPI
4840,694,2026-03-15,Shipped,Credit Card
4841,668,2024-10-22,Cancelled,UPI
4842,888,2026-07-16,Completed,UPI
4843,68,2025-04-29,Shipped,Net Banking
4844,577,2026-02-15,Shipped,Cash on Delivery
4845,977,2025-04-21,Shipped,Credit Card
4846,687,2026-03-31,Shipped,Net Banking
4847,950,2025-02-19,Pending,Debit Card
4848,273,2026-03-30,Shipped,Cash on Delivery
4849,938,2025-12-18,Completed,Net Banking
4850,230,2025-05-07,Pending,Credit Card
4851,822,2025-01-17,Cancelled,UPI
4852,967,2025-12-14,Cancelled,UPI
4853,374,2025-11-20,Pending,Debit Card
4854,516,2026-01-14,Completed,Net Banking
4855,439,2026-02-14,Shipped,Cash on Delivery
4856,462,2026-02-25,Pending,Cash on Delivery
4857,569,2025-12-23,Shipped,Credit Card
4858,725,2025-08-14,Shipped,Net Banking
4859,529,2025-10-20,Pending,Debit Card
4860,929,2024-11-23,Cancelled,Debit Card
4861,112,2026-05-06,Completed,Net Banking
4862,110,2026-08-07,Cancelled,Credit Card
4863,197,2024-11-02,Shipped,Net Banking
4864,907,2025-02-23,Cancelled,Net Banking
4865,436,2025-07-28,Shipped,Credit Card
4866,582,2025-09-11,Cancelled,UPI
4867,819,2026-06-05,Completed,Net Banking
4868,407,2025-06-15,Pending,UPI
4869,464,2024-10-24,Completed,Credit Card
4870,611,2026-02-25,Pending,Debit Card
4871,751,2025-05-12,Completed,Cash on Delivery
4872,541,2026-03-05,Shipped,Credit Card
4873,394,2025-11-20,Pending,UPI
4874,811,2024-09-30,Completed,UPI
4875,808,2025-03-14,Completed,Credit Card
4876,11,2025-12-25,Shipped,UPI
4877,365,2026-08-18,Pending,Cash on Delivery
4878,239,2026-01-17,Pending,Debit Card
4879,255,2025-07-12,Completed,Debit Card
4880,91,2026-01-20,Shipped,Credit Card
4881,81,2025-01-30,Shipped,Debit Card
4882,735,2024-10-19,Completed,Debit Card
4883,94,2025-11-27,Pending,Credit Card
4884,686,2025-07-22,Pending,Credit Card
4885,397,2026-03-12,Shipped,UPI
4886,793,2025-06-04,Completed,UPI
4887,234,2025-01-17,Cancelled,Debit Card
4888,778,2026-01-27,Completed,Credit Card
4889,402,2025-11-11,Shipped,Credit Card
4890,727,2025-05-02,Cancelled,Credit Card
4891,357,2026-06-01,Shipped,Net Banking
4892,381,2025-12-23,Pending,Cash on Delivery
4893,152,2024-11-19,Completed,Cash on Delivery
4894,193,2025-05-02,Pending,Cash on Delivery
4895,657,2024-11-17,Cancelled,UPI
4896,895,2025-03-02,Pending,Net Banking
4897,661,2026-08-03,Shipped,Net Banking
4898,988,2026-06-06,Cancelled,Net Banking
4899,602,2024-10-06,Shipped,UPI
4900,321,2026-03-05,Cancelled,Debit Card
4901,948,2026-02-03,Completed,Net Banking
4902,834,2024-10-12,Pending,Cash on Delivery
4903,339,2026-04-19,Completed,Credit Card
4904,160,2025-04-18,Shipped,Cash on Delivery
4905,941,2026-03-31,Completed,Net Banking
4906,3,2025-04-12,Shipped,Cash on Delivery
4907,730,2026-02-23,Completed,UPI
4908,837,2024-11-03,Cancelled,Credit Card
4909,203,2025-05-20,Cancelled,Debit Card
4910,1000,2026-05-20,Pending,UPI
4911,737,2026-08-30,Shipped,UPI
4912,593,2024-10-29,Shipped,Credit Card
4913,593,2024-09-04,Completed,Credit Card
4914,182,2025-10-13,Completed,UPI
4915,844,2024-11-04,Cancelled,Credit Card
4916,782,2025-06-26,Completed,Net Banking
4917,787,2025-06-06,Completed,Cash on Delivery
4918,686,2025-04-23,Shipped,Debit Card
4919,96,2025-01-06,Completed,Credit Card
4920,314,2026-01-18,Shipped,Net Banking
4921,849,2025-08-31,Pending,Debit Card
4922,13,2025-12-03,Cancelled,UPI
4923,86,2026-05-24,Pending,UPI
4924,544,2026-01-27,Pending,Credit Card
4925,406,2026-04-25,Cancelled,Credit Card
4926,297,2026-05-02,Cancelled,Net Banking
4927,51,2025-06-21,Completed,UPI
4928,286,2026-05-23,Completed,Credit Card
4929,503,2025-09-18,Pending,Net Banking
4930,251,2026-03-06,Completed,UPI
4931,612,2024-12-24,Cancelled,Credit Card
4932,774,2024-09-29,Completed,Net Banking
4933,609,2026-01-06,Pending,Net Banking
4934,748,2025-12-13,Shipped,Net Banking
4935,625,2026-02-14,Shipped,Net Banking
4936,529,2026-08-04,Cancelled,Debit Card
4937,334,2025-06-17,Shipped,Credit Card
4938,257,2026-05-22,Pending,Credit Card
4939,99,2025-12-10,Cancelled,Net Banking
4940,999,2024-12-25,Pending,Cash on Delivery
4941,174,2026-08-19,Cancelled,Net Banking
4942,895,2026-06-30,Pending,Debit Card
4943,511,2026-04-12,Shipped,Credit Card
4944,778,2026-07-01,Cancelled,Debit Card
4945,467,2024-11-13,Completed,Net Banking
4946,902,2025-07-17,Completed,UPI
4947,166,2025-08-25,Shipped,Net Banking
4948,113,2026-06-24,Shipped,Net Banking
4949,318,2024-12-30,Completed,Credit Card
4950,719,2024-10-01,Completed,UPI
4951,950,2026-05-06,Pending,Cash on Delivery
4952,126,2025-08-28,Shipped,Debit Card
4953,72,2025-05-25,Completed,Net Banking
4954,332,2024-10-05,Cancelled,Debit Card
4955,991,2025-12-02,Completed,Cash on Delivery
4956,859,2026-08-15,Shipped,Credit Card
4957,612,2025-08-16,Shipped,Cash on Delivery
4958,915,2024-10-01,Completed,Debit Card
4959,109,2026-04-08,Pending,Net Banking
4960,763,2025-12-25,Completed,Debit Card
4961,262,2026-04-22,Completed,Debit Card
4962,779,2024-12-23,Cancelled,Debit Card
4963,134,2025-01-17,Pending,Net Banking
4964,227,2025-11-05,Shipped,UPI
4965,596,2024-10-13,Pending,Credit Card
4966,791,2025-01-01,Shipped,UPI
4967,699,2025-10-13,Pending,Debit Card
4968,708,2025-08-15,Pending,Cash on Delivery
4969,651,2025-05-31,Pending,Cash on Delivery
4970,585,2026-08-27,Pending,Debit Card
4971,257,2024-11-18,Pending,Cash on Delivery
4972,657,2025-08-04,Completed,UPI
4973,864,2025-01-18,Completed,Cash on Delivery
4974,629,2026-03-22,Completed,Net Banking
4975,545,2024-11-27,Pending,UPI
4976,199,2026-07-14,Completed,Cash on Delivery
4977,322,2026-07-20,Shipped,Debit Card
4978,749,2026-06-28,Pending,Credit Card
4979,474,2026-02-14,Completed,Debit Card
4980,541,2025-05-09,Cancelled,UPI
4981,305,2025-12-16,Pending,Cash on Delivery
4982,103,2025-04-19,Completed,Credit Card
4983,99,2025-10-04,Shipped,UPI
4984,392,2025-02-10,Pending,Net Banking
4985,113,2026-02-08,Cancelled,Credit Card
4986,817,2025-08-28,Cancelled,Credit Card
4987,284,2025-03-25,Shipped,Credit Card
4988,103,2025-11-22,Pending,UPI
4989,648,2026-08-31,Cancelled,UPI
4990,15,2025-04-29,Shipped,Debit Card
4991,851,2025-04-06,Pending,UPI
4992,832,2026-06-02,Cancelled,Net Banking
4993,719,2025-11-14,Cancelled,Credit Card
4994,765,2025-11-10,Shipped,Net Banking
4995,790,2025-06-24,Shipped,UPI
4996,436,2025-02-26,Shipped,Credit Card
4997,593,2024-11-27,Shipped,Net Banking
4998,890,2024-12-25,Completed,Net Banking
4999,512,2026-03-14,Shipped,Credit Card
5000,153,2026-08-07,Completed,Net Banking
