order_id,product_id,quantity,price
4855,96,1,1705.68
3633,49,4,71.6
4470,98,5,1136.86
3411,192,1,408.97
1266,107,2,1362.13
3575,147,2,200.2
3162,19,3,1287.46
1486,138,5,806.62
3207,89,1,553.44
1144,23,2,1243.04
4185,192,1,762.25
2270,141,1,1050.74
2084,179,1,97.2
1798,31,2,1191.84
1831,188,4,1306.49
1775,114,3,1847.56
4725,125,3,669.79
2213,72,4,394.88
2505,149,1,355.13
1414,199,3,1751.45
2202,134,2,1822.12
2238,66,4,611.75
724,26,5,133.65
4988,22,4,1949.51
3537,154,1,663.06
1044,105,2,712.67
3146,141,5,863.68
4228,100,5,471.23
4746,116,3,671.53
3053,77,4,769.64
4725,197,4,1271.6
3725,12,1,1636.69
932,143,4,1715.35
1114,80,5,274.82
70,92,5,1606.73
1325,16,2,1968.36
694,142,1,304.83
106,93,1,1065.94
1528,176,4,690.03
2812,80,4,1648.68
226,51,3,1101.2
1982,55,2,1300.58
1641,193,1,1534.42
4296,178,3,1573.64
2125,120,4,1187.63
1423,191,4,1440.78
1877,138,2,12.5
1162,145,4,1967.21
754,42,5,1260.47
432,144,2,1867.74
7,163,2,1365.69
4478,99,1,548.29
3314,163,1,1831.3
2473,126,3,1087.86
3169,48,3,165.62
4473,198,4,1819.63
1513,78,2,1569.74
2521,106,5,551.93
1068,190,1,297.16
1500,26,1,512.33
3907,110,1,318.09
1710,125,4,1166.0
1233,102,3,1448.15
2191,81,2,117.42
1703,131,2,121.91
28,8,3,1401.85
3187,38,2,652.96
2005,101,5,1759.77
1305,90,1,25.28
2568,146,3,852.66
3042,79,4,1871.55
1098,182,2,724.83
4692,144,5,1684.08
4141,156,3,1805.98
1012,35,4,531.06
4182,96,1,1671.61
4952,48,3,676.14
4914,86,3,1244.87
1905,195,4,1447.1
314,84,5,1582.59
849,83,2,842.21
3107,169,4,1122.89
2290,111,4,1743.72
1535,175,4,1149.3
3941,62,2,1187.74
248,57,4,328.0
3203,97,5,102.62
1989,13,3,1329.54
150,183,5,1616.42
1836,127,1,1989.05
1117,93,2,287.88
4592,164,2,324.33
3115,75,1,1305.72
3025,15,2,1664.99
3050,129,4,1881.48
981,169,2,1184.0
2870,185,1,1093.61
2817,88,2,619.06
2250,131,3,1111.44
2705,13,5,751.66
3143,160,4,741.69
4452,7,1,1277.1
671,88,5,69.43
3357,185,2,670.8
4240,56,4,627.37
2601,163,4,626.9
1828,73,2,98.99
1648,51,4,514.31
2575,13,4,725.9
4373,39,4,1209.81
1001,132,4,314.83
1211,14,4,1656.67
1987,131,2,1064.45
2105,125,1,477.39
2239,144,1,1659.31
2,109,5,560.22
3338,7,4,1148.27
25,159,4,84.33
3846,28,1,55.74
1613,47,3,1130.18
1905,88,5,1733.7
2635,141,5,259.12
1522,134,5,1807.58
4976,196,2,1766.67
293,133,2,84.18
2331,115,1,1165.27
1026,163,4,1582.74
3881,33,2,785.17
3504,186,2,1090.66
1313,64,5,1500.25
3190,128,5,321.26
2635,86,5,858.47
1405,53,4,1082.54
321,70,1,659.79
568,27,4,1896.99
2545,43,5,1467.47
2743,170,4,1846.22
769,183,1,1751.77
433,101,5,1915.94
3623,16,4,530.33
2694,133,4,1802.64
3988,148,3,1420.85
1633,166,4,429.15
2012,164,3,1302.67
1347,118,3,663.67
1246,96,2,199.89
4301,102,2,1128.72
2891,197,1,1290.44
1520,54,2,18.03
4882,49,4,1499.11
1632,143,5,1181.49
3992,193,2,1191.12
850,54,4,167.57
2777,62,4,1399.23
2887,114,2,125.96
2313,176,2,1023.89
4283,158,1,1122.81
1277,105,5,141.1
1959,177,2,507.54
2727,40,2,145.66
4134,38,2,1339.93
1300,135,3,1716.04
2914,56,4,1114.21
666,160,4,355.48
4194,4,1,1062.64
4900,57,1,1452.86
2419,139,2,152.89
2980,181,5,188.16
1991,16,4,632.98
2977,78,4,1931.44
3533,152,3,1529.76
740,67,5,1936.75
3114,83,5,1550.45
328,103,1,157.4
2950,134,2,1525.96
4829,10,4,947.4
59,75,3,439.1
4417,111,3,1638.09
273,133,2,162.4
1280,91,2,694.07
1453,99,4,784.57
3372,10,1,1610.9
3867,155,1,590.21
249,20,2,155.97
602,157,1,247.59
2367,85,2,20.03
1530,82,2,1674.55
1228,198,1,79.55
1860,190,4,593.48
2197,8,4,396.31
299,1,5,259.41
2650,153,2,179.08
1583,85,5,1084.57
4441,49,1,1943.41
565,167,1,73.23
4196,127,4,770.77
2936,65,2,800.46
961,2,3,1457.35
1304,77,2,1096.16
4596,4,3,813.6
1611,65,3,1898.43
2863,126,1,337.75
1191,139,4,1272.86
634,61,2,478.27
3604,21,1,1651.23
2934,155,2,702.82
2826,94,3,1625.17
635,166,1,828.44
4074,134,5,999.61
949,102,2,608.95
4659,32,2,1122.76
4127,114,3,864.75
421,43,3,189.71
3227,95,2,1616.84
4654,134,3,1860.67
838,52,2,265.62
777,23,4,1658.42
3395,124,5,1021.07
2783,124,3,161.21
885,34,1,904.58
717,46,3,1117.19
4532,30,1,1529.67
128,72,4,74.87
3073,95,2,1704.23
3177,94,2,1072.58
983,153,4,1675.42
692,106,5,1520.9
2466,28,4,174.76
4424,183,3,809.14
122,160,5,1735.04
3758,142,3,1256.88
378,49,4,845.74
4236,88,1,946.04
1590,20,2,1120.85
2683,8,1,1352.31
3264,119,3,362.83
395,149,1,1142.2
1320,155,5,900.69
68,29,3,683.85
4450,62,2,61.11
4976,78,1,734.22
1599,48,1,1463.55
3008,32,5,808.37
4400,132,2,562.71
1636,28,2,1636.23
3821,31,4,209.62
4393,70,5,1991.11
3447,76,5,466.08
887,20,2,1462.51
3693,7,2,763.53
749,165,2,1644.49
975,29,5,1528.4
491,42,3,863.93
4101,194,5,1890.58
3419,61,3,1726.19
4964,178,5,1406.07
4107,47,2,300.52
128,121,1,1609.2
4431,50,3,868.76
1456,85,1,467.33
4105,166,3,861.67
1959,114,1,24.69
2699,192,1,258.39
2562,175,5,72.92
626,170,4,547.49
1652,49,1,501.93
2078,171,1,1145.47
4972,155,5,1924.39
3172,139,4,545.29
2598,100,1,395.67
1784,69,2,334.43
4676,75,1,151.96
3914,187,4,1163.74
3468,27,3,884.21
3143,69,1,1917.72
1556,84,3,306.03
3646,22,4,414.71
1990,21,1,449.41
2949,149,5,788.19
346,198,1,1799.11
2850,34,3,126.25
29,17,3,696.83
4027,13,5,1867.28
541,159,4,1827.98
4629,179,2,1367.26
4128,117,5,1710.08
384,158,3,1062.58
70,143,2,746.46
4652,33,4,1916.7
4802,117,3,932.74
4982,102,4,636.66
4144,3,2,1140.64
3320,167,4,843.35
4199,137,2,634.76
327,153,2,1861.77
772,173,2,940.52
311,16,3,1145.41
1098,84,1,1857.76
3601,96,1,1617.68
2716,90,5,1581.51
1056,30,3,98.85
65,11,5,221.46
600,34,2,1870.18
4854,43,4,282.82
3393,116,5,977.51
3162,155,4,775.04
3529,37,2,1310.96
2461,70,5,1384.57
2984,15,2,1790.57
477,29,3,1182.71
1844,16,1,568.2
1757,181,3,357.1
509,65,4,1486.33
4052,2,5,1876.91
533,117,2,711.6
539,138,4,1410.61
1540,101,4,1931.15
3872,132,3,739.38
1426,122,4,263.4
2105,43,2,216.89
1838,55,2,1156.39
1107,131,3,550.35
3504,190,1,854.24
4334,138,2,56.15
4749,199,3,205.28
3859,200,3,970.2
4333,160,5,1115.23
657,173,5,1378.78
3190,72,4,1583.39
4671,161,3,1325.91
1061,96,1,1340.99
1846,12,3,1176.05
575,122,2,1056.93
904,132,5,1029.91
3753,168,1,1122.96
1677,89,3,1436.87
1072,118,2,1492.42
3325,125,3,674.99
4384,57,5,277.75
2435,178,5,15.36
3903,56,1,1634.88
3028,186,3,1131.6
4924,95,2,670.76
1319,156,4,1881.24
505,43,1,1591.97
953,86,2,982.54
2337,104,1,1139.32
886,191,5,832.74
2865,86,5,1731.8
462,113,1,74.9
4024,70,4,335.72
2143,111,5,1683.03
1004,49,5,1895.42
2812,80,2,688.07
1033,118,3,305.36
1829,125,4,577.53
4966,39,4,1805.39
378,15,1,946.9
4260,124,2,676.99
4822,101,2,924.5
4120,27,1,799.86
4616,79,2,576.23
2658,145,5,594.89
3004,142,4,182.44
3899,175,2,48.98
529,40,2,1750.24
519,198,5,1091.86
610,70,5,1237.5
3280,122,5,207.04
4785,156,3,178.33
3848,11,1,1672.01
2399,33,4,1260.16
2690,105,5,1900.3
768,154,2,98.44
2671,60,4,1106.3
2583,50,4,1485.88
1156,132,3,37.96
1428,6,5,1069.48
556,159,5,1406.35
3370,146,5,874.43
1547,145,2,1416.73
4683,191,1,1229.16
4682,46,4,695.44
3076,184,1,1113.24
1843,100,3,630.09
3554,4,2,26.61
4229,97,2,679.2
4973,79,3,1484.19
4771,66,1,1212.9
531,91,3,1044.56
4635,12,4,914.36
1849,96,3,1275.99
2118,154,3,1521.42
3787,6,3,684.29
1977,141,5,368.11
3686,191,5,1758.41
961,115,3,1081.93
4461,111,4,583.51
4585,115,3,856.77
1745,196,4,493.63
1939,78,3,1547.21
1114,95,2,957.4
2918,133,3,1205.93
3086,104,3,1164.6
2535,185,3,1425.27
2493,16,3,669.38
1480,161,2,1824.35
675,14,3,318.27
376,54,1,1169.44
4198,80,1,301.75
3719,16,4,793.94
4825,60,3,138.14
4143,92,4,1194.49
379,34,5,189.23
2448,87,3,1836.8
1215,160,4,585.61
3363,137,5,404.74
4240,55,5,1386.6
2377,76,4,515.4
107,179,5,523.65
1296,16,2,114.92
1571,125,4,1615.37
3663,82,3,1161.05
1771,148,4,167.33
2268,6,3,409.08
830,15,1,162.25
3942,177,4,891.42
4025,77,4,353.25
3199,131,5,1091.66
500,48,5,1672.39
4849,8,3,931.37
4291,162,3,703.76
147,30,5,460.68
925,115,4,749.26
1110,112,3,1478.51
4596,80,2,1723.71
2369,136,1,1695.48
3727,183,2,476.31
2677,187,2,167.84
3455,48,5,1144.74
813,91,3,1996.37
2244,143,4,1541.72
4101,93,4,212.88
247,126,4,1210.12
3181,183,3,1180.47
4038,49,1,99.43
4842,200,3,750.87
3239,45,2,1693.42
3436,96,5,372.06
3787,42,1,1541.26
4687,97,5,1436.39
2390,19,4,756.17
1963,8,1,1679.72
25,194,2,756.77
2301,171,2,1754.33
992,63,1,731.04
4101,143,2,1828.34
3869,115,3,1731.11
3036,14,5,1507.35
3835,78,1,1602.49
878,52,3,311.06
769,17,2,1021.74
2331,70,5,578.71
1483,21,2,978.05
1172,26,4,1535.23
3639,182,3,1705.54
1895,41,3,1332.52
2009,190,5,1999.96
2708,162,3,978.24
1267,165,5,973.71
1675,72,2,72.57
3833,34,3,539.22
3287,99,2,933.07
4998,3,2,1531.14
3227,100,2,1427.82
666,69,3,245.48
3073,69,4,1309.38
134,166,3,111.96
4038,58,3,1752.24
815,82,5,1730.16
3792,106,4,1974.32
3984,141,3,39.9
1283,24,5,1414.63
3468,131,3,100.02
135,165,5,1133.27
41,53,5,111.92
1122,165,2,1772.41
3716,32,2,1407.25
1535,195,1,774.62
150,171,2,464.33
392,55,1,1835.65
1249,146,3,1611.03
3108,41,3,812.85
1645,142,4,1715.93
2053,165,1,133.1
3641,38,2,521.94
330,9,5,728.72
1750,86,3,634.61
780,101,5,1838.07
1663,63,2,804.21
2013,34,5,427.9
4669,33,5,1512.79
2263,186,3,1806.51
523,134,5,1074.56
596,17,3,718.51
1168,69,4,1752.05
2563,146,4,537.4
4352,17,2,629.52
4408,14,4,1651.86
4095,175,4,547.38
640,162,4,790.58
4810,17,1,1584.73
1407,89,5,1077.21
1289,198,3,1414.2
931,10,3,1329.72
2615,36,4,1845.96
1325,194,4,719.16
3938,55,3,950.2
4084,54,5,267.89
3249,145,5,1289.39
1053,162,4,1142.81
272,118,4,228.6
722,191,3,602.06
1096,171,5,161.45
1082,78,4,1937.81
251,38,4,1908.47
2023,190,5,1167.14
3037,71,2,872.34
2811,185,4,1149.1
731,20,2,1746.93
163,108,3,530.25
3613,169,5,937.03
3898,108,1,208.79
4092,30,3,1501.13
3101,59,4,488.98
1423,140,1,1355.61
1655,114,2,547.93
971,171,4,118.73
2259,43,4,630.17
2523,138,2,607.4
2673,45,2,1607.52
4664,81,3,519.0
409,190,5,298.66
220,83,4,633.18
4256,173,1,1909.45
4880,142,4,1169.7
1396,118,5,438.61
2819,75,4,1017.27
4759,59,5,566.97
2686,157,5,633.19
2026,59,4,365.32
1486,81,4,145.76
1064,60,2,266.79
2620,134,3,1636.55
3721,41,3,1811.08
4897,1,2,75.97
3244,119,1,83.94
3460,33,3,1277.71
3459,82,5,936.24
186,181,3,1985.88
1560,41,1,1925.15
4888,35,2,518.34
1422,36,2,627.71
3059,17,3,284.73
4065,41,4,218.26
1886,56,1,791.69
879,99,1,477.06
1959,125,3,1810.02
1832,161,4,1231.42
1634,158,3,588.07
28,45,4,481.63
2098,138,1,1362.62
382,63,3,990.87
973,160,3,234.4
2655,70,5,56.99
4173,79,2,1828.36
3483,81,5,1877.58
2407,178,3,523.5
3117,200,2,1909.68
596,190,2,1884.6
4664,150,5,317.3
433,133,4,470.83
2428,187,3,1001.74
2168,181,5,1377.38
2551,142,3,1180.84
1260,167,2,1072.0
868,154,5,15.02
2673,39,3,1957.4
3451,173,4,843.84
3511,3,1,1995.68
1679,111,4,720.09
2395,33,3,1893.06
4213,69,2,817.19
3872,180,5,1646.39
39,109,3,1837.62
20,38,1,41.52
3349,5,5,1381.9
747,119,5,375.14
704,115,4,1536.65
3916,183,3,1907.54
1624,78,1,715.24
2470,19,3,287.36
13,155,4,853.97
1158,167,1,1012.37
743,105,4,1746.92
125,170,4,229.47
481,194,2,456.61
4320,69,2,1516.02
1522,187,3,824.82
4848,149,5,83.14
4320,174,1,919.59
485,111,5,1452.24
2826,111,5,393.47
678,98,1,306.06
4657,157,3,795.75
2076,29,2,853.23
2579,111,3,701.96
3323,114,5,1096.66
4159,65,2,1410.07
2287,175,1,1558.33
3920,114,5,1951.16
1291,155,4,1530.74
1554,76,2,743.41
2515,186,5,1850.63
3496,11,5,1905.55
3371,96,5,297.61
1898,50,3,645.26
776,166,1,1614.23
4725,140,5,669.27
2703,62,2,1357.52
1432,111,5,1789.29
1728,45,5,1215.93
4991,54,4,880.52
316,141,1,1520.59
2257,14,1,1620.65
3305,96,3,1868.12
3225,10,2,773.16
2896,142,2,844.49
37,24,3,1590.99
1373,83,2,1048.96
3900,196,4,1338.96
888,11,3,1629.02
3991,140,1,364.16
585,12,3,428.79
3628,8,2,743.25
3032,107,3,642.33
1496,22,3,120.28
3667,8,3,1953.16
1079,83,4,56.83
3317,130,3,827.54
2021,169,4,718.15
2456,73,3,1133.78
2810,164,3,12.19
4096,91,3,1186.65
936,111,3,546.19
3962,73,2,190.58
1371,121,3,1951.99
741,117,2,37.09
1044,33,3,818.99
1883,36,4,628.25
4081,120,5,459.64
4035,101,1,19.37
2129,70,3,1342.75
856,173,3,1462.1
244,64,5,1614.67
2964,130,1,1096.07
970,23,5,359.73
2446,118,5,927.59
1373,194,3,100.3
4707,161,2,1266.21
62,61,2,181.53
2553,62,4,1147.55
4750,24,4,1454.42
4684,114,2,785.73
1094,7,3,1085.3
4625,48,1,1030.65
2279,185,4,1106.7
2405,1,2,1205.14
3703,171,1,1933.38
2687,23,1,1180.82
85,137,3,1490.47
2569,121,4,353.81
59,53,4,828.11
4993,168,4,565.38
3883,28,4,1485.07
2679,113,2,1022.49
3729,167,4,1586.18
1944,92,1,453.66
762,3,3,1320.1
4031,57,4,488.38
607,50,5,96.97
4305,78,5,1857.42
2289,73,4,1824.68
1469,168,4,104.9
4312,14,2,1927.72
3310,23,2,204.0
3281,193,2,1911.58
3489,89,2,1809.61
2720,14,5,1216.84
2569,97,1,990.79
1093,40,1,774.48
3334,156,3,1437.73
4111,52,2,1540.09
865,118,2,1669.7
3459,151,3,1117.17
3288,160,1,1145.82
728,75,5,588.19
4206,188,5,1130.29
4419,140,5,446.56
569,171,1,199.48
1382,182,5,504.51
1602,132,5,1083.34
4042,115,4,18.64
4670,89,1,1795.86
4839,24,5,1463.14
567,144,4,1194.39
959,56,3,705.37
769,38,5,455.2
3945,74,1,421.32
1559,85,2,99.12
4250,139,1,216.49
3469,200,4,493.22
4252,102,3,826.72
4440,71,2,1303.15
2460,83,2,1939.76
3183,193,1,1326.0
3365,42,4,941.91
141,134,1,1616.72
1861,43,1,126.98
358,86,4,1606.18
4828,108,2,1572.58
3176,37,4,1516.42
1779,185,1,1967.46
2671,34,3,882.22
61,177,3,883.55
733,87,5,900.78
727,146,4,88.48
1611,123,3,176.04
3827,194,3,1574.76
3333,119,5,1675.76
529,200,4,1057.35
2406,177,5,294.61
3123,100,5,588.7
1305,191,4,1534.12
2491,82,4,820.92
2216,105,3,952.6
2003,110,2,1119.56
4489,82,1,1733.53
4296,124,2,990.98
2426,81,5,103.69
85,99,3,1548.47
9,109,1,1236.73
1152,149,4,178.37
3281,60,1,1242.52
2859,21,3,1859.35
1912,172,4,613.63
4680,29,4,709.43
4879,30,2,16.42
2616,109,5,1226.73
1683,108,2,552.55
2078,38,3,967.85
2933,173,4,284.4
4748,80,2,860.8
3120,113,5,1823.06
3179,175,2,247.27
1048,191,4,606.21
3640,190,2,1488.13
1740,179,4,1842.83
180,76,3,1728.52
301,4,5,261.32
4919,19,3,937.26
289,54,2,836.21
3394,47,2,613.79
1048,152,2,1114.22
85,11,5,290.5
3323,177,2,1259.85
1869,11,2,1147.07
629,41,3,761.78
4012,45,1,1379.46
2553,5,5,829.36
4982,147,1,937.19
17,174,5,1234.47
3470,121,3,1478.46
2560,38,1,1419.58
627,146,4,461.66
4630,72,2,1055.36
380,103,1,1386.76
870,1,4,1442.85
4369,35,1,620.61
156,26,1,532.95
4591,23,4,150.93
3148,54,1,316.26
2412,37,5,396.37
1619,181,1,1901.93
4901,157,1,414.8
1409,143,5,1548.49
4637,80,2,1062.88
2027,72,5,1730.9
237,57,5,104.78
3462,64,3,920.97
3596,153,3,1467.36
3792,138,1,1590.52
1180,40,1,986.12
1878,104,5,544.6
4611,12,5,1189.46
1126,96,2,1601.8
2474,85,2,176.76
3808,60,4,1962.86
153,28,5,727.47
298,97,3,1821.67
4726,65,5,1453.25
803,27,4,1055.84
4463,113,3,1288.1
2132,192,1,625.54
4996,99,1,1093.18
3151,59,4,1508.01
1469,182,5,1427.82
2630,41,3,1534.07
3262,82,4,116.52
553,54,2,1286.51
914,166,5,142.64
925,182,5,960.43
1000,5,5,1128.01
3920,121,2,234.45
3252,189,3,94.65
3162,100,3,998.42
2927,105,3,1025.73
2383,138,2,1350.28
4852,19,5,1209.67
3017,52,3,1889.65
72,148,5,605.08
4716,124,2,1054.28
4246,84,5,1326.65
2774,86,1,538.58
863,161,1,146.54
2563,147,5,483.76
4709,144,3,463.74
3986,84,3,1320.9
4684,4,2,1327.83
9,24,1,1112.08
3169,54,1,1740.44
4241,168,4,1474.38
2967,33,3,742.53
2574,178,3,1087.07
75,61,5,1420.93
3167,80,2,177.0
791,22,4,1449.94
4337,56,1,1286.73
4731,118,1,1164.5
2006,159,2,1566.92
1266,34,2,1513.9
3586,35,4,894.77
447,59,3,1222.4
391,25,2,1359.11
1083,88,5,246.76
1743,95,4,353.27
1139,106,2,479.49
2489,170,5,721.96
1744,128,5,1247.51
4764,140,1,1566.42
2938,27,5,564.73
2148,78,1,324.67
1744,110,2,1302.44
3407,59,3,982.77
237,121,1,718.75
3526,198,5,1735.89
2313,31,4,598.75
4913,13,2,165.94
17,144,4,1656.3
1620,40,5,320.41
3003,149,5,647.16
4821,72,4,106.55
3309,1,5,737.6
87,190,1,1378.03
4036,186,1,619.59
123,92,3,1822.62
4512,86,1,1689.03
1564,187,2,896.02
2723,159,4,826.7
1126,123,4,908.09
4802,134,3,560.08
299,25,4,462.88
2891,165,3,452.05
4737,66,1,1248.4
3437,23,1,1444.88
3523,7,1,1429.27
115,31,3,1664.59
684,56,5,523.57
1423,88,1,283.48
4074,133,3,153.8
3115,170,1,1851.33
3739,167,3,1798.76
3494,165,4,688.08
4901,119,1,1204.3
258,161,4,632.94
4084,41,2,1999.8
132,122,2,1274.82
4226,142,5,920.06
2878,38,2,135.93
1440,82,2,602.32
4543,100,1,332.81
2950,157,4,995.71
4749,81,5,1880.75
591,184,5,599.16
4490,108,1,424.16
4440,55,3,797.63
4907,194,4,1002.83
3116,13,2,465.75
2961,76,5,340.92
3644,40,5,1877.49
640,139,2,1201.7
72,121,2,1918.85
97,148,1,1395.5
2035,47,3,310.66
2438,102,3,1152.56
3713,164,1,557.73
3608,177,5,1156.86
2810,24,4,155.82
3121,183,1,552.84
4917,113,2,1554.66
950,194,5,1505.0
2562,46,2,1691.25
1061,53,3,1511.78
257,33,4,329.44
2342,64,1,1806.53
1554,177,2,261.01
4078,27,5,1958.63
3548,139,3,709.45
104,138,4,596.1
1415,111,1,196.83
2858,20,3,702.25
1012,181,4,694.87
4165,47,3,815.62
3543,187,1,1730.08
2520,50,2,1883.63
4006,112,1,566.59
4892,196,2,146.92
3650,23,3,11.84
188,65,2,816.37
2185,105,5,486.86
4903,173,1,1577.65
3335,200,5,264.66
4425,104,4,953.6
3719,97,1,133.2
1265,65,1,1191.27
2245,73,1,1007.95
3231,62,1,1555.04
1902,3,5,1949.82
4458,124,5,931.31
3643,52,5,154.6
4102,158,4,1935.24
3642,77,4,1378.13
3784,18,1,1544.0
1304,20,1,244.39
3309,42,4,1103.85
656,3,3,745.58
655,194,4,1699.83
275,91,5,1624.74
4553,67,5,1132.7
4586,31,4,1971.54
3845,5,5,246.4
3553,4,5,1788.45
4380,147,4,1111.6
4584,88,1,1060.4
3713,129,2,851.47
1985,193,5,1415.71
3277,75,4,61.44
4295,89,1,270.1
4654,6,1,1220.55
1113,4,5,1066.26
2592,58,4,733.03
3249,134,1,409.99
3147,36,3,617.1
4213,51,2,1567.04
519,183,5,1096.49
573,183,5,359.59
2924,64,3,355.06
484,157,2,1853.8
1598,142,4,1047.51
2643,152,5,364.82
459,126,1,1549.97
2798,155,3,585.96
2551,33,4,1186.79
3198,64,2,1687.13
3181,92,4,862.21
187,123,4,1433.81
2984,93,3,1917.45
2611,66,5,479.58
1192,43,2,626.07
2074,8,3,673.78
4932,195,3,1756.06
4343,192,2,541.41
1673,148,3,1185.98
4204,187,5,1727.39
3750,19,2,1884.05
2432,115,3,1807.49
1602,183,5,1745.12
3294,100,5,1616.22
1957,9,1,76.53
4549,17,1,827.53
2805,89,5,613.98
815,11,3,1828.36
941,43,5,524.36
2456,6,1,1364.23
608,102,5,1264.58
3954,72,5,336.38
4868,12,3,57.2
2203,78,3,1956.99
3609,185,3,1590.63
1958,48,1,1521.75
4292,127,5,1768.43
1678,15,5,1418.88
1185,60,3,734.33
1665,79,4,1628.64
4367,39,2,525.22
3292,117,5,683.88
2347,178,3,381.25
4867,166,3,1899.75
1071,82,2,1162.16
1644,127,3,1640.94
4984,165,2,1071.71
2444,88,4,1881.13
3860,32,4,314.44
2804,40,4,712.43
2741,5,5,1214.3
282,62,3,738.84
203,74,3,1310.21
3579,48,1,280.94
1746,43,1,136.23
2115,79,3,230.46
3637,67,2,185.11
4955,107,4,1204.85
3296,109,5,1299.74
1216,128,2,133.62
450,186,3,144.0
2048,138,4,75.28
4831,146,3,83.68
166,39,3,1685.45
872,58,1,899.94
153,170,4,1476.44
1926,145,1,347.65
838,123,1,827.21
3018,9,4,1467.91
1171,7,5,518.09
1392,143,2,1355.49
3122,2,1,1622.35
3634,174,2,412.23
1042,146,2,149.74
3824,142,4,1220.78
735,171,5,1111.16
1849,111,1,326.19
2957,97,5,324.72
3697,189,4,918.41
41,65,2,556.67
1705,129,4,361.62
4052,170,1,215.62
3434,17,3,1976.2
928,188,2,55.06
1616,155,4,1498.72
4523,177,5,207.16
4754,20,2,1536.7
2415,57,1,1082.44
4788,22,4,512.33
1532,150,1,1311.55
1836,128,3,438.85
385,133,3,1697.23
3438,192,3,1683.53
97,199,2,1041.11
1495,167,2,1401.43
114,32,2,829.0
1249,147,1,1577.28
749,177,1,1801.4
4988,185,2,1659.22
2039,185,3,687.48
4030,159,3,1037.48
1404,15,4,1739.73
1359,69,3,1347.26
3147,115,5,1671.9
3409,157,4,1730.49
31,126,2,1953.19
4974,69,2,989.05
4137,85,5,1637.3
4381,23,4,780.28
4857,139,2,753.49
1447,182,4,348.42
4625,8,3,465.95
2358,56,4,1591.69
2723,110,1,1221.05
2426,112,4,190.68
3564,197,1,1186.92
4531,25,4,1255.24
2180,47,2,1746.67
2888,152,1,686.16
3229,164,1,395.38
1711,118,1,986.08
3681,140,3,1499.41
1626,107,1,1477.65
1763,173,4,107.66
4686,93,3,1847.5
3606,69,5,1514.27
1681,97,3,1931.63
4755,112,3,1443.12
4603,93,1,1163.12
2225,22,4,681.08
933,100,5,1758.14
767,94,5,801.59
4906,95,4,1878.49
784,148,4,834.7
3132,193,4,38.76
2483,36,3,783.54
4160,22,1,854.72
2783,61,4,267.8
4421,69,2,1598.58
2161,54,2,1935.41
4635,28,4,647.58
1661,144,2,125.66
4291,132,3,1176.26
4149,85,2,1525.8
518,59,5,1483.12
3708,74,5,1329.7
4659,104,2,1776.33
2300,182,2,806.52
4696,164,3,1316.43
459,59,2,766.44
662,170,4,319.78
2858,50,3,229.05
4810,115,4,1779.24
2310,51,3,730.55
3048,51,4,616.52
3600,29,2,1915.31
4272,162,2,1859.7
1056,147,4,1517.19
1970,48,1,173.58
433,156,3,1414.22
458,136,1,1886.63
1106,48,5,1448.82
1824,174,1,141.09
4253,147,1,1473.05
3962,74,2,1353.29
1105,118,4,150.15
2176,124,2,579.29
2553,136,3,257.45
3142,5,1,1834.52
4402,163,5,1928.8
2440,132,4,478.78
3687,67,2,1598.96
1020,31,5,261.99
3872,76,1,1084.69
4270,9,3,452.86
737,71,5,800.46
1092,92,3,214.63
2674,58,5,1719.72
318,23,2,1180.02
4174,5,5,529.06
4465,121,3,1178.28
4666,73,2,1440.64
1122,193,4,1057.53
513,184,5,354.88
1783,127,4,629.75
4972,129,2,1035.23
4100,42,2,1029.99
3861,104,1,1641.49
4800,90,5,1991.75
1577,59,2,1986.49
774,76,4,885.94
3211,74,2,16.98
570,2,5,800.22
1258,65,4,103.26
38,137,4,366.52
1714,46,4,637.93
2775,21,2,762.89
952,176,5,241.02
389,163,3,77.08
4583,43,3,59.78
4666,4,5,653.62
2283,94,5,637.83
517,100,1,53.85
4028,9,4,1795.18
3719,145,5,1233.9
3519,176,4,633.24
4687,117,2,951.01
2517,197,1,1231.03
507,96,4,1163.6
4983,41,4,1057.88
4929,149,4,1288.9
1046,198,5,703.42
1442,143,2,1628.34
4080,63,3,765.83
1947,129,3,1440.13
4752,4,4,1513.8
3723,46,4,319.88
3025,125,2,1268.65
433,93,4,1849.05
4373,71,3,1991.26
1042,37,3,1964.38
1383,55,2,1761.47
1253,122,1,291.47
3998,152,2,42.48
710,176,4,1956.01
746,29,3,164.99
3712,78,5,1359.7
3704,29,2,709.11
2422,15,1,496.84
1854,67,2,532.57
3374,181,5,859.87
3229,91,3,1890.56
355,12,4,660.37
3715,109,5,664.87
4572,24,3,170.06
2587,36,1,505.7
4067,117,3,1878.18
601,112,5,1323.93
2344,132,2,1551.33
2629,193,2,1219.48
2095,89,5,10.35
402,89,1,348.85
2191,25,5,1266.2
4160,164,1,84.92
1331,180,5,796.75
3950,78,4,888.37
2843,99,5,470.04
911,168,2,1031.28
2790,171,1,1526.62
57,98,4,306.33
4357,183,5,119.12
563,112,1,1404.57
3113,10,4,1618.5
1876,38,3,1444.78
1871,107,4,1585.36
4135,63,4,1260.99
2735,22,1,257.6
4106,159,5,1654.98
4758,18,3,799.43
4279,28,3,374.53
3330,120,4,96.31
1174,64,4,837.67
3399,143,5,163.73
1599,25,4,791.55
3010,15,3,1311.62
2542,81,4,1641.38
963,150,5,1305.28
565,72,4,1917.66
2289,136,2,1235.13
2006,186,2,1551.7
2780,11,4,1156.65
1429,121,2,1688.01
4614,45,2,767.89
658,69,5,138.86
2414,42,2,176.67
1345,8,1,1955.4
1521,5,3,1908.29
3138,144,1,1419.57
4817,141,5,1703.87
4610,113,3,1859.89
491,6,5,298.86
1336,168,1,121.03
4548,97,1,564.15
1240,47,2,463.01
2233,119,4,1643.65
4945,122,2,706.61
2290,93,1,96.68
3990,163,2,155.04
2283,78,5,302.56
326,176,2,534.52
2098,186,5,1872.78
4070,124,1,1034.97
4597,102,2,751.46
3759,101,4,1427.12
3342,160,3,141.35
617,83,5,650.29
4047,123,1,485.29
3422,76,4,578.91
4596,49,1,731.15
4053,26,1,450.48
197,156,2,1913.44
3928,58,1,1763.24
1256,174,3,1977.49
1284,128,2,124.85
4364,122,2,1848.8
4734,101,1,96.79
1638,79,1,1979.06
4140,18,1,715.45
3981,3,1,1640.31
1068,10,4,1413.43
4912,193,1,1368.26
3030,143,1,1753.52
4664,100,3,1669.75
3332,41,2,1253.1
3259,15,4,984.16
4580,161,3,745.34
1769,31,1,636.92
1402,73,3,1047.33
2186,195,3,585.07
4927,197,5,769.56
1603,168,4,1547.66
2230,143,3,1786.86
405,181,2,387.99
3060,198,1,1407.92
2599,14,2,503.94
842,1,1,1056.31
65,71,5,635.79
1857,46,2,1469.13
635,23,2,1818.69
1651,69,1,514.22
551,173,4,1363.85
2288,26,5,1472.34
521,134,3,740.43
927,147,2,1709.89
656,173,1,924.29
1422,18,4,324.95
2481,64,2,1068.72
1603,97,4,877.66
3910,145,4,1459.67
2739,60,3,1855.72
1236,36,2,1865.23
390,94,2,1680.71
9,84,5,1383.91
3530,173,1,1867.48
3644,65,4,847.9
3634,64,2,119.57
122,88,4,1719.88
1770,15,5,1161.64
1436,143,3,955.66
1825,28,4,206.26
1378,75,5,827.33
3156,135,4,1653.62
2689,46,2,271.81
3357,22,3,581.04
301,106,1,1067.13
3049,12,5,879.97
1404,192,1,757.61
698,109,3,104.19
380,150,2,423.86
624,175,3,811.05
1598,135,3,1301.2
3233,176,5,1160.71
1959,16,4,279.6
4583,27,5,987.87
2458,134,1,144.8
1395,104,5,1062.38
341,37,4,420.51
4735,92,1,183.97
914,110,2,730.02
234,107,2,1927.96
2087,149,2,749.66
59,143,3,1363.08
3219,147,5,966.15
2133,183,5,1924.01
32,60,1,581.79
3480,96,2,580.36
436,57,3,1376.6
4078,32,5,1763.0
1504,142,5,425.47
1597,182,3,1015.14
817,173,5,728.08
2880,126,4,1563.17
633,113,4,424.11
1906,187,5,1968.35
4977,144,4,695.02
2040,2,5,475.63
403,70,3,1843.09
4726,183,1,1160.37
1729,30,2,1447.94
1248,14,3,1925.75
4092,149,5,931.98
3160,121,5,1846.18
184,45,5,1907.88
2102,28,3,849.08
2072,155,5,1297.94
1952,25,4,1784.15
591,101,1,1802.82
1761,98,2,1746.77
1688,186,1,680.38
332,37,2,285.18
492,135,1,429.68
2597,116,2,471.89
4382,70,1,1430.31
1363,159,3,1968.78
895,120,3,1581.93
4069,166,1,172.28
2410,128,4,498.17
3154,142,2,383.96
2799,69,5,1336.71
80,89,4,1534.42
2429,29,5,1766.8
1125,1,4,1950.56
572,144,1,1499.62
4461,70,3,517.93
2433,68,2,1847.75
1407,11,2,1629.85
329,86,3,865.07
1087,138,4,1012.94
316,82,2,1689.62
973,65,3,998.49
34,1,3,128.64
4030,24,2,1111.29
810,1,4,146.32
4374,70,4,1122.86
3784,21,4,68.78
3806,90,3,1065.46
1237,108,4,683.25
3508,14,4,515.91
990,164,5,1928.51
4496,5,2,993.03
4987,78,1,1576.83
1149,147,2,1017.05
1916,51,3,1676.84
1563,137,4,1951.97
3516,177,5,1446.02
3346,146,2,1662.76
2006,148,5,741.91
3027,136,3,223.65
727,146,4,933.75
4471,45,3,18.55
1964,53,2,1031.45
3715,23,5,212.5
1816,142,2,657.25
4460,148,3,889.16
4503,22,5,1241.3
3784,188,4,555.1
863,163,2,1960.2
2389,130,4,614.58
4433,31,2,1159.35
3669,102,5,1863.65
3235,27,1,1972.22
3836,27,3,897.54
1568,165,4,1705.04
3530,70,1,1624.89
496,131,4,1778.25
264,12,2,1663.87
3097,100,5,126.74
1529,32,3,752.31
680,169,5,1932.23
3737,165,3,702.72
1498,189,5,487.63
3345,66,1,1266.84
674,129,3,385.89
4806,166,2,1850.33
4640,132,2,1733.86
415,18,4,200.82
4354,192,5,1292.23
2150,79,1,1401.39
1136,78,3,626.54
1585,85,3,849.01
1030,101,5,1719.78
1312,174,3,1545.4
3903,110,3,1008.31
2504,122,5,1754.52
4661,127,4,1251.94
4713,182,3,1234.4
2294,61,5,1135.73
3933,192,5,1774.69
1908,135,5,1094.98
2457,14,1,225.32
1741,159,4,1545.02
224,67,5,1344.61
3201,128,4,1021.7
3847,121,1,1438.61
1794,10,4,316.52
3735,71,3,129.25
1221,45,5,1560.56
1096,107,1,475.18
817,77,2,1611.16
934,50,3,56.95
906,81,3,1060.82
1452,68,2,462.17
1831,40,3,1020.86
3691,142,5,801.39
1680,193,1,604.9
2831,118,2,481.92
792,81,4,925.24
3162,157,3,965.57
1167,7,1,1186.2
1532,150,2,1298.3
2677,85,2,541.27
3753,121,4,854.72
430,200,2,1468.95
4668,117,3,1674.74
2420,73,2,1247.36
3980,145,3,1196.63
617,113,4,1465.6
630,195,3,1062.96
3897,130,3,511.77
1091,19,5,101.0
3811,103,5,823.13
1128,15,1,1503.83
1660,76,2,870.65
2282,89,3,1918.94
763,120,5,901.66
752,170,5,343.34
2780,141,1,605.85
2660,181,4,170.39
4355,92,3,1223.97
473,117,2,700.88
2352,175,2,404.88
335,29,5,1433.28
339,29,2,44.06
4306,16,4,1821.47
547,84,2,87.59
520,194,5,989.31
3096,84,5,242.15
2817,161,1,144.15
1829,193,2,1329.58
4357,151,3,345.19
68,95,5,1746.38
2882,16,4,1743.91
3538,149,4,1071.7
4775,154,5,1293.91
1655,35,3,1461.07
1176,41,1,1885.36
4917,154,1,1566.68
336,106,1,980.28
2394,179,5,1151.62
3877,4,5,672.56
3581,63,1,765.06
4759,153,2,634.0
2346,188,4,435.81
4489,32,3,758.38
603,169,2,823.54
4648,50,2,504.74
4874,41,4,179.11
507,181,2,1547.75
658,166,1,1732.92
4272,49,4,1711.31
2005,186,2,315.17
230,118,2,906.18
2967,120,5,1333.2
2247,39,4,246.86
898,178,5,1210.39
2446,165,1,1053.71
4892,49,2,597.4
1954,180,2,1066.35
1784,179,4,1030.2
791,143,2,1495.17
1288,148,4,625.04
3960,97,3,1010.4
2615,185,5,1363.15
3302,178,5,162.08
2725,154,3,741.94
3455,165,4,1154.02
3357,154,1,861.35
2004,13,5,616.01
3281,8,4,660.36
2506,125,4,1833.61
3802,22,5,646.8
2507,87,3,720.57
1384,178,2,1860.38
2717,167,4,1565.89
4478,122,4,1292.69
1140,69,3,1572.96
4099,69,3,1066.25
89,160,2,36.18
3309,127,4,1728.02
248,68,4,1763.34
2073,91,5,825.61
715,98,4,1489.7
4035,44,1,1720.18
4127,118,1,361.85
2426,59,5,209.21
4421,14,5,243.24
4495,68,2,422.87
3024,118,2,124.79
1380,73,5,632.33
4375,5,1,262.08
2594,51,1,1836.36
4534,70,1,86.74
4585,143,4,1916.28
1427,67,2,1395.36
1548,200,3,770.08
706,126,3,1326.29
3045,70,5,1424.46
3043,121,4,1403.18
4920,197,3,1235.21
4749,147,3,54.12
1914,90,5,427.91
4016,163,4,781.47
3018,99,2,1325.18
3264,108,2,1533.62
1373,23,5,1526.93
2023,56,1,1806.6
1865,174,1,134.78
554,172,2,593.6
2445,42,5,348.72
988,157,5,1362.87
2970,159,4,478.43
1779,82,4,763.56
2966,173,3,1849.12
572,65,4,605.15
914,188,1,1934.05
12,37,2,1160.66
4247,44,1,536.83
1674,81,4,1691.52
4540,29,2,1522.59
219,4,3,505.17
2120,102,1,1123.33
52,147,3,1675.16
3549,85,3,432.33
2347,172,1,22.03
3906,126,1,1039.51
4254,134,5,129.41
2555,35,1,1148.74
1955,97,1,191.07
1896,167,5,1407.06
13,77,1,1841.32
4715,40,5,915.81
4985,72,3,805.55
626,142,2,556.73
3035,40,3,1887.61
817,12,1,1851.5
4563,125,4,146.64
100,165,1,1577.98
2343,43,2,316.99
1478,91,3,1310.77
2424,77,4,411.76
4764,94,4,1857.11
3527,16,1,587.27
2405,183,4,1704.51
2499,84,2,1268.47
2388,193,1,338.22
1960,182,3,1798.28
2703,152,1,1802.91
4445,137,3,658.08
586,58,1,1349.07
3642,91,3,506.72
1928,38,1,1978.46
2956,110,2,1430.52
1106,69,5,97.9
43,200,2,1381.86
3213,177,2,1877.81
1145,177,1,224.72
1070,41,4,1875.48
1593,129,3,1552.75
4378,150,5,1700.79
1746,156,2,1700.96
1146,79,2,493.73
4240,93,4,344.77
2653,7,3,1410.56
3810,188,1,1246.4
4081,19,2,728.58
889,45,2,1549.64
304,117,3,203.14
591,57,4,970.26
3231,9,5,210.39
1035,41,2,1133.93
4718,146,1,118.6
556,164,2,643.41
4251,190,3,71.29
4789,55,2,576.34
4426,133,1,1427.33
1926,171,4,1346.9
4916,69,2,1425.49
553,158,5,1593.76
3811,167,1,358.08
4046,199,1,1516.16
2019,178,4,1119.89
4260,44,4,44.9
4520,106,2,1063.07
410,92,5,1907.88
3519,112,3,762.64
1093,151,2,150.78
2977,166,5,1293.52
2468,80,5,635.63
4330,148,4,10.32
343,173,2,163.5
2888,194,1,214.97
128,80,1,473.91
3064,192,2,1782.74
1299,151,1,240.2
1358,111,4,1673.6
1448,181,1,96.47
3292,129,5,517.4
3741,92,2,1668.95
2139,74,5,74.3
815,93,3,1552.39
4451,122,5,1121.47
3085,112,1,1267.47
4264,87,4,1458.38
2487,66,3,940.72
229,120,3,361.29
480,158,5,903.63
1963,175,1,1797.41
3248,2,3,422.94
3659,107,4,457.36
1304,32,1,1212.73
1649,159,2,1821.0
1774,199,3,1106.64
4144,92,2,1671.71
1249,129,5,330.08
2712,200,2,1853.24
1896,198,3,847.93
3941,172,3,281.92
2630,121,5,1671.63
2669,28,1,1143.87
3814,160,1,897.5
3075,54,4,719.61
1246,197,3,1457.61
927,78,4,1984.18
4233,153,4,1267.31
4438,109,2,476.79
2057,125,1,834.84
881,47,3,657.71
741,106,1,698.47
2527,30,4,796.56
2287,67,4,1600.13
4420,111,3,294.19
4077,140,1,195.04
3031,7,2,1888.26
4182,161,3,544.3
3512,142,4,1339.7
2895,50,5,131.86
2080,131,5,619.07
392,26,4,45.61
4795,138,4,1685.65
3229,62,1,1044.86
2416,151,4,1407.51
2846,110,5,346.71
1950,112,3,106.55
819,144,3,1343.43
4370,183,4,791.92
579,35,2,1296.39
344,48,4,1744.46
367,99,5,1991.32
2596,27,2,742.86
768,72,3,919.25
2936,114,5,539.54
203,157,4,1020.62
632,198,4,763.18
1344,7,2,191.17
4283,3,2,234.48
4923,97,3,806.86
4992,4,4,961.28
3650,10,1,441.02
4261,171,3,557.78
695,16,3,65.93
366,89,4,1699.11
3091,39,4,1421.2
574,135,1,1060.42
4535,164,1,15.22
809,131,5,1493.13
153,134,3,468.58
3119,95,1,590.86
4464,145,5,1109.61
3183,52,5,269.24
1405,77,2,155.19
1732,123,5,660.35
1435,130,4,112.83
393,38,4,1706.45
2416,32,3,688.16
1428,90,3,371.4
1248,29,1,101.64
3931,106,2,647.48
3475,108,5,32.94
2631,76,2,1838.7
3504,32,1,1657.22
2604,112,1,1725.96
4334,85,4,807.03
2659,52,5,730.33
2907,178,3,589.05
335,112,4,1477.9
2405,185,3,1553.7
2970,170,4,497.99
2906,151,1,1152.27
1951,45,3,1866.27
2549,133,4,746.45
3050,3,3,1007.18
4173,189,5,1313.42
1006,18,3,1315.03
3334,91,1,812.51
3643,157,3,497.72
4874,191,2,82.72
1781,79,1,117.56
1770,135,1,1984.58
2002,37,2,1646.38
2932,34,1,686.91
200,23,5,1770.21
472,86,4,452.25
3706,158,2,1560.47
186,35,5,1994.92
1139,43,2,1868.96
973,7,1,976.04
3672,38,3,1686.33
3382,32,1,952.05
1269,79,2,1906.13
2911,139,3,80.42
4365,181,1,911.13
1366,132,2,1928.34
1972,99,4,1360.16
4923,122,4,995.01
1780,47,4,569.82
3696,174,4,768.37
3921,197,2,373.19
1635,102,3,839.17
3856,156,2,64.68
2710,44,2,1110.92
1396,43,1,732.94
1278,22,3,265.09
3246,96,4,503.94
4346,100,1,1173.89
3799,45,1,1748.02
3790,160,1,917.68
3683,69,2,421.82
1859,88,5,1577.14
4536,57,1,1414.37
1774,135,2,884.25
1625,132,3,1967.12
1841,134,4,442.39
1355,80,4,97.66
721,24,3,1527.39
1047,81,1,1611.91
632,130,1,1201.18
2605,82,4,207.98
4509,115,3,816.83
2082,180,1,1688.7
1356,199,3,1515.3
930,88,2,1864.34
3092,184,3,384.99
936,21,1,79.74
3809,126,2,1219.39
3113,33,1,604.59
2636,181,5,387.77
2647,8,4,189.42
653,113,4,1362.05
1541,185,4,1380.37
4409,196,2,1188.93
3751,199,4,120.0
3291,48,2,1332.39
1333,91,3,893.55
248,183,1,1740.44
2433,17,3,1211.77
4424,114,5,569.23
68,125,1,1288.38
4977,74,5,1691.2
268,9,3,824.89
3167,101,1,661.12
2229,109,4,1039.17
4505,159,2,1020.69
4917,131,1,942.21
1793,115,2,106.7
3443,64,4,1426.88
4753,10,4,932.78
12,29,5,1862.9
717,90,4,1120.01
707,25,2,1896.02
4741,138,5,745.51
2517,110,4,775.67
78,74,4,1561.83
1785,172,4,610.39
3390,191,1,1830.53
4546,166,2,1956.41
3917,48,4,1649.64
4320,58,5,1304.86
615,129,5,1076.68
1380,67,1,1382.0
3968,88,2,847.83
3393,167,3,1354.76
1348,143,1,311.02
1644,108,5,1507.3
2745,61,4,332.69
1816,17,2,84.33
1421,138,5,903.04
3303,15,5,314.77
579,151,2,1506.75
675,86,3,938.8
4620,30,1,1191.36
3799,113,2,1795.51
2028,57,5,1168.62
1388,53,3,1737.53
4900,127,4,1128.36
144,139,2,189.13
587,42,4,1384.06
3095,87,1,1651.45
4238,196,5,640.17
3002,111,1,975.01
2931,71,5,662.87
1221,136,4,502.67
4126,29,2,948.43
555,104,3,1932.67
2038,49,3,894.8
780,111,5,36.53
4604,90,2,1648.01
474,7,4,1269.11
4018,184,3,1837.03
1283,153,4,696.81
2806,153,4,613.8
2059,138,3,1619.71
2359,119,1,947.82
3029,82,4,1380.52
566,71,3,1189.21
34,28,3,1962.67
2328,167,2,565.3
3049,183,3,754.7
2367,23,3,1434.96
1423,56,3,960.24
2894,56,3,1687.16
1417,186,1,120.19
4514,90,4,846.83
3072,171,3,927.79
1492,185,1,585.34
680,80,2,1921.03
3898,73,3,1781.82
4339,187,2,1648.5
4349,91,2,1346.24
384,160,1,1449.43
798,31,3,1588.1
1008,91,3,69.82
2144,155,1,645.4
989,31,2,1372.06
1304,69,5,661.09
4661,120,1,1530.46
3,122,4,1677.66
4699,84,3,1856.37
105,153,4,1948.75
4111,169,1,1743.81
1359,18,4,588.19
723,144,3,1524.72
3725,175,2,1666.65
2222,84,5,344.75
2319,170,4,847.99
571,23,4,504.37
704,14,3,1156.8
3149,57,3,1959.36
3495,10,3,660.34
4220,171,3,727.87
499,99,1,43.56
1617,144,2,1045.52
1401,28,1,1142.01
1296,94,5,1058.19
3213,54,5,1125.24
1995,104,2,983.75
4480,44,4,1341.52
644,22,4,753.82
1429,36,2,1038.62
3802,87,4,50.58
3093,64,2,1051.04
2062,163,4,167.99
1256,83,5,142.6
2646,157,4,1090.62
2248,8,4,1651.13
4010,152,1,1317.28
3917,21,1,10.37
4801,86,2,1563.78
3501,8,2,36.53
3023,153,1,181.18
667,88,1,645.34
1847,67,1,487.52
666,74,2,196.43
3018,80,3,215.21
989,102,5,1725.41
4525,146,5,242.49
230,7,5,849.15
4524,54,1,1849.89
1899,4,1,822.42
1999,23,5,1604.49
1130,23,2,1764.97
1413,7,2,1048.11
2894,50,5,1220.42
4245,91,2,475.35
1099,172,4,209.22
3863,182,4,500.2
2107,42,1,1585.14
1517,65,1,1029.84
545,113,4,1094.41
3710,133,4,1075.88
3457,197,3,286.59
4035,18,3,240.94
4408,25,3,1591.36
612,43,5,1380.07
3102,16,5,952.16
4317,2,2,95.75
750,189,2,264.58
1584,33,1,942.01
3832,163,4,1986.08
1276,12,4,700.34
3483,98,3,1089.77
1995,116,4,1424.51
1952,81,4,33.82
2132,33,4,1764.65
1173,60,4,1435.16
534,3,4,619.55
1126,133,1,303.67
3909,53,1,1316.66
3630,108,5,548.48
4020,188,5,1999.2
3080,170,5,283.75
2199,10,1,957.03
1746,115,2,185.46
3452,190,5,371.34
1830,124,1,1531.55
1735,40,4,1198.87
3085,189,3,1836.07
2283,55,5,615.13
4055,149,1,403.49
3769,149,1,1119.04
4192,166,4,1147.89
1435,160,3,463.67
2781,172,1,1453.47
4619,184,2,368.17
1923,141,3,544.94
1117,3,2,971.03
2825,10,4,1896.1
2074,108,1,1748.73
153,131,4,1557.18
1457,71,5,388.52
3012,194,1,604.28
4398,137,1,1156.09
4245,170,5,210.16
3745,164,4,1280.6
2439,83,3,1227.9
258,143,2,1420.06
4162,178,2,1119.21
3779,68,3,1994.66
3988,166,5,1907.2
4092,73,4,1178.16
3917,147,5,1404.58
2617,101,2,1140.88
2068,33,2,1182.55
2071,75,5,1650.17
2534,139,2,806.83
338,30,3,1279.7
4509,14,3,70.95
233,26,2,621.22
3332,43,2,1224.35
3109,73,3,1663.34
2714,200,1,934.66
304,49,3,1967.07
2599,130,3,1442.2
4627,142,4,561.19
1184,74,2,85.66
3359,51,3,727.33
3587,130,4,1593.53
1255,46,5,1604.72
1894,193,2,1797.92
523,152,5,207.48
333,183,2,540.82
1960,99,2,1254.92
3037,81,3,930.57
4521,155,3,1675.25
1680,110,4,1175.35
3951,178,4,70.48
772,95,5,731.92
1252,162,1,1994.58
4240,73,5,1675.39
1089,78,4,247.44
4183,79,1,661.11
523,197,1,647.0
836,199,3,874.0
2680,100,1,209.3
1329,87,4,1497.71
3495,191,2,1987.19
2664,72,3,153.05
4854,171,5,1714.81
2677,132,1,1918.4
2586,47,1,1902.47
2903,130,5,438.24
819,183,2,348.76
2712,122,4,638.26
4410,170,5,108.49
1018,83,3,381.77
2556,42,1,1502.11
2337,31,3,749.87
3913,78,5,1361.07
3942,144,4,704.25
4534,45,4,1272.1
3115,61,4,59.29
3541,52,5,481.27
3528,86,4,1739.29
3155,192,4,575.25
1461,182,5,1225.46
1889,138,1,1618.88
50,148,4,1890.58
3571,91,2,1398.64
3490,178,3,778.38
2213,193,2,563.17
4001,103,1,704.02
685,152,1,189.47
4810,8,1,1307.43
3329,164,1,1925.29
3832,73,3,1203.16
114,103,4,294.51
1863,11,4,824.67
1860,171,5,796.15
4834,114,5,878.57
3886,135,5,781.16
2028,18,1,389.87
3460,127,5,615.0
1673,174,1,623.86
1044,52,1,281.08
2368,77,1,654.88
35,184,4,1407.76
336,33,5,1776.2
4217,56,4,1520.51
47,125,3,1223.61
697,71,5,383.71
2977,80,5,521.86
3603,171,3,1778.02
1124,90,5,1246.29
210,151,4,1161.15
101,30,5,1340.6
2040,123,4,1406.95
4735,62,2,735.92
2272,30,4,543.46
4845,165,4,880.31
1901,74,1,984.81
2159,118,1,1586.07
443,105,1,22.73
4860,34,5,119.76
2847,21,1,1384.12
4844,117,2,1969.75
3042,199,1,786.03
627,155,3,847.75
3039,172,3,330.2
899,3,5,204.22
4316,125,2,1598.69
2927,195,2,395.87
631,134,4,608.04
597,100,2,1516.14
937,141,3,580.34
4984,26,2,1968.87
195,22,1,481.53
423,1,3,1993.28
4202,11,3,84.88
4486,86,1,600.1
1768,186,5,1755.78
3796,118,4,1327.96
3790,26,1,899.95
243,23,2,944.41
2148,107,5,1011.92
3542,14,5,614.16
4694,51,3,832.18
3133,92,4,1252.84
2580,157,4,794.8
230,171,2,887.31
4688,117,2,1244.47
2844,183,5,680.97
4059,191,1,1940.97
2614,128,1,803.0
4699,93,4,89.87
1654,141,1,1060.25
516,18,5,844.98
2958,26,4,1208.86
375,14,5,887.15
223,105,2,1515.11
3971,129,1,36.53
3662,132,5,1073.28
330,163,1,1060.95
2041,3,5,266.93
3788,199,4,1837.59
4350,133,3,258.37
1292,15,5,1813.84
4498,79,1,1294.4
2124,69,4,312.44
2215,116,1,1545.8
3597,76,3,1808.17
1740,105,4,92.84
2937,175,5,407.84
408,71,2,1426.15
3770,118,2,361.03
2761,64,1,723.15
3555,19,2,928.08
2776,156,1,518.62
3212,51,5,1318.88
3379,75,2,834.81
1411,165,2,1261.48
3516,175,4,1304.88
2761,43,1,1433.95
1963,137,3,642.1
2637,57,2,1062.71
4480,55,5,1911.71
976,88,1,938.61
1465,83,1,145.2
653,70,2,1735.14
2639,102,5,856.3
344,37,4,36.34
4476,4,3,973.07
3068,99,5,327.08
1298,7,1,1564.67
601,93,1,71.9
3408,76,5,380.07
2481,152,1,209.83
3154,1,4,1284.6
3365,185,2,1580.83
2895,7,2,19.07
959,151,3,946.34
4569,47,5,1959.98
2501,111,5,33.05
105,92,4,1862.49
4248,40,1,401.97
1522,130,1,1048.64
4482,142,3,1091.57
151,180,5,762.79
1803,91,4,125.04
2466,103,3,461.76
1845,74,3,1879.83
1724,79,3,571.55
181,61,1,1704.14
4942,110,3,1653.63
2090,190,1,47.84
3284,72,5,354.52
2715,196,5,1437.96
25,112,2,507.01
1082,67,4,1950.06
1900,20,3,1034.04
146,99,3,1305.53
892,128,5,24.68
1634,138,1,432.2
2170,12,2,979.08
4047,162,1,546.08
3598,129,1,1547.55
3392,11,1,1980.71
4352,134,3,1567.13
4591,194,3,250.72
1222,28,2,690.02
2094,63,2,312.48
2704,85,5,486.99
1313,179,1,924.55
2225,69,1,1714.15
859,185,5,1290.16
4287,43,1,1372.13
4602,67,1,1861.64
961,178,2,638.35
367,188,4,976.48
2418,171,3,1029.44
3584,73,1,1094.23
2969,20,2,583.67
2904,142,4,76.84
4163,63,5,587.93
316,86,2,1483.85
1715,33,2,850.26
1048,84,3,1880.85
2454,199,3,816.34
639,130,3,308.79
3124,22,1,1523.25
672,62,2,596.33
2809,47,2,555.35
4852,132,4,899.01
2067,112,3,1868.54
4930,84,5,49.67
2319,180,4,836.34
1265,124,5,1083.7
813,160,3,515.24
3646,26,5,165.64
771,92,4,1765.61
3738,139,5,714.84
62,40,3,719.96
4964,134,5,340.42
2536,124,3,761.59
1254,115,3,1618.85
1702,27,5,1293.95
4419,171,4,1152.86
46,192,1,620.99
2185,77,5,261.24
287,132,1,1921.49
4937,99,1,515.31
4459,57,2,219.55
896,23,5,831.12
4964,124,5,501.95
1488,118,5,90.96
1466,1,5,463.6
4372,137,4,588.53
3808,162,5,742.39
4933,97,3,1199.07
4629,142,2,1337.47
69,91,2,1219.94
2623,3,4,589.02
819,176,2,994.13
3945,44,5,1982.58
1744,3,3,1032.49
1184,33,4,888.14
2142,85,5,583.46
4445,95,2,454.24
2725,83,2,949.83
18,19,4,723.84
1769,143,4,1224.72
2489,164,5,1684.28
757,119,2,302.79
869,39,3,1857.95
4510,188,5,1109.72
4720,57,3,1123.35
2283,190,5,1718.6
1793,81,1,109.37
2756,127,3,465.98
809,137,3,1732.22
1034,90,2,1941.79
4644,173,1,47.82
2057,107,3,310.01
4426,103,2,1263.67
2361,138,2,426.32
969,37,5,1198.35
2104,12,1,907.0
880,52,2,1022.99
3445,76,2,918.66
887,59,4,184.5
3762,138,5,1864.09
3018,186,2,863.86
612,132,4,1115.47
1505,125,3,1536.52
117,107,1,562.11
4294,166,1,943.07
3108,97,4,893.1
1954,86,1,916.27
2801,15,3,808.66
3247,73,1,412.23
711,43,1,773.65
1997,133,4,1929.99
1716,165,3,997.77
2859,36,2,1609.72
772,140,4,204.93
791,79,2,1531.0
3814,93,4,1069.24
1400,188,1,995.49
3289,129,1,976.2
3789,138,2,1728.18
4412,175,1,219.04
660,33,4,1847.86
536,179,1,867.91
854,152,5,1041.63
226,113,5,313.61
952,141,4,1740.05
2283,46,5,377.96
2215,200,1,1715.45
1393,36,2,1214.47
3907,110,3,1119.95
1887,85,2,231.23
3568,22,1,343.54
4904,70,4,781.93
1284,76,2,1959.5
3854,175,4,1815.86
2652,68,1,266.39
2505,39,2,1942.67
340,7,3,593.85
3936,139,3,556.95
734,8,5,1549.62
1828,188,1,1933.32
303,133,4,1804.68
1060,183,5,1116.28
2971,127,4,92.27
424,144,2,30.16
1802,24,3,88.61
1649,56,4,51.8
3712,38,1,1588.92
669,15,4,1452.9
2111,149,5,258.01
2288,2,1,721.42
1240,18,2,837.47
454,123,2,1111.41
2834,52,1,1403.82
4912,103,2,835.83
2260,143,1,307.55
2737,61,5,1389.13
1888,91,3,1695.67
4955,108,1,923.24
1075,138,5,708.75
1098,128,1,901.44
2146,62,4,1501.7
3361,188,3,284.98
3892,124,4,102.07
3630,151,1,623.61
3079,28,3,130.07
2072,156,1,1763.59
1233,54,3,1165.86
4262,87,1,1345.67
2257,79,4,837.72
4816,18,5,1193.17
835,79,2,813.08
3095,158,5,131.24
1614,55,5,1081.93
4638,132,2,725.02
4134,124,5,1900.07
678,57,4,542.15
787,16,5,1659.68
2937,99,5,104.85
2866,175,5,1200.46
3491,26,3,676.18
1228,3,3,1134.29
2224,68,4,552.72
2779,83,3,233.36
4443,17,1,655.29
640,190,2,548.49
2933,109,2,874.86
4961,183,1,1693.26
1783,189,3,1357.92
749,128,3,108.57
2108,95,4,1458.8
1870,192,1,35.64
2235,119,5,245.38
267,134,4,1930.14
1070,11,3,298.28
4809,36,2,1201.34
4290,152,1,886.5
8,167,3,1048.74
4439,163,1,1594.8
55,44,4,1061.51
4027,200,5,545.14
3076,197,1,575.0
312,28,5,1239.81
3090,98,1,1374.77
1926,43,1,268.22
974,78,1,83.97
1875,99,4,961.76
3806,92,3,1749.78
3751,125,2,1621.6
3136,73,2,1138.85
1510,113,1,1433.18
2326,7,3,698.36
1357,15,4,1090.44
3403,89,4,1453.74
3966,157,3,602.73
4931,5,3,1800.52
1387,162,2,1087.92
1831,98,4,346.2
4998,200,4,1225.65
3603,165,1,1678.76
4229,132,2,1019.28
2194,166,4,1727.71
4175,120,1,1478.11
1833,171,1,963.96
4314,46,5,1567.09
4445,143,3,176.32
2450,140,3,273.65
1348,167,2,1713.98
2426,68,2,1410.26
3682,112,1,1374.02
2603,122,5,736.26
467,132,3,1895.35
792,36,5,1174.13
3956,174,5,92.36
1619,188,3,1711.54
3016,200,1,134.73
4834,172,1,816.05
4427,73,5,1513.08
1114,180,4,1123.67
4752,148,1,1709.13
3801,54,5,1662.66
4380,103,4,280.36
2741,124,4,763.63
1409,154,3,478.74
145,185,4,567.14
2498,198,1,1428.95
2977,43,4,1177.36
642,189,3,769.19
1799,157,4,1821.85
1162,68,1,1287.83
3201,50,3,1283.17
3310,176,2,729.45
706,127,2,66.78
4628,62,3,508.07
3175,96,4,1699.87
1351,183,1,144.84
4677,121,2,1432.31
2000,124,2,1181.33
143,179,2,840.8
480,175,2,1790.06
2759,130,1,341.72
3446,3,3,516.01
1479,84,5,13.78
1016,178,2,207.17
3877,133,5,1244.67
2746,39,1,301.46
450,23,4,1408.58
3238,193,3,1473.8
2856,55,1,1359.37
4413,9,5,1577.41
1694,6,4,365.56
2935,58,5,1042.89
4350,158,4,1957.61
2361,162,4,534.37
3087,172,2,1324.44
2911,123,2,226.81
3169,56,2,107.05
4965,27,5,1871.18
1309,123,4,713.55
1536,200,2,1195.44
3124,61,2,1694.81
4621,189,3,378.35
2702,155,2,1853.58
2420,8,4,1223.74
4377,9,4,229.68
1184,35,2,935.62
859,128,5,1062.64
812,146,3,662.64
1384,191,3,580.14
485,120,4,1101.38
4837,109,2,62.96
1540,89,1,1702.27
2125,195,1,250.64
4204,124,2,1470.61
4233,60,2,683.63
2133,47,2,1173.53
1159,135,2,222.87
1806,60,1,622.51
298,7,5,1623.69
1171,134,5,1765.46
4036,103,5,1483.48
3,199,5,1947.85
3114,161,5,195.06
3084,38,5,1340.78
4331,172,4,1807.89
3218,50,2,648.82
558,123,1,582.63
4536,198,4,1941.37
587,131,3,1887.54
2799,68,1,612.0
3639,23,4,126.83
4912,58,3,1294.08
2945,80,1,254.57
4180,30,5,1178.61
1549,29,3,76.59
3578,52,1,1428.39
3960,125,2,1811.55
2410,115,4,1962.13
2792,129,1,1617.8
3562,154,1,707.28
3692,66,2,1669.82
4031,72,4,402.25
2039,93,5,742.16
4485,194,2,841.59
3954,149,3,65.8
4411,32,1,406.25
4463,163,2,1469.43
2995,34,2,894.59
1340,31,4,1252.75
184,53,2,1891.98
3133,73,1,1167.94
690,141,3,1812.12
4583,74,1,374.95
4307,123,2,1080.4
1424,182,5,1920.66
1336,153,5,1679.65
3756,45,2,935.95
218,5,2,995.84
3403,146,4,1295.2
3868,80,3,407.81
439,195,3,1402.12
3881,87,5,1077.64
4418,198,1,202.4
3835,34,4,1691.09
2568,22,2,454.88
715,41,5,1958.93
1348,102,4,984.76
3937,143,4,390.83
45,180,2,1632.8
4034,47,3,1451.71
4613,72,2,1593.16
1352,13,1,158.32
1654,153,2,27.27
2993,113,4,815.34
2694,123,3,1597.41
3511,14,5,14.17
481,149,2,877.7
4489,59,1,1127.73
1839,78,4,1852.72
3522,25,5,592.65
2034,88,3,1549.37
1340,74,1,487.89
2168,135,4,1405.41
1094,62,5,212.33
856,115,5,192.32
2900,115,3,1832.07
617,121,3,934.84
4137,168,4,1205.96
4720,113,3,1818.92
286,191,5,1245.97
3784,23,2,1725.34
144,81,4,1774.46
3463,157,2,1892.34
3753,37,2,1583.6
3759,102,3,925.38
3465,187,3,203.36
4892,175,4,559.28
4502,133,5,226.82
3682,101,4,1790.77
4856,169,4,1606.83
3588,6,4,564.12
2805,80,4,1703.8
2659,21,2,1230.96
700,167,1,1489.17
1795,72,3,1550.24
3937,179,5,71.69
3863,1,2,316.31
4637,80,5,1798.42
1030,33,4,177.03
4751,22,2,635.81
3822,160,3,800.37
2575,47,2,952.48
3182,17,5,1562.29
4145,50,3,431.55
1025,108,5,610.07
3106,36,3,237.74
21,98,5,1496.94
616,165,5,292.0
947,134,1,481.71
4916,139,4,134.76
2851,181,2,1426.8
562,51,2,1151.88
3967,3,2,636.97
695,1,1,1690.36
4310,187,1,1885.34
582,14,3,1366.13
4407,107,5,1420.01
1930,172,1,204.9
1333,46,5,224.19
2771,156,5,1272.49
347,88,4,862.19
2684,162,2,79.65
3149,5,5,1259.29
1878,161,2,356.57
3073,8,2,1830.66
307,167,5,430.89
2860,66,4,836.83
51,20,2,999.05
3215,42,2,904.45
3357,98,1,242.47
3362,4,3,1891.94
1873,150,5,1884.66
646,65,2,1165.1
1254,63,1,666.27
1118,159,5,565.03
4400,81,5,108.22
3999,198,4,882.07
2066,146,1,1049.94
382,186,5,1555.74
3325,75,1,1677.86
1330,91,1,907.7
52,150,5,953.12
2762,27,5,329.21
3634,102,2,1913.45
3436,62,5,194.56
303,177,4,325.42
1470,135,4,1707.5
1762,145,1,685.81
1138,96,5,1585.66
4567,39,3,1771.17
3315,167,4,1815.36
4772,167,5,816.85
2030,48,3,1111.14
1546,138,5,1825.92
3877,183,1,974.16
553,57,5,1449.95
4540,166,3,731.74
1606,122,3,519.7
2285,1,1,682.08
2167,195,2,224.81
4281,80,4,1132.09
1003,84,2,15.19
2861,11,2,64.94
153,19,4,1746.1
775,175,3,1350.79
1950,115,5,1722.62
1260,116,3,723.24
766,55,4,855.5
1863,94,5,1779.92
2358,121,5,1086.48
2826,55,4,348.77
119,70,5,1627.62
838,97,4,1960.49
810,42,3,1457.11
939,125,5,591.09
80,27,2,1654.55
177,191,3,1488.55
1317,93,4,712.91
3796,190,1,1481.02
1052,63,3,1374.92
2585,98,2,114.03
1969,198,5,1067.36
909,119,1,689.03
2427,62,4,775.35
2541,198,1,1948.12
4005,40,2,149.95
3158,96,3,1920.07
1593,29,2,1369.47
762,181,1,824.51
51,107,4,42.1
4144,149,2,36.64
2201,45,1,544.78
2044,55,1,514.84
960,199,2,1261.12
2132,120,5,1573.42
1652,118,3,1898.37
940,100,5,532.28
1435,141,1,550.33
1302,150,4,1872.56
2046,147,3,1672.18
2786,62,5,324.69
4484,24,3,119.3
4709,5,5,622.08
4644,186,2,1089.85
2991,42,2,265.07
3609,189,1,720.02
2784,84,3,624.86
1020,27,3,990.46
4645,190,3,1298.94
1967,111,3,1119.1
1428,191,4,1877.72
835,164,3,369.98
357,133,1,1848.75
3080,89,5,94.32
3159,34,3,924.1
2378,133,5,1685.62
2621,78,1,1737.69
4904,41,3,667.53
985,3,2,1655.94
4585,180,2,1986.77
4941,145,1,654.56
3694,43,1,893.19
2888,76,2,1430.35
1651,115,5,1069.31
698,89,1,1080.95
3820,25,3,243.72
2565,38,4,1623.58
3753,188,3,464.64
2235,68,1,1324.06
4309,22,2,699.22
842,121,3,603.54
2812,198,5,867.08
717,82,5,1746.69
3361,47,5,14.11
4744,172,1,1123.51
2898,119,3,1251.4
4232,76,1,1887.6
4224,28,4,795.8
45,18,2,1813.57
3385,89,3,596.8
321,91,5,1776.03
3676,47,3,1454.88
4864,132,4,1947.77
3279,31,3,289.29
4187,95,1,747.17
2635,99,1,113.24
3707,53,5,422.54
3802,88,5,1522.2
340,168,1,646.95
4679,104,2,1930.23
1198,183,1,1945.32
4789,80,2,788.04
20,171,5,1917.7
2885,197,5,1672.65
469,4,2,553.48
2364,91,2,1840.13
3567,182,5,1288.16
2949,29,5,1206.63
1420,142,1,594.5
3471,34,1,518.12
883,9,5,1650.12
3416,135,5,195.98
181,40,1,1842.95
2128,90,1,277.47
4565,191,3,1900.9
1055,198,4,1310.68
3740,27,4,735.14
955,15,3,739.26
4610,148,4,562.04
116,69,2,690.01
2717,171,2,537.93
4575,173,3,1909.45
2008,137,2,16.47
1285,166,2,1692.9
3673,8,5,167.87
4734,67,3,1862.68
3113,153,3,1694.03
2793,151,4,199.13
4280,105,5,1467.11
4130,175,3,938.36
4118,81,1,363.39
1460,45,4,1924.64
2688,169,2,483.43
379,150,2,900.79
206,107,4,1665.43
4320,185,1,1092.57
3827,41,4,725.17
3082,116,3,400.01
16,33,2,187.39
1810,141,4,548.58
2988,30,3,1725.8
2116,80,4,1641.49
1671,105,5,1196.45
2498,90,4,1546.25
4740,27,2,1867.26
3721,51,3,166.3
1375,76,5,448.53
2926,131,2,694.4
1937,161,2,720.08
2850,83,4,184.05
1051,132,5,1203.76
1366,14,5,210.86
928,45,1,1119.73
1182,114,1,705.74
450,37,4,1143.59
1951,5,3,817.25
1164,191,4,482.71
1499,146,1,1285.49
4793,148,1,1240.87
3555,126,3,21.49
4953,180,1,1120.73
4464,130,4,121.05
4608,69,4,1636.99
4958,138,1,1639.04
3038,107,2,922.55
2996,64,3,1478.06
586,184,2,1071.15
4727,69,4,195.11
296,115,3,817.0
4953,34,2,1890.31
4062,120,5,1656.02
429,59,3,1862.99
68,59,4,1822.88
329,34,3,80.66
1370,123,4,1010.88
2393,157,3,498.75
4747,96,4,589.32
3558,99,5,1940.75
4037,109,3,418.3
4941,153,4,1901.61
1172,31,2,1552.14
2461,192,5,1390.85
2163,25,4,1662.7
4996,142,5,1566.62
1414,36,5,581.48
388,122,1,1795.76
3581,112,1,237.46
1714,89,1,1096.93
1970,136,5,1554.95
390,169,5,1333.25
3640,106,3,415.12
863,150,2,1436.66
167,20,2,1584.87
215,23,2,1936.26
3085,117,4,1581.9
1721,52,4,338.77
3559,140,1,968.01
4874,53,4,431.6
924,17,5,1165.62
379,40,3,932.3
2829,111,3,1924.58
2712,137,5,125.59
350,18,1,231.76
1514,143,3,1447.75
3070,66,2,459.0
1479,48,4,629.62
3777,56,5,198.91
4405,185,5,553.5
2673,16,5,537.15
3923,31,4,1730.45
3992,30,2,1793.01
4320,18,1,1725.92
1428,139,5,729.69
2749,101,3,513.66
1650,88,1,255.38
2419,171,1,1105.16
2648,82,2,939.99
794,144,5,1237.03
861,179,4,1808.86
1261,156,4,790.58
3251,141,1,1588.94
1773,105,3,798.54
1743,111,2,1227.45
1061,199,1,176.27
484,102,1,857.12
1654,23,5,1367.13
3798,41,3,170.91
3895,100,1,341.61
1443,13,5,539.23
3541,6,2,1902.01
2684,142,3,665.22
63,64,5,928.27
4458,115,3,836.24
4267,180,5,732.02
4633,23,3,356.98
384,124,5,1964.65
1967,198,3,1818.79
4285,5,2,1055.46
4618,16,5,76.41
4753,143,5,962.4
873,196,1,1004.87
1039,164,1,983.83
625,25,3,714.98
3608,197,5,714.72
25,190,2,152.4
2113,92,5,1353.71
1524,133,5,1471.67
2759,15,3,1082.26
2808,1,1,727.85
3872,7,2,1796.03
3674,195,2,901.97
2439,117,1,231.95
67,23,3,739.38
882,92,4,934.81
2036,151,2,319.29
640,59,2,1692.25
4926,54,4,201.24
3654,119,3,711.27
4825,92,4,1096.58
2389,124,4,171.34
853,104,4,1701.31
3178,27,4,677.42
1018,50,2,392.12
567,140,2,218.96
1846,142,4,1198.29
753,5,4,1423.37
2209,150,5,1311.2
79,200,3,1804.77
2186,58,3,345.67
4507,22,3,856.24
3357,49,5,835.4
1803,144,3,1330.04
1059,73,3,808.67
2772,12,1,222.57
3822,141,4,481.42
1762,188,4,1671.03
4422,46,2,1648.32
4275,43,5,1950.12
178,151,5,899.9
4268,73,1,258.22
1788,131,2,1193.72
75,96,2,1256.05
4303,125,1,1882.4
3011,37,5,1300.2
1508,5,5,454.06
1503,35,2,1111.14
3563,199,5,1037.0
2966,148,2,736.93
2040,86,3,1183.76
4376,43,4,1978.77
4389,7,4,1767.09
2325,83,1,795.36
2044,2,4,867.9
279,85,1,1283.4
3229,63,3,944.46
3948,199,4,487.62
2,34,2,895.88
3004,124,1,117.31
4355,127,2,1461.01
4108,106,5,1365.71
3734,184,4,522.82
3039,32,3,1654.92
1188,37,1,1642.88
2807,138,2,646.07
2383,59,5,1175.43
2408,15,1,1060.57
2436,10,1,1016.7
4237,25,2,702.27
4117,181,1,238.72
2255,159,5,95.5
2657,198,2,1325.95
3807,37,5,386.44
478,86,5,1364.63
213,119,2,1364.52
310,11,3,1155.9
4252,102,5,415.64
1515,85,2,893.84
1731,194,3,1737.31
4594,94,4,1492.92
2965,190,4,724.95
2816,154,5,1720.36
4952,101,2,702.24
2935,26,5,937.24
3666,65,4,1075.96
3878,177,2,67.24
3176,87,4,192.81
4136,113,4,948.5
304,67,4,1628.08
592,29,5,979.91
3466,113,4,96.51
4062,140,2,140.37
1306,160,5,1475.94
3378,100,4,757.7
4051,132,2,1628.72
929,129,4,1745.54
3292,33,3,615.41
1113,83,5,788.03
3399,157,4,1494.03
3736,200,1,1289.04
1797,1,3,698.05
3824,182,5,1035.16
1458,107,1,858.11
4282,197,1,1281.05
1462,101,2,1247.72
2360,51,2,589.44
4192,188,5,798.12
242,11,3,399.68
4034,20,4,1097.39
2624,35,2,673.84
678,195,3,143.29
1519,140,5,1773.04
3632,146,3,582.78
3671,59,5,244.78
3557,12,1,286.02
4795,51,2,843.14
4449,94,4,1316.52
130,108,2,1916.77
4620,41,1,1067.07
2259,66,5,984.98
188,182,2,853.21
4313,177,4,795.34
2411,81,1,1550.26
2407,25,3,716.86
1113,95,4,1390.01
2448,12,2,1325.79
1811,191,1,1475.9
1529,51,2,1934.43
3041,38,2,249.2
4811,90,2,653.62
1420,175,5,240.36
1393,12,4,1625.13
4101,122,1,341.54
2757,124,1,797.94
261,47,4,1062.15
866,19,3,1567.68
2830,22,4,1589.82
2853,191,3,720.95
291,52,5,720.3
622,118,5,1135.12
4647,103,5,1367.46
1006,99,5,1115.16
575,181,3,514.78
4045,146,1,290.07
1501,5,2,1439.91
4311,180,3,961.4
3034,39,2,1701.29
4655,195,4,161.78
2567,16,5,782.26
905,141,3,212.59
1522,156,3,1003.04
4631,84,2,1333.1
3350,155,1,1760.53
3067,178,3,337.57
3456,147,4,105.37
3310,15,3,1042.11
2611,127,3,1630.31
878,18,2,1180.02
4520,192,4,1585.34
2206,124,3,728.28
2970,160,1,1037.59
2890,156,4,59.88
88,145,4,1275.47
3304,95,2,1373.49
540,194,4,1243.82
4234,27,5,678.97
4846,196,2,363.61
515,84,4,74.63
1432,54,2,1537.44
3743,191,5,1239.77
773,140,5,743.23
1714,198,5,1266.91
1524,171,3,1928.03
3204,19,3,1525.24
2717,157,1,39.42
1129,77,2,643.53
4078,131,4,902.19
2056,189,2,1307.67
214,9,5,1690.41
2739,132,1,147.0
664,86,5,444.37
1837,76,1,1898.49
2909,48,3,972.71
850,98,5,1477.93
3388,45,1,1899.54
1782,163,4,197.61
3004,87,2,1022.2
835,134,1,1888.53
490,119,4,1673.06
4954,103,3,750.92
1274,169,5,1081.63
4897,185,3,1715.56
4794,79,2,148.37
654,89,3,465.55
1695,41,3,239.51
2591,122,5,355.13
351,29,2,102.63
4148,169,5,1648.77
763,134,1,1970.6
2747,21,2,788.73
2464,37,4,1366.43
2896,114,2,1866.85
944,174,5,1212.9
4867,21,5,1767.38
1472,194,3,1879.32
91,49,5,482.45
3436,12,3,483.41
309,121,2,1342.83
4090,140,5,1836.15
510,132,3,1751.41
2292,154,2,1183.5
4989,21,4,1434.88
4396,91,2,1895.4
1903,28,1,1307.02
4097,7,4,839.79
2097,10,5,814.26
4758,110,4,757.71
265,100,1,1031.83
1188,98,4,1424.99
1239,126,1,1978.57
4165,85,5,1364.83
4878,187,2,1258.62
3895,56,4,321.5
2787,103,3,1747.04
3112,154,4,785.38
3446,116,3,1475.32
2725,107,4,1176.04
2942,97,1,1466.02
1978,9,4,1062.96
2507,194,5,461.28
3479,89,2,1385.37
2386,115,1,646.59
1188,169,1,1968.57
1188,98,2,1461.27
2140,26,1,217.96
2470,130,2,1111.61
4602,152,2,1330.63
3263,67,5,173.31
1985,101,3,167.76
3249,40,1,1463.36
133,192,4,1280.95
2917,95,1,870.54
4392,167,2,477.29
4263,110,1,697.82
2805,168,3,1696.23
2789,172,4,1003.26
2272,180,3,662.7
137,102,4,775.86
475,136,3,1576.78
2288,111,4,1830.15
4521,89,4,1992.44
248,9,3,1086.42
1730,21,2,1191.92
2043,42,5,1070.19
3637,6,5,1771.97
3219,46,2,1823.58
2941,49,4,1242.16
3085,129,4,1276.22
3953,198,3,1912.98
2516,107,2,218.11
2500,167,1,1144.8
3023,40,3,447.27
325,19,1,1560.37
812,13,5,771.47
4625,4,3,573.76
310,59,5,990.05
641,61,5,961.76
1828,190,4,1111.68
1648,53,5,399.67
1533,88,5,965.95
4331,149,5,1916.34
2971,124,2,1254.97
4284,45,5,290.17
176,31,1,1982.41
2085,155,1,1674.47
2472,103,2,854.86
3275,49,5,1786.71
648,131,3,103.27
3084,71,3,1372.45
2061,184,4,246.52
1551,66,1,1425.09
3976,153,2,1063.54
2970,2,3,130.21
4283,71,4,776.76
3556,24,3,171.38
1898,99,5,1849.53
4743,119,2,1093.68
2957,103,2,1844.16
1002,96,2,199.39
1565,1,4,1816.92
4720,77,2,1920.04
2881,137,3,818.14
1180,182,3,1248.45
2175,185,3,78.88
3909,157,4,1884.91
1534,17,1,331.09
3202,6,1,1134.82
4562,150,2,131.38
2632,122,3,24.5
2435,111,3,256.37
3516,121,5,182.07
2431,168,5,403.22
1373,126,2,754.65
4692,102,2,1386.05
2214,125,5,116.6
4120,144,4,102.97
2939,182,2,1345.46
4310,151,2,123.65
4765,80,2,1344.86
1244,66,5,1165.29
69,98,5,1227.81
4850,67,3,654.2
4054,47,1,1863.58
4449,84,4,443.64
838,167,5,1021.21
902,39,1,479.18
4732,19,2,367.68
4131,31,5,1581.25
950,139,1,1133.18
2917,193,1,1677.18
4427,189,2,405.47
2356,110,4,1240.1
2471,116,4,202.76
2360,136,2,1714.34
3243,172,4,1361.85
4702,197,4,1519.08
2546,18,1,1718.99
2464,2,4,189.65
4403,82,5,868.04
1041,80,1,1313.41
1692,182,1,298.55
4586,38,1,1501.32
3674,20,5,1949.83
4324,2,1,155.22
3701,3,1,1981.1
4403,66,1,310.59
2388,5,2,467.2
4942,72,1,1581.78
2426,149,1,1901.76
558,64,5,834.46
4800,43,4,1171.41
3951,60,4,1709.48
786,16,1,174.19
2246,103,2,1151.56
891,113,2,816.06
35,2,4,1301.01
3922,79,3,1655.02
568,174,5,1352.02
4010,116,1,1818.57
3197,145,1,84.31
387,114,3,1538.95
920,26,2,1327.35
3283,179,5,1615.16
2868,33,1,198.97
4972,188,3,665.82
3526,94,4,1208.99
3063,110,5,859.1
1194,55,3,1993.87
3615,165,2,1645.25
4964,43,5,889.65
3926,64,1,436.0
2631,82,4,90.55
2859,2,5,310.46
3846,163,3,734.9
4605,106,1,878.95
3278,64,2,1039.89
648,14,2,1225.41
827,133,3,918.8
3991,8,2,917.24
3154,30,4,159.36
2588,59,5,453.4
2363,180,1,1186.55
3423,62,2,485.41
2086,87,2,1488.97
4817,149,1,360.53
3383,174,4,1352.65
1440,141,5,377.79
3567,101,2,1222.47
1657,170,4,186.44
3110,129,4,1253.07
2781,147,4,12.86
4391,194,4,621.6
457,173,1,119.72
1924,107,1,436.55
4045,163,2,1239.86
3224,85,4,1416.61
4069,20,5,990.79
559,120,2,451.76
1580,106,4,1441.49
2605,32,3,1915.24
3513,17,4,581.4
4520,168,4,1321.96
1064,100,1,1940.33
3773,190,3,903.77
1768,9,5,621.81
4555,90,2,1371.22
892,27,2,1429.72
4194,87,4,1171.37
4245,77,1,521.61
1263,27,4,933.12
489,121,4,1643.83
3010,114,1,603.39
873,179,3,1725.1
49,81,1,1890.21
222,141,5,761.9
1579,69,5,118.68
3896,96,4,1321.8
2111,80,3,582.69
4829,12,3,1648.85
3732,120,4,537.19
2664,188,4,1776.12
3621,107,4,560.68
1978,153,5,1441.47
1707,177,5,413.08
3634,126,1,268.43
321,156,2,1827.19
4172,56,3,884.09
4908,76,5,142.93
3700,125,1,697.35
4728,190,5,1292.48
2744,2,1,648.21
1685,72,2,1511.97
4962,146,4,657.72
4380,129,3,1574.4
493,92,1,1826.94
4146,36,2,1866.71
1954,80,1,878.96
2418,39,5,129.26
277,10,3,1572.07
1643,101,1,1048.08
406,114,2,1584.38
2809,119,2,1039.91
3338,159,4,1909.09
4330,121,5,615.57
4114,54,2,1796.7
4435,76,2,1874.78
1126,54,2,1718.57
795,99,4,420.53
3262,26,5,1525.43
946,53,4,1275.98
3177,109,2,1216.63
2541,144,5,1197.88
3457,181,4,1572.92
3260,78,2,1188.09
414,104,5,1091.62
2593,96,2,969.22
98,16,1,55.48
370,173,3,309.42
1345,161,2,247.44
245,89,5,453.9
2000,14,3,1914.22
1490,54,4,1454.45
3811,34,4,143.1
4090,61,2,1752.76
2358,172,5,901.52
2239,11,4,1345.77
2753,131,1,1890.42
872,188,2,1006.25
4741,173,1,1697.36
1260,129,2,1858.8
4279,31,4,1310.2
2596,9,2,1134.06
1324,168,1,1651.6
1380,117,3,1194.34
1574,106,2,438.21
789,72,1,96.48
3868,28,1,1759.03
177,140,2,1933.32
4745,185,5,1316.04
4559,151,1,77.27
2899,34,3,458.69
614,130,4,1366.19
3030,160,3,236.72
2471,103,5,635.55
2027,127,2,525.85
120,110,4,1933.03
1449,176,3,301.96
2080,44,3,530.14
4574,72,4,1839.67
3838,68,5,1210.53
3804,51,2,1924.1
1326,188,4,33.87
2876,73,1,691.6
2172,200,5,1313.95
4250,180,2,1906.04
4454,179,3,1653.91
3536,176,3,1101.46
4217,184,4,426.61
1994,36,5,129.52
2151,22,2,519.78
3723,163,1,1291.81
514,130,3,196.91
2396,153,5,1591.81
3119,10,4,1852.68
631,80,4,576.23
3488,46,4,1950.17
2480,39,3,848.46
3496,53,4,1089.24
2111,135,1,1316.33
282,143,2,125.02
4177,23,4,1388.01
3921,4,1,890.18
1908,63,5,969.63
3355,183,4,1570.04
3608,113,1,602.49
2100,71,1,32.23
355,143,4,196.57
2224,192,4,325.54
2513,46,3,558.43
1258,180,4,1692.1
2540,86,5,1976.51
1044,31,1,1787.11
190,47,2,490.19
3805,88,4,1417.58
3756,42,1,1250.27
1472,37,1,338.59
876,54,1,288.24
912,96,5,76.72
4529,163,3,1197.27
4381,98,3,1149.07
2998,178,1,963.52
1723,23,2,299.86
3081,198,3,1783.52
482,142,1,1792.57
1673,198,3,512.47
4500,170,1,201.65
3034,165,5,1863.2
4400,14,4,1890.3
4911,126,3,591.23
2468,135,5,888.95
129,80,4,1253.9
3083,89,4,1970.63
581,159,5,1140.38
2978,153,2,1090.89
4979,92,4,1697.93
1825,10,3,185.45
602,179,2,791.99
3143,53,3,169.92
3839,28,2,556.88
4815,112,1,1151.25
4655,55,1,802.68
3072,33,4,1470.01
573,117,1,1186.34
4869,117,5,1604.29
1434,77,5,298.76
4080,161,1,349.02
2343,134,4,1068.32
4627,178,2,1737.55
531,8,5,209.65
1922,170,5,491.27
3760,49,5,1977.25
266,56,3,1015.28
4622,36,5,1244.35
3447,11,5,948.91
2067,162,4,884.79
1988,181,3,360.6
2499,67,4,1757.14
3658,107,2,1948.98
1058,195,5,1095.75
4055,136,2,1435.54
193,40,5,302.19
1585,30,2,1441.7
1487,162,4,1076.27
4275,197,2,114.73
2707,190,4,54.82
2834,49,2,1236.45
4706,131,5,604.21
709,74,3,813.77
4515,188,3,1681.51
1156,116,5,1473.69
2717,167,3,593.07
1389,173,4,525.72
357,145,5,1001.15
3787,179,3,975.85
1872,141,3,962.17
962,103,2,316.16
1330,58,4,482.62
2009,110,1,1332.41
2381,147,3,634.4
4053,125,3,1860.45
4813,147,5,425.09
4399,16,3,1011.01
4179,70,1,605.87
2215,86,4,1336.15
1652,36,5,1193.58
359,109,3,970.5
1465,168,3,626.87
2793,183,5,443.56
3000,29,2,1971.53
2470,140,2,1942.07
3663,11,1,320.22
912,117,2,1443.73
2471,165,5,1321.35
950,19,3,801.03
1493,21,2,630.12
2694,1,3,1800.15
13,117,2,806.49
837,80,5,1358.88
1457,142,2,1094.48
4475,184,4,1318.05
4458,122,1,1018.37
2454,9,3,972.84
1422,33,2,1790.61
4198,47,2,1617.89
2527,87,1,599.65
2990,81,4,1157.91
834,43,4,66.96
3116,141,5,1910.46
1397,139,2,1730.54
4905,118,5,1996.18
1053,149,5,356.6
3279,69,4,1437.27
2329,65,2,1540.38
1919,133,2,104.12
4921,124,5,1364.84
442,112,3,966.22
3997,164,3,475.02
1930,61,4,1454.56
4672,103,2,1928.93
3135,179,2,976.26
2954,57,1,694.73
1958,110,5,1033.22
4007,45,5,627.42
2789,67,5,581.48
3048,90,1,731.44
4111,193,3,1924.46
2033,181,1,166.91
1238,36,4,40.91
4230,141,2,1460.49
3561,89,1,1822.92
2467,34,3,1450.68
256,66,5,484.35
4829,71,4,1811.51
3325,3,1,66.5
395,137,1,1478.77
3181,178,4,188.72
3287,2,5,619.67
3907,83,4,1270.4
1417,194,3,819.81
4937,178,3,423.08
4591,183,2,746.86
431,18,3,1392.24
2368,136,2,478.28
4870,90,2,1815.28
1329,149,4,1983.25
3232,15,1,1437.24
1198,88,1,1442.16
2092,16,2,520.97
847,73,2,427.78
3626,161,2,1674.92
3785,51,1,583.83
3811,189,1,1974.12
2993,114,2,1178.66
650,143,4,1405.48
241,155,4,1134.53
3143,6,2,310.46
1505,49,2,1480.88
3491,115,4,1693.11
4905,75,3,1441.44
4583,78,1,1162.05
4035,54,1,213.93
1173,92,4,1714.23
3520,120,2,1143.23
506,185,2,219.18
2563,21,3,1635.66
1544,77,4,1792.23
2934,170,1,1177.86
3565,39,5,229.64
1482,4,2,143.09
4717,166,5,1400.69
1149,142,3,706.97
4683,78,4,188.79
533,127,4,1515.62
2758,46,4,1914.58
3512,183,4,583.79
861,106,5,810.15
1229,171,5,547.77
3554,95,5,734.11
3592,184,1,33.1
4639,167,5,1126.53
1042,131,2,24.75
700,197,1,1984.1
4843,65,4,974.25
162,106,2,333.56
968,72,2,1817.85
3117,188,1,771.86
1274,173,4,1572.46
3463,161,3,742.92
279,111,3,947.16
4014,196,5,1859.41
769,46,5,1526.9
1904,64,4,1739.64
3422,173,1,1366.46
327,139,1,359.6
642,187,4,1986.37
385,60,3,1288.76
294,69,2,1023.91
2602,155,5,1419.56
3867,15,3,702.62
921,46,3,447.37
4341,48,3,836.27
1215,169,3,740.58
199,10,2,852.68
764,168,1,618.81
4983,35,2,1765.94
3778,132,5,1418.06
1515,66,5,771.41
1701,113,5,256.41
532,27,4,453.91
3592,20,4,1238.51
388,127,5,1521.9
4169,41,4,517.92
2237,79,2,1869.7
280,102,1,792.2
306,36,4,158.96
4303,143,5,1173.26
4433,49,4,1502.39
1912,4,1,1006.48
2535,148,5,1748.73
2298,61,3,1655.09
4052,152,2,421.23
4822,75,4,1575.43
1787,126,4,512.24
1718,196,2,961.59
3249,68,1,189.27
4357,146,5,1391.81
1012,93,2,132.22
3462,75,3,472.92
3195,167,1,308.2
2056,170,1,124.49
3437,30,3,1307.75
4696,195,4,1730.57
1343,7,3,464.89
4155,133,5,1717.05
878,98,1,1560.75
1651,103,1,1666.36
2844,121,4,1788.79
576,162,1,730.71
224,85,5,1795.35
487,118,3,1966.22
2539,117,2,405.1
2371,71,3,1798.67
3473,24,4,1581.84
3504,182,4,1081.19
2395,161,2,1315.64
3761,138,3,1911.73
845,88,2,335.97
2554,177,3,946.36
3614,14,3,370.47
1161,9,5,1595.49
1608,102,1,1033.66
4841,152,2,537.59
984,16,2,1973.73
722,46,1,468.84
993,143,1,611.9
2634,138,1,1901.2
3488,186,4,203.38
803,6,1,596.3
1339,31,1,1111.3
3091,41,3,287.01
4022,12,4,61.75
4219,12,5,62.09
2178,193,3,1218.79
968,79,3,1662.7
3274,104,2,295.94
352,9,5,1991.52
1556,25,2,1886.08
105,79,3,1871.05
4685,95,1,237.57
1010,118,4,439.88
4945,177,5,1221.6
97,4,5,694.48
3147,39,1,1483.62
419,136,3,1306.15
3233,76,5,433.31
2920,129,5,530.48
1714,93,2,1827.01
1020,70,1,1268.19
229,27,3,962.6
891,11,3,1979.46
1523,1,1,982.36
1289,152,4,965.43
1465,186,2,232.98
1408,168,1,1171.07
4555,45,1,874.11
1907,25,1,927.96
4109,160,5,102.21
4939,86,2,1560.61
415,152,3,599.03
3377,61,1,1013.38
581,67,4,325.28
3776,193,2,1994.73
9,38,2,1870.91
3264,150,4,349.4
4554,114,1,763.32
2443,174,4,1996.34
725,42,2,351.93
856,25,5,896.37
1799,144,1,274.32
3458,71,2,642.93
1256,144,2,1993.13
4231,83,2,40.23
1838,55,1,1210.78
3543,170,3,258.47
4516,113,1,1173.91
4983,48,1,891.39
751,90,4,729.73
697,187,5,841.76
389,114,2,28.29
1299,168,2,1867.66
1700,126,3,1831.36
2919,82,4,1027.97
1130,107,4,790.1
3607,198,5,790.13
1422,29,5,327.86
447,83,2,772.33
249,171,4,1067.93
1804,17,1,549.3
4474,145,2,484.0
413,18,3,774.18
2867,127,5,1685.97
680,195,1,1053.45
4669,136,5,278.56
498,60,4,1533.6
3726,39,1,1997.2
4969,91,1,98.92
2671,70,4,450.9
2390,15,4,1896.95
1236,79,3,23.05
305,16,3,663.03
3529,18,4,213.85
150,158,3,1731.04
3984,125,1,1276.74
3065,167,1,1594.38
1226,113,3,879.15
38,81,2,1842.31
4196,151,1,1301.6
3907,32,2,668.22
159,146,3,1099.76
304,199,5,1671.46
4290,61,4,799.37
3818,7,5,959.78
1204,80,1,180.15
928,108,2,1871.28
1066,166,3,1380.41
2174,137,3,330.67
685,184,1,723.0
1930,153,3,1834.37
94,23,4,310.97
4211,67,1,702.78
4329,90,1,896.84
2906,24,3,1364.52
976,3,5,953.68
1209,108,3,1837.18
4528,84,1,515.44
1379,126,5,1441.88
541,52,3,1031.64
4845,167,1,1832.65
2874,155,1,1776.31
4869,12,1,233.08
3524,200,2,1817.87
1064,172,1,1357.31
991,21,3,1367.78
895,198,5,285.85
1377,87,5,358.77
289,70,4,1461.85
295,69,4,394.09
1753,10,2,1988.59
4908,171,5,1145.4
1057,153,4,1506.06
4138,88,5,390.37
4493,161,5,385.64
2089,164,1,894.52
4176,122,3,1931.03
1230,65,1,466.39
4977,155,5,1337.29
818,110,4,127.91
3438,124,2,1171.07
1661,49,2,727.36
2013,186,5,561.27
2137,91,4,13.42
2796,35,5,203.45
955,8,5,739.19
983,193,2,599.87
2656,126,3,1412.5
4704,153,5,1037.35
1651,157,1,1732.01
4359,54,2,260.99
4431,139,5,387.87
2924,102,2,1402.45
3941,61,2,401.34
2843,138,5,1704.15
1665,7,3,1007.0
2436,68,3,1204.31
1606,60,2,496.23
1292,102,1,1768.47
1087,129,3,1277.32
1116,182,5,1968.83
1389,172,2,1147.45
1130,121,4,63.87
1893,41,4,231.97
475,24,4,1772.58
3210,24,4,1252.61
1235,121,5,818.62
376,162,3,1114.08
2197,200,1,72.28
2079,30,3,928.58
3356,48,2,634.13
4733,97,5,804.44
3810,135,3,1832.92
2326,68,4,1011.26
553,68,4,872.69
114,161,3,715.41
3305,32,2,895.01
1205,144,3,1891.86
3265,159,4,313.32
773,158,1,64.93
216,59,3,1089.25
4510,114,1,303.82
1558,116,3,1975.3
812,43,1,869.72
3761,137,5,1346.36
3280,128,3,1493.75
3699,192,2,1797.95
4672,27,3,166.66
322,72,4,1365.24
2258,190,1,1623.33
788,117,5,653.01
2577,27,5,186.25
2636,14,4,679.94
4991,123,5,1701.75
4999,173,4,972.23
763,35,1,1865.48
538,11,3,624.1
2888,137,4,224.56
1869,123,5,995.0
3604,143,5,39.17
4874,57,1,1385.99
4615,102,4,973.87
797,194,4,958.98
2170,97,1,1825.28
4052,161,2,331.96
4969,62,3,1641.87
2578,74,3,1278.95
548,123,5,865.83
4786,151,2,477.52
2921,67,3,347.98
3109,99,4,125.94
1804,147,2,1435.96
4977,78,3,1299.41
4257,14,5,267.38
64,194,4,1418.03
4773,95,1,1340.2
4731,183,1,1640.87
4345,14,4,799.71
185,91,1,918.01
3587,122,5,570.5
730,117,3,880.06
2996,121,2,887.73
571,82,2,47.35
4420,138,5,1688.14
2207,54,4,1034.7
1952,73,5,115.81
985,96,3,778.44
3349,172,4,372.45
3544,181,5,926.06
2664,48,5,1024.78
1578,106,2,524.16
389,95,4,1559.79
919,1,5,564.29
1300,51,2,1750.73
1366,166,4,1357.71
1681,59,2,1144.05
2033,90,3,443.97
1737,13,3,1664.75
591,36,5,484.8
3693,165,3,623.07
665,53,5,1873.57
774,32,5,472.85
1741,3,3,700.58
1797,60,2,1501.76
83,67,1,1030.18
3513,14,4,1384.51
2715,76,2,1800.04
2972,129,4,1899.45
3127,23,2,1535.82
4908,158,2,233.54
950,54,4,1509.62
457,22,3,1995.02
2641,96,1,1418.81
650,191,4,164.01
364,56,3,352.46
359,58,3,284.57
1395,122,4,806.06
2154,86,2,1501.43
4960,27,4,525.57
575,145,2,1237.17
507,108,2,59.07
1375,93,5,189.36
3730,197,2,1760.76
2654,170,1,587.59
4650,149,1,1787.69
1708,5,2,1142.16
1821,148,3,1603.36
553,119,2,1599.71
1993,47,4,352.01
3580,40,5,533.05
1447,78,1,1697.55
1256,117,3,1283.93
3651,188,5,1954.18
1279,85,3,366.22
2917,135,3,1016.02
4639,62,3,745.19
907,193,1,1118.35
1087,69,3,1194.73
468,42,2,1570.61
2,102,3,1936.81
3365,6,2,1177.12
2825,171,2,341.18
1514,53,3,625.13
3157,143,3,1129.53
2690,2,2,1421.16
879,98,5,1341.31
767,135,1,1354.91
3361,34,1,1006.26
3056,78,4,360.65
4113,160,2,1077.58
2490,55,4,1458.44
923,54,5,323.5
3559,122,3,1465.63
1925,180,2,568.94
1354,86,4,1296.31
2234,155,5,377.87
760,33,5,1145.44
3348,13,2,1300.78
1707,173,1,1491.15
2650,91,5,1504.78
3965,165,4,1391.02
1427,49,5,1622.11
729,31,4,803.95
951,83,4,154.42
1644,121,2,1716.45
4143,189,3,1696.07
3136,144,4,341.13
788,193,4,63.89
1440,54,1,902.33
4824,118,2,1969.58
4094,4,2,1192.02
588,109,2,1521.49
3107,44,5,17.87
1147,5,2,1362.78
3385,89,1,1993.22
736,129,5,671.06
2957,91,2,1544.52
448,93,5,53.69
120,73,3,1558.45
2997,68,1,715.72
1835,169,3,272.77
691,53,1,1657.86
1093,198,4,1714.56
4899,178,3,1257.25
3334,86,2,1317.48
2084,34,2,715.91
1503,66,4,1824.77
1124,134,1,208.82
4110,117,2,796.28
3334,186,2,422.16
682,6,1,504.98
1040,4,4,1032.04
1616,158,4,1343.7
460,141,2,598.2
1341,88,5,72.08
3761,19,4,598.12
2595,142,1,979.04
4588,69,1,1889.42
3430,134,1,1244.86
117,33,1,492.22
1013,74,3,402.38
1410,59,4,480.72
3219,120,4,1502.67
3636,94,2,914.69
2539,58,4,1251.55
993,191,4,776.75
2373,101,1,1904.23
3001,41,1,1671.67
4569,116,4,1525.08
2256,60,3,624.27
2342,121,4,1480.96
199,23,2,247.85
2493,69,2,1845.08
4500,11,3,1370.65
4458,171,2,903.05
4288,86,5,1975.74
2749,107,1,1134.1
2514,103,4,786.08
3774,28,1,640.8
1492,199,2,1627.52
3217,20,1,81.86
1874,43,5,1747.38
3802,75,2,412.63
3438,6,4,1037.69
246,72,5,319.94
3491,86,2,1734.8
4685,54,4,230.22
3193,119,2,1256.62
3828,92,1,1013.52
2941,99,5,786.52
3123,6,2,860.96
1317,153,1,19.66
897,126,1,469.95
1745,71,2,183.98
4605,168,1,74.51
1122,126,4,967.16
500,186,5,144.47
2097,1,4,394.08
3309,26,4,1863.05
4109,97,2,1485.74
2880,143,2,878.23
2432,28,3,545.41
1390,81,2,602.29
3804,37,1,470.95
2641,21,2,1129.06
4729,144,2,1315.75
201,191,4,355.96
2037,61,4,596.75
3538,41,5,1009.83
4765,104,4,583.41
2888,166,2,1341.75
1325,105,4,814.57
2896,65,2,415.39
1956,160,1,871.73
2671,158,5,872.18
2507,159,4,724.23
995,182,5,969.89
4571,84,2,1225.83
1688,182,1,160.74
555,136,1,1368.06
2346,73,2,964.23
3071,46,2,825.85
3335,165,3,1793.79
4662,123,4,858.87
3004,171,3,638.41
1084,31,2,300.51
3593,176,5,581.51
4332,173,2,63.18
4122,74,5,72.16
4969,84,4,546.59
4217,114,1,855.82
4310,64,2,977.49
1577,188,5,507.13
2354,90,4,1875.92
1213,131,2,46.34
578,199,4,839.08
1672,22,3,589.87
1748,76,3,438.73
801,64,1,1682.16
749,113,3,365.74
1489,44,2,1692.06
2472,87,3,1193.47
2133,109,1,1488.27
2019,169,3,850.92
4922,196,4,1590.91
317,156,3,1168.25
2708,107,2,880.91
3826,94,1,1191.89
4185,119,4,377.84
1372,65,3,618.78
105,195,2,1016.17
1694,188,4,1781.7
1594,179,1,306.24
2400,169,2,483.49
3164,97,4,1162.03
3322,125,3,1158.35
2615,123,4,843.58
3539,86,4,406.47
869,200,4,261.18
3966,138,5,1726.43
2017,158,3,1741.85
3009,10,2,1408.56
2487,195,3,1002.97
212,173,3,1192.16
2516,28,1,1466.23
3451,121,5,68.02
3601,197,5,1150.66
1775,76,1,117.85
460,18,1,1293.39
2124,172,5,587.84
3374,6,4,1379.19
1456,127,3,40.92
162,52,3,464.56
4244,150,3,604.37
4084,199,3,370.31
430,130,2,1783.46
3931,181,2,922.35
4068,157,3,1058.7
1824,95,2,91.65
1823,94,1,1210.36
1180,7,1,1824.35
2748,18,4,681.58
1225,29,1,793.87
1938,177,1,162.16
1671,108,2,1071.26
1746,154,4,886.78
1224,51,5,309.29
278,1,3,1265.99
2214,142,4,356.49
3772,37,3,1611.36
4809,13,3,1872.4
1996,166,1,235.72
3475,188,4,733.83
1457,151,5,226.01
1294,137,3,737.62
4505,165,4,1981.28
724,123,4,607.2
760,104,3,734.45
834,190,2,1526.98
316,16,1,914.14
4089,54,1,18.16
1292,73,3,935.75
4300,63,5,1556.9
3061,51,2,205.99
3815,11,5,544.03
3889,194,4,1185.62
2834,66,1,650.24
3171,191,1,1482.97
4642,164,5,1519.77
4544,147,1,822.65
1617,34,3,606.33
1448,199,2,1442.5
974,40,1,1695.15
2745,192,4,486.7
3132,188,3,1284.93
3825,111,4,453.09
3569,85,1,1099.51
1707,47,3,1398.33
2792,80,4,1847.46
1948,77,2,837.75
1945,93,4,1227.6
4140,24,5,932.85
2481,58,1,1639.03
4165,12,5,639.25
4831,128,2,265.03
4449,129,4,701.51
1929,132,4,1572.28
158,21,3,1380.84
630,179,4,1776.08
4463,9,3,1635.94
3711,48,4,654.54
4176,21,5,1610.03
1273,174,3,415.06
1813,111,2,1501.82
1403,30,2,1871.18
4435,181,3,358.0
3100,75,4,601.32
1692,60,5,300.43
195,157,3,779.04
1414,71,3,667.0
4403,46,4,1394.86
4520,84,4,352.35
3320,194,5,355.09
1964,67,3,656.81
726,136,4,254.04
3049,32,3,906.71
4844,133,5,1109.11
2433,78,1,188.06
1319,170,4,1016.59
2331,129,4,1705.38
4616,127,4,1689.57
16,75,5,61.68
3620,189,5,275.25
1916,8,2,479.72
4392,176,3,630.28
2338,80,2,1038.31
4146,26,3,1796.93
3613,54,2,981.49
1612,42,4,149.6
2589,69,3,1358.82
1460,182,2,1896.7
400,185,5,1746.52
428,19,5,1071.3
3908,179,4,913.86
1208,115,2,1970.75
1688,168,3,64.93
3722,181,2,581.18
3981,103,1,1469.62
1364,26,1,587.63
2235,183,5,802.6
4628,48,5,1199.85
2562,75,3,788.43
1692,56,5,1809.96
1163,90,5,60.5
3728,155,2,1449.04
4345,61,3,1935.97
364,35,5,1721.7
1177,13,4,1183.2
4560,142,4,919.37
4616,70,4,211.26
3478,68,4,1425.83
2680,197,3,450.57
260,125,5,295.26
628,86,1,404.28
734,190,1,518.23
905,73,5,11.06
4755,119,2,1680.15
1758,44,2,317.81
2570,180,5,1628.66
2162,60,4,675.06
4506,183,4,1758.47
2409,97,1,1026.38
2488,25,2,254.45
534,85,1,563.68
3644,176,1,1941.39
1921,35,3,1595.52
4955,57,5,1633.79
1949,31,5,1263.25
2461,85,1,328.05
3570,179,2,883.52
2594,57,2,401.52
2055,16,4,185.17
801,186,5,1250.85
1073,15,4,1113.93
260,96,1,168.95
74,98,5,1225.6
81,70,4,892.71
290,175,1,650.68
2270,138,3,642.31
4273,79,3,1182.25
1177,192,3,487.69
3090,25,5,1410.44
3148,66,1,1906.0
836,15,3,1348.01
561,47,1,1902.4
2091,1,5,76.5
4798,150,2,349.57
3228,167,1,825.23
3026,35,3,880.53
724,91,5,1183.44
214,147,1,1612.76
3622,85,4,1558.91
4596,47,2,946.78
3030,163,3,1717.85
806,53,5,1438.16
4551,76,2,1200.5
3478,69,5,163.69
2929,16,5,521.2
709,51,2,1293.83
365,12,1,385.71
3527,81,3,707.14
1369,71,1,1044.75
4906,133,2,762.61
3176,110,1,909.9
977,124,1,1391.12
3007,152,5,247.94
980,188,5,1343.7
2228,18,3,930.9
1958,25,5,1134.63
4883,186,4,1375.16
3147,175,3,359.76
1629,180,1,658.76
4006,65,4,731.38
393,143,1,269.91
432,40,3,1695.48
3261,135,3,1738.21
3958,53,2,301.44
3750,54,5,1565.61
3261,79,5,49.1
1088,140,1,80.65
691,193,2,353.77
1032,197,4,1928.6
698,163,3,229.14
3725,59,3,1265.81
2221,45,2,492.46
1609,93,5,853.19
4785,42,2,233.08
35,191,4,1428.37
1271,91,1,266.96
2879,37,2,1569.74
291,77,2,1326.63
814,82,4,295.97
3150,88,2,952.98
876,142,2,1643.11
3933,90,2,1246.12
3932,42,2,828.8
76,99,1,861.53
3454,76,3,634.43
2624,2,1,913.24
1597,147,4,1744.35
1403,154,2,881.46
4645,55,4,1150.84
4434,173,4,922.84
217,143,2,706.31
639,129,1,1655.57
2631,184,3,66.47
388,75,4,1344.77
1294,19,4,722.6
946,181,5,1761.41
1424,3,5,722.18
2780,185,5,1560.14
4865,47,2,589.68
1414,31,3,906.49
1791,132,3,1906.15
3884,30,5,777.31
1589,196,1,1727.75
360,126,3,1705.75
1562,105,1,757.94
4061,34,3,1875.26
1496,146,2,540.11
2075,60,3,1969.3
218,185,1,1964.43
4524,194,2,528.53
250,106,1,273.43
2264,40,1,174.08
4840,67,2,1611.55
4375,46,1,1232.6
2570,127,1,1094.81
4683,153,1,1176.34
1497,147,3,612.53
4256,184,5,1394.98
1295,78,4,428.72
1472,141,1,750.02
1687,166,4,745.58
1276,100,1,462.79
4067,164,5,902.71
4440,81,5,1560.21
568,131,5,886.87
4876,77,2,151.24
1685,61,4,1103.03
4160,65,1,1786.35
4651,93,3,585.68
237,27,1,1134.88
1570,106,2,140.32
338,147,5,1479.16
1803,145,4,1069.33
726,155,4,1745.86
1603,64,4,163.26
4284,191,1,1621.26
2175,183,4,1750.04
3932,26,4,1753.89
444,97,4,799.82
321,132,1,1701.02
371,180,3,1698.26
3071,181,5,1558.26
661,133,4,697.02
1015,77,2,1320.22
3934,104,3,760.45
2429,140,4,1973.67
46,132,1,1598.54
3720,160,1,1648.84
4725,187,1,449.51
3208,113,4,1232.52
2554,101,2,986.78
747,63,4,1858.57
53,119,1,678.19
4308,137,5,628.78
2341,172,3,821.46
2775,97,1,120.72
952,154,2,1107.99
2386,172,5,297.94
4622,104,5,1517.33
4259,7,4,744.76
1764,25,1,1358.05
489,121,4,1266.03
2495,15,1,1906.01
363,182,2,1129.24
3387,128,3,57.25
1881,16,3,1064.05
1991,73,2,215.79
3565,188,4,1020.98
2685,121,2,641.82
4863,191,5,359.71
2220,2,3,919.35
4032,99,3,367.64
3401,181,5,1542.38
4570,160,1,1037.06
2696,28,3,109.46
4926,111,5,112.61
4041,106,2,748.85
4540,131,5,1058.45
4673,196,5,1132.58
4137,102,3,532.98
2777,152,4,239.83
4588,176,2,1841.03
4729,43,2,1012.21
588,140,1,1331.38
4987,108,3,52.56
2300,19,1,1500.31
443,98,3,731.05
2361,150,4,1498.55
760,126,1,1677.97
1382,63,4,1476.49
1288,72,1,985.51
551,165,1,298.85
3365,27,5,1770.25
883,127,1,641.37
1809,190,2,788.11
1330,101,3,1973.23
2173,115,3,638.76
792,156,2,1154.4
4209,27,2,1297.18
953,170,5,1349.22
4629,117,3,1003.52
4218,31,3,338.43
540,7,5,930.64
602,47,3,376.56
4305,67,4,1531.57
1203,23,4,1021.43
462,81,2,263.41
1827,185,2,301.24
719,4,2,1526.26
1025,198,1,170.18
3037,156,4,131.44
1193,104,2,199.65
2273,24,1,1731.15
4068,4,5,1138.71
4504,128,3,184.38
1002,183,4,55.63
2346,86,5,79.47
1634,87,2,212.1
1588,84,2,261.97
1690,84,4,1847.18
3762,13,2,1128.96
3410,106,1,1444.5
3183,115,5,970.17
1336,14,1,272.7
2330,144,1,1082.53
3941,164,4,1238.98
3305,135,2,1686.49
1298,30,2,535.1
3652,158,3,151.18
1963,55,4,469.53
2794,120,1,1405.6
4038,114,1,397.2
3404,140,4,1339.22
3326,154,2,1788.14
784,158,3,443.27
3235,73,4,1580.12
3862,89,5,581.77
3429,193,4,1182.82
375,165,5,654.5
1964,16,4,1829.08
3467,196,2,1151.0
2264,65,5,879.09
575,131,5,1326.57
3725,17,5,922.02
4407,93,4,169.21
4538,24,5,354.5
3672,37,2,1118.21
288,123,4,286.06
945,113,2,351.14
472,97,2,1255.22
3836,198,2,1722.07
3625,28,1,1133.82
4704,99,4,1904.64
2861,48,1,332.54
91,156,2,1829.5
3826,55,4,450.15
2099,43,2,362.18
2905,85,4,1484.21
2536,46,5,400.93
2513,9,3,32.6
2395,132,1,967.85
3527,120,3,1688.15
1280,152,3,1007.51
1594,16,4,326.95
1990,51,4,1187.8
722,75,2,899.64
3060,31,4,1301.51
1889,157,2,1706.04
2608,31,3,1369.52
4951,136,5,1320.73
2479,15,4,943.44
1476,169,4,1959.3
2937,19,3,952.15
997,184,1,447.47
59,154,5,1279.28
2,189,2,729.1
436,151,2,1955.22
2390,60,3,746.3
179,23,5,423.88
2588,145,2,988.83
2208,155,2,1105.65
3567,50,4,655.22
535,192,3,969.63
4147,109,5,1271.52
3995,76,5,1536.27
4845,95,4,1125.96
3486,60,2,507.04
3854,153,3,803.51
1850,60,4,1617.73
2898,104,3,830.43
4796,112,4,1832.72
289,89,2,1988.87
3208,61,3,281.14
1329,114,3,528.73
4205,53,1,184.47
3897,120,1,1672.65
658,1,5,1652.25
4480,162,5,889.56
1889,84,3,519.95
3198,123,5,1970.96
2679,199,1,840.76
2335,198,4,1187.24
988,91,5,901.88
4906,157,2,870.37
2251,13,4,1426.08
4967,72,3,166.45
1421,9,4,677.49
3913,160,5,556.47
4224,122,1,275.47
2744,2,1,280.71
1299,171,1,1912.23
2107,99,5,1841.61
3870,84,1,1355.13
1580,75,3,1541.81
121,92,1,1873.6
4529,65,3,277.86
2314,79,2,788.7
799,93,3,503.3
76,58,4,733.6
2143,146,2,1081.38
2842,35,1,135.03
1990,94,3,277.64
4500,196,3,446.13
2639,111,3,461.13
1209,148,2,493.41
3654,200,5,1246.25
763,40,2,1306.47
4342,137,2,1661.06
4135,13,1,1939.95
4076,7,5,1792.78
3369,57,4,1071.8
4943,74,2,1839.98
1626,70,3,1394.9
3706,200,3,446.82
3311,148,1,264.0
1050,171,4,1107.19
4574,85,4,1897.06
126,74,5,147.08
3160,49,2,1118.47
4317,154,3,482.45
501,44,3,1605.76
1093,141,1,631.32
910,47,2,640.84
4620,180,1,433.91
4127,61,2,161.75
3481,82,5,444.06
2789,72,3,770.35
1927,155,2,216.75
4258,99,2,1794.21
1033,130,3,546.57
3333,45,3,136.49
240,83,2,1307.76
3901,74,3,824.95
1587,143,1,1686.37
282,102,1,424.48
3519,59,5,136.0
196,54,4,315.29
898,20,5,1812.63
365,43,5,1560.52
3417,55,3,1975.88
4531,198,3,1115.03
4054,101,4,53.43
3167,124,5,1194.97
2615,93,3,162.41
4625,87,5,176.72
330,114,5,375.04
2298,186,1,522.52
3267,177,4,1859.28
3031,105,1,1758.51
998,35,1,1055.65
2098,33,3,924.45
3607,53,1,715.12
2504,129,3,752.7
4736,131,2,918.9
1205,46,4,1096.29
1433,169,1,291.56
4813,190,5,259.42
792,49,4,1095.32
4513,102,5,1971.47
4687,132,1,809.02
1582,91,1,1302.05
3323,138,2,210.12
334,35,1,1590.38
4971,169,3,625.4
4297,169,2,824.19
4033,18,5,1438.02
4607,68,3,1708.37
4552,8,5,1381.86
902,156,5,875.98
3209,157,5,1025.21
4915,156,5,1647.58
4318,162,1,1756.44
1242,16,4,970.83
1291,116,2,1102.16
2275,18,2,1791.26
4824,59,3,1583.76
799,42,3,1206.94
790,117,2,12.11
1815,179,4,306.49
4011,62,4,110.3
1292,101,3,1086.86
1343,3,2,136.47
883,52,2,266.38
134,144,2,198.91
4717,17,4,501.15
674,36,1,1776.89
1000,198,5,547.82
753,21,3,1432.08
3152,164,1,1655.86
4624,197,2,420.34
415,4,2,1470.16
4434,77,4,785.34
3109,6,3,707.26
4786,33,4,1219.93
1190,13,5,1996.4
4248,50,1,266.97
3185,112,4,1279.27
1050,4,2,1107.38
4828,163,1,1244.49
2947,91,2,923.28
4602,41,3,824.04
2303,94,4,1723.14
1557,51,2,216.3
3425,103,5,19.26
288,112,4,1600.24
3523,196,3,1230.21
2102,81,5,1183.32
2729,108,3,469.42
1901,87,2,893.33
3988,26,1,1375.23
2269,65,1,752.67
4822,119,1,801.04
4536,27,4,248.57
3456,111,4,1505.39
3096,71,5,607.88
3407,39,3,1335.74
807,124,2,127.36
3318,74,4,490.0
108,142,1,344.42
4126,145,4,120.02
4887,66,3,1240.65
2765,138,5,1174.72
3018,64,5,129.62
197,109,4,232.89
4897,114,1,1008.63
543,129,1,1138.67
1590,190,4,1549.08
4911,62,4,1741.73
2384,103,1,289.92
2924,144,3,144.09
3232,128,5,608.55
1580,79,4,691.7
4290,199,1,773.42
4243,149,4,1039.97
542,73,3,579.76
905,200,2,780.55
1281,112,2,1733.71
2914,112,3,778.66
186,140,2,937.15
943,145,3,1712.95
3497,107,5,872.72
4034,29,2,635.22
956,14,2,1046.96
3612,62,3,1990.55
2744,161,1,1620.93
946,81,1,1034.11
3326,94,2,1078.79
4486,30,2,1523.67
1412,161,1,1073.69
2413,161,2,1305.77
4253,31,3,580.86
431,103,3,663.65
580,12,5,113.26
649,67,3,837.64
4351,198,1,615.17
3459,18,1,1231.91
1127,62,4,914.55
3870,187,1,1842.85
4368,164,5,1478.39
1843,158,1,1447.36
3626,162,4,413.44
914,195,1,1987.05
1748,105,2,1278.62
2786,68,2,1649.95
4194,186,5,463.13
3842,59,5,295.82
2985,195,2,1872.53
2135,6,5,845.56
1287,78,3,607.99
1362,145,1,273.97
3092,190,2,540.82
3034,15,5,1730.38
1329,125,4,96.53
3750,150,3,661.19
473,13,4,1150.16
4855,191,3,1452.56
874,95,1,1794.96
2404,172,4,1330.4
4992,111,5,351.99
2806,147,3,474.07
25,122,1,901.69
2303,87,4,1640.39
1013,17,2,213.28
2357,29,4,28.77
1533,49,2,534.7
333,72,1,483.6
247,156,5,1040.79
1683,75,1,869.92
2656,170,1,1051.75
2667,187,5,1215.05
925,128,3,767.81
680,185,1,770.03
3193,188,4,1694.11
3725,125,5,267.68
3226,170,3,359.86
3177,30,4,432.41
1168,117,3,420.68
1464,15,3,1334.12
2661,11,2,747.25
1903,41,5,1852.62
518,181,3,1932.29
1302,50,2,1141.65
3918,111,5,864.97
2810,116,3,1029.6
4251,33,4,453.95
1168,111,2,1166.56
249,83,5,844.32
2653,52,1,14.42
2801,117,5,1865.89
1254,94,4,1700.08
1535,193,2,1356.58
3632,20,2,1132.95
2749,105,2,205.6
3323,65,4,1565.78
956,122,5,623.43
3450,195,5,489.09
3624,145,2,1653.87
3235,45,5,1790.56
265,139,2,1787.25
4586,35,1,1401.66
4321,54,5,1851.38
3783,180,3,1744.86
4742,131,5,1567.83
2464,36,1,1145.68
3521,94,5,1801.64
4503,93,1,924.3
4688,48,3,443.96
1898,159,1,396.25
3161,103,3,445.78
3705,31,3,987.23
1853,145,4,851.04
3455,39,4,1136.28
2067,67,4,1449.7
3024,178,2,222.24
490,146,3,1515.52
1715,80,3,623.33
4394,52,3,517.48
4807,178,1,1863.73
656,95,5,431.22
3387,11,3,1919.5
3283,92,3,1715.61
219,8,2,1565.24
3226,61,4,1840.38
1493,81,1,475.75
667,157,1,115.36
1318,93,5,676.48
3680,3,3,1852.88
4437,153,2,127.13
800,101,1,1119.93
4629,35,2,564.65
2664,169,1,1982.95
2206,80,2,1777.81
3317,109,1,274.5
4460,171,4,875.47
4984,14,1,1721.98
1426,124,4,1305.09
2442,63,5,128.13
2436,46,4,1617.17
808,180,4,734.95
3110,29,2,545.0
2809,188,4,1178.49
4084,35,1,617.99
3404,113,5,1557.28
658,74,5,1578.53
574,152,1,748.23
932,197,2,1597.56
1506,2,1,1266.65
4995,94,2,309.06
4494,52,2,745.53
1183,133,3,1856.73
2466,10,5,1994.09
2919,174,1,1068.64
1659,130,3,174.22
106,176,3,633.31
4573,123,2,1832.48
107,56,1,1860.38
2260,185,5,1538.64
2467,75,2,1204.87
192,87,2,1460.41
404,123,4,447.49
3668,41,5,1202.12
3391,109,3,1052.6
2116,175,1,1881.43
698,187,3,851.05
3385,115,5,1416.86
4043,58,3,467.52
642,57,4,1150.92
4462,119,4,1921.47
3671,107,5,603.79
1215,109,1,233.57
660,63,1,808.95
1629,130,1,749.73
3257,21,5,1896.46
1606,60,4,764.23
414,97,3,1472.76
2761,67,2,1738.13
4972,165,3,212.14
3724,56,3,973.9
1251,15,3,197.66
1858,166,2,1809.92
659,139,5,111.12
4176,69,2,389.2
3830,153,1,1539.59
3201,152,4,1703.86
1700,137,3,444.86
4997,102,3,572.53
2142,164,5,1303.23
4070,140,2,1157.9
2804,140,2,338.95
3882,170,5,1348.95
20,155,3,854.49
3202,35,1,272.29
3889,35,3,579.3
2944,53,5,1881.57
1642,114,3,566.44
3573,60,3,984.6
2274,19,3,339.2
2514,49,4,703.99
3520,95,5,1933.13
1450,72,5,1817.15
1958,47,3,1883.47
858,160,3,1584.31
2462,83,1,1984.21
3716,119,2,1637.98
938,41,1,1492.46
3935,158,5,1128.21
60,28,2,493.25
315,75,1,1516.35
1754,124,2,30.81
1401,200,2,1671.71
792,92,4,219.78
2490,31,3,962.14
1504,127,2,1552.55
291,182,2,221.3
4805,99,1,902.82
1418,109,1,176.59
3796,1,1,346.33
621,8,4,371.79
568,32,3,1823.44
3621,57,3,1740.29
1333,51,5,1882.62
427,49,5,889.11
1979,90,1,294.01
4757,149,3,184.86
3862,73,3,563.81
359,188,4,629.54
478,174,5,962.37
4027,26,3,1661.51
3302,146,2,1601.83
101,40,2,583.16
333,153,2,185.37
4874,137,5,1035.32
1313,9,1,133.54
272,187,3,671.78
605,35,2,430.92
204,29,1,743.38
798,109,5,903.21
2435,74,2,1666.76
4429,196,4,1796.65
1081,18,2,1790.56
236,178,3,592.17
1627,63,4,1217.09
2279,163,4,1435.89
1295,69,4,870.84
4519,157,1,1223.84
4836,57,5,384.04
4609,147,5,1445.46
4748,91,3,1037.68
1787,67,4,1244.79
2371,2,4,667.79
737,55,1,1739.62
1941,14,1,490.79
3433,84,2,1096.38
2649,135,5,1720.64
3825,51,2,1971.4
1289,147,1,1255.11
4907,108,5,775.55
555,112,4,195.56
1694,12,3,618.61
2585,18,2,513.29
4742,109,1,1648.7
2408,136,1,436.22
13,148,4,1502.35
4869,129,5,1104.0
2433,93,3,688.69
3692,159,5,1164.73
868,20,5,899.37
4347,159,3,1807.38
2733,73,5,1991.49
1249,61,5,1789.76
832,164,5,930.61
3148,117,1,1459.53
2979,139,5,226.34
708,133,1,24.3
2530,142,4,1256.64
4619,138,1,1677.62
3181,116,3,1953.19
4260,136,2,186.7
1945,98,2,1098.31
453,67,1,1610.92
2414,3,1,1713.48
2437,14,3,426.6
4939,169,3,318.21
2276,32,3,664.24
1502,111,4,1613.02
4059,190,5,1891.98
2419,133,3,1464.89
221,166,1,332.87
270,169,5,1590.96
2342,198,3,832.16
2094,65,1,458.39
3383,17,3,1643.28
1058,30,3,1280.96
4094,78,1,643.29
3941,118,4,1337.65
1033,157,2,1051.38
1845,71,3,1144.68
3954,162,3,1672.33
2322,200,4,1518.42
222,161,4,701.43
1160,25,5,21.46
4493,191,1,567.29
2349,23,1,1730.94
4232,141,5,1890.68
3970,93,2,1473.28
3761,112,3,1364.95
3817,64,4,105.75
4070,156,2,601.47
1094,198,5,229.7
1232,72,4,1067.97
1249,182,5,560.59
2018,104,1,1976.05
4453,4,2,1392.31
2388,22,1,245.71
1205,187,1,1771.51
2412,59,2,1448.91
2993,101,5,550.0
2089,49,1,723.43
776,60,5,961.36
3303,6,2,731.56
1230,78,1,1139.93
1600,95,3,1684.86
4413,128,1,520.74
4807,141,1,523.5
3069,80,5,1715.47
1670,178,1,1011.12
3560,125,4,1909.42
4988,6,1,1708.88
416,150,2,23.37
2858,148,3,1980.57
4362,23,5,384.78
319,23,2,263.35
1579,19,2,1196.63
829,112,5,292.44
3431,165,3,1263.19
1247,65,5,1965.31
773,130,4,621.89
2248,115,3,1363.78
4587,167,5,600.1
4712,41,3,1005.95
2619,137,3,1082.51
1104,50,4,47.47
4424,23,2,1308.26
2562,145,4,256.79
2659,52,4,978.9
1803,162,1,1671.31
3606,94,4,1505.64
765,182,3,431.66
4790,53,3,1271.59
1851,30,4,1678.43
1785,33,5,950.46
3112,146,3,123.89
4627,85,5,1293.85
2725,3,5,708.65
724,29,2,178.16
4343,97,1,443.66
3639,184,2,564.39
2123,142,4,850.92
3036,115,2,669.55
3818,154,4,1260.54
4148,87,3,81.05
1652,66,5,990.17
4358,15,5,1229.74
4989,86,1,587.34
1438,173,5,707.05
4858,41,1,1445.37
3518,49,3,972.81
1589,195,4,377.29
3034,158,4,203.84
2317,36,5,1227.66
3927,89,4,512.69
575,30,1,424.9
2565,88,3,470.91
2499,36,1,954.39
995,52,1,1272.24
3177,104,2,1130.91
2526,69,3,268.57
237,117,3,604.35
1249,57,1,1712.04
3076,45,3,1322.82
4642,32,5,606.53
35,139,5,1001.89
2179,107,2,65.77
3046,129,5,740.75
4439,18,5,533.18
430,179,3,306.57
248,26,3,1327.75
1395,79,4,988.27
1864,82,2,1229.1
4590,80,4,681.76
1463,40,1,179.38
4742,107,3,772.31
1874,119,2,738.26
4089,85,4,204.78
214,34,2,899.06
3935,47,1,119.17
1332,1,4,423.02
4139,73,3,1772.06
3709,55,2,1426.82
49,112,5,1501.46
4461,191,5,121.78
1534,119,3,78.99
1086,73,2,1172.07
1063,50,2,338.71
2486,76,5,427.43
1793,8,3,1036.62
1109,28,2,1906.89
3819,178,4,1320.3
2663,182,5,1347.71
2029,12,1,999.63
264,93,3,1311.71
2127,1,1,324.31
3622,177,5,1335.85
3230,60,2,376.64
4796,145,5,438.95
816,159,1,920.29
4631,36,1,722.42
3509,64,1,37.5
419,10,3,799.62
4263,54,1,294.41
3724,22,1,175.22
4,189,2,805.07
1042,47,3,891.68
4691,164,4,744.52
4745,172,2,1513.28
4196,114,1,758.71
3588,98,5,145.23
2784,183,2,1947.46
4614,182,4,635.47
677,62,5,1997.74
2664,45,4,1790.7
2959,175,3,910.67
3789,116,5,1893.89
1683,111,4,1128.02
629,197,4,1362.4
2592,112,3,1147.54
4932,50,4,1954.44
865,116,3,672.84
4529,109,4,461.19
1494,43,3,1090.15
4589,108,4,471.79
4576,65,1,679.11
2422,64,1,208.89
2224,50,3,192.15
1629,35,5,685.08
847,63,1,1019.21
1802,29,1,599.36
693,159,4,1319.3
1304,197,2,672.38
4023,163,2,769.05
3638,100,2,1140.32
4865,142,1,115.04
3075,81,4,1023.18
1156,33,1,748.82
4610,30,3,806.23
4669,112,2,1801.86
4760,186,2,195.34
1886,90,1,1379.63
3236,151,2,1638.17
1452,77,3,1417.18
4328,133,1,1386.15
571,129,5,304.86
4820,174,1,23.54
3585,123,5,1579.15
3337,56,4,165.84
1111,179,1,288.25
886,69,5,586.55
843,112,5,1549.4
4877,36,2,1559.41
2405,40,1,668.92
1527,92,2,427.19
3503,192,2,1384.51
3090,72,4,759.86
1065,131,4,1546.8
4673,10,1,1004.41
27,159,3,998.78
4707,150,2,512.51
1851,59,3,1046.55
3428,99,3,670.56
27,151,2,861.43
4487,199,5,992.09
3914,91,1,1707.02
2708,36,3,477.69
870,68,3,1609.21
285,134,5,572.45
765,191,5,1752.69
341,112,3,633.04
2527,29,2,1214.94
1632,180,3,627.19
912,125,3,1485.09
1858,32,3,995.54
1313,134,5,573.76
2085,65,3,622.1
647,143,2,1906.63
2345,88,4,1853.71
536,120,2,137.05
2808,132,1,1069.28
4475,12,3,1753.73
2693,50,2,1548.3
3306,138,1,794.59
3275,19,5,838.07
2882,28,3,1508.31
4783,185,4,1828.62
4234,102,3,1626.53
3036,52,1,1295.62
558,20,1,1160.28
4734,191,1,1082.22
3333,20,5,1214.81
322,2,2,1326.45
1723,181,4,1115.25
745,183,5,1644.0
1824,22,4,1951.56
4831,95,2,693.66
4489,196,2,1004.23
3920,50,2,399.35
2170,1,1,844.17
4710,100,5,1230.71
3569,109,5,625.81
2791,111,1,1908.98
4592,127,2,1805.47
4979,149,4,1272.61
1809,154,3,981.86
915,133,4,676.56
662,41,4,474.76
1615,161,2,992.25
2480,148,1,13.01
373,122,1,1132.54
2268,152,4,1930.89
4121,144,1,46.74
2496,173,4,1661.19
3218,7,2,903.04
1165,67,4,711.96
4684,84,2,967.26
2066,195,2,1643.33
1119,187,1,1687.08
2781,184,5,1144.98
1880,155,2,737.24
2055,114,4,429.05
3692,87,5,136.49
3881,4,4,1126.66
2681,136,4,229.32
3170,47,1,1920.05
1130,135,3,383.28
2113,30,2,278.05
2258,174,4,599.46
3733,57,4,714.51
3317,154,5,752.21
3905,162,2,621.33
4555,185,3,1505.0
3093,149,2,1646.96
2756,189,1,573.95
768,183,3,1773.2
650,91,4,880.78
3254,113,4,245.26
749,169,4,1179.81
4531,165,2,1743.25
3917,107,5,1606.31
1991,151,5,356.19
3868,137,3,876.63
2164,169,3,1090.28
4512,152,5,1548.99
2704,89,1,513.47
673,130,5,854.57
3586,149,2,21.28
4002,169,5,570.31
4235,49,4,766.76
4405,167,1,1061.54
1020,20,3,799.79
1471,1,4,269.61
2848,83,3,1493.44
3531,104,1,1595.19
2703,105,3,1303.34
2313,141,2,177.32
4914,35,1,198.69
2664,62,3,950.19
1757,74,4,1041.3
3143,137,1,862.09
4337,139,3,677.55
1618,28,4,152.29
626,36,5,1312.34
1857,104,4,111.95
2637,56,5,306.57
4956,145,3,177.63
2215,73,3,398.75
4419,93,2,246.83
1721,18,4,1665.98
1881,104,1,1770.59
4071,128,1,598.28
574,57,2,375.73
529,63,4,1734.88
32,64,2,1671.65
2888,125,3,886.47
3440,136,4,1717.18
1125,152,2,1951.26
1158,97,1,822.27
1163,170,4,1817.04
4744,113,4,505.94
1780,44,2,1516.15
2396,146,1,423.87
1135,62,5,567.43
4813,1,2,90.79
2272,133,5,1532.98
208,32,2,1663.57
2857,105,4,1282.11
3828,131,1,1383.28
4415,97,3,353.29
3374,67,3,1158.01
996,146,4,1346.59
3018,144,2,965.42
1954,175,4,1043.37
2280,99,1,455.13
3131,84,1,813.34
4613,15,1,1066.4
244,6,4,1426.99
2937,119,4,1304.16
267,88,2,458.86
3246,191,3,1802.31
2095,150,4,191.22
4980,157,5,915.82
3778,105,2,1012.81
773,93,4,1627.36
3319,75,2,665.92
2483,146,2,893.9
3310,120,3,519.72
1614,85,3,1547.09
2972,199,1,731.45
2907,192,5,1112.39
635,144,5,1873.27
216,87,1,1630.39
1218,96,3,1391.54
477,125,3,1670.09
1399,120,2,351.49
467,116,1,1777.03
580,159,2,280.36
3084,53,4,631.74
4076,22,4,1481.65
417,12,2,1258.67
480,118,5,1569.7
2353,121,1,1869.86
112,45,5,496.27
871,120,4,430.45
4604,170,5,781.23
2018,176,5,1948.68
4783,182,2,273.81
4682,113,3,711.45
2044,176,1,382.95
3902,77,3,456.55
4656,20,2,1859.44
1741,83,4,997.49
3115,196,4,310.73
1891,154,5,1257.53
1339,130,2,1317.35
635,113,3,1808.69
3253,88,5,1595.03
1744,17,2,697.25
2333,88,5,567.86
4376,30,4,857.04
515,109,3,98.54
1619,8,5,1608.18
4275,162,3,1622.43
3145,191,1,890.41
901,33,3,1623.95
3774,13,3,682.98
1907,161,3,64.4
2187,33,1,1809.0
3518,56,1,1919.99
4820,167,3,352.78
3810,132,4,1663.33
2379,150,1,1284.22
4385,33,2,1842.18
2999,71,5,1592.64
3722,175,1,1497.94
4482,106,4,884.25
2594,139,3,219.57
3643,44,2,804.01
3367,85,1,609.04
1104,157,1,887.4
2304,54,3,1478.67
1312,41,2,1675.26
4122,66,1,1039.68
4567,100,5,725.69
3646,28,2,773.51
1801,71,5,328.38
1261,63,4,1526.24
2600,116,5,567.83
1806,23,3,381.28
4164,81,4,1862.57
1651,178,1,486.28
2099,127,4,1070.38
2533,35,1,867.73
3472,171,2,1399.21
375,73,5,1321.81
4914,48,5,170.66
117,131,2,1052.01
951,96,2,310.67
3619,66,3,1819.11
1289,86,4,575.64
2069,8,2,1728.09
3798,199,5,1710.93
4059,9,1,1912.85
3254,193,4,1443.8
366,23,5,305.76
420,10,3,21.85
1645,156,3,1946.84
978,8,5,77.61
1524,12,1,1979.74
3664,183,5,1493.68
2108,54,2,924.15
3523,163,4,1050.61
4743,188,5,656.54
2820,163,3,46.22
321,30,5,1563.94
4235,41,2,572.17
3910,171,1,474.02
3559,129,4,931.98
797,34,5,43.29
286,75,5,97.76
4993,34,3,643.92
414,164,5,543.96
2516,147,3,1500.4
3595,18,2,41.67
2415,39,1,895.97
2669,139,2,1494.56
84,145,4,186.27
1467,73,4,1494.36
2882,106,5,81.08
4529,156,3,1291.47
1135,122,3,47.51
2934,139,2,1392.62
2174,113,3,1696.59
2492,187,1,782.42
780,108,1,893.08
2576,53,5,282.2
945,42,5,659.78
995,105,2,737.25
4757,188,4,1538.75
1086,160,1,1954.2
3525,97,3,763.99
93,187,1,1368.01
696,166,2,1425.89
2616,173,1,1130.41
4686,30,5,457.63
4074,7,1,596.6
3405,185,2,195.0
2155,23,1,313.14
2345,112,2,501.59
2173,143,5,1638.94
2186,59,5,691.68
2417,179,5,381.01
2056,116,5,211.12
3622,174,3,1387.24
1203,80,2,767.81
2227,61,1,1280.41
1853,15,4,1363.97
2257,146,4,1092.38
4670,119,5,1390.18
3616,44,5,1358.26
1882,27,2,1651.14
2570,188,1,216.94
1383,29,3,1960.48
3986,26,5,1901.25
2970,106,5,1689.25
2159,41,5,1424.63
3061,21,4,1934.39
1330,158,4,95.43
1412,105,1,1050.75
135,130,3,1424.01
3782,177,4,1966.63
2376,67,4,848.66
4624,75,5,1924.9
2451,10,2,1736.51
4352,48,3,1521.13
1365,112,2,462.96
1212,2,5,1754.32
1039,119,1,883.56
4023,21,5,1694.63
1064,71,5,1276.2
3223,61,5,1568.53
1084,82,4,579.48
806,26,5,240.3
1237,16,5,1418.65
3247,22,1,1599.45
3386,130,4,438.53
2056,194,3,1842.23
3260,34,4,1477.74
453,112,5,1422.71
1525,72,1,280.3
3333,61,2,1281.87
4352,161,1,1489.06
940,129,5,183.4
121,37,3,1647.87
2570,55,5,760.74
3537,79,2,465.83
1392,73,5,87.74
3514,19,4,696.11
1797,113,1,1536.08
4267,148,1,1676.88
334,8,5,949.67
875,137,5,870.89
3287,191,3,360.14
4692,66,4,317.42
2119,166,4,1170.09
3345,188,3,877.87
902,100,5,1729.65
4820,73,2,766.58
1650,93,3,1359.05
3656,154,4,1488.23
3546,194,2,867.17
2711,139,5,324.25
2784,71,4,624.52
3133,44,1,520.35
1336,89,5,1414.2
1537,69,4,1518.82
3036,2,2,1344.59
1619,45,2,436.83
227,30,1,157.65
585,162,4,1711.1
3126,78,4,1915.98
2748,135,3,1396.68
4624,76,2,1192.56
4437,122,2,338.23
877,158,4,419.92
2233,108,2,1910.7
4910,91,2,1039.45
4811,4,3,1733.36
2549,110,3,944.96
2343,131,3,408.61
2134,20,2,529.25
1,177,3,968.63
2592,141,3,1473.63
2108,113,4,450.89
2462,147,5,1640.94
3365,196,1,1545.55
786,49,1,249.4
1458,4,2,61.49
4123,66,3,170.23
4114,101,5,1529.63
2595,66,2,1082.23
3758,33,3,1355.62
582,128,2,1989.24
3571,26,4,1032.34
260,26,1,1660.34
824,95,3,1905.44
4104,141,2,1432.67
157,109,4,1543.81
2705,101,1,193.16
34,152,3,1831.94
2803,38,1,132.16
4996,151,5,822.93
2286,126,2,1260.15
191,148,2,495.71
3119,157,3,57.86
833,177,1,890.23
4885,118,2,704.92
3598,82,2,1509.28
4780,97,2,1538.64
3495,79,1,1391.41
1797,19,2,845.24
3921,64,2,1594.72
4854,118,2,1816.43
222,118,4,1420.95
3918,180,2,754.63
2004,103,5,1807.16
3034,25,3,1721.5
638,195,2,138.78
4213,113,1,562.66
1577,54,1,155.76
3577,107,2,423.96
3636,139,4,291.98
381,119,2,298.4
17,115,3,1375.51
2365,134,4,1113.25
2419,71,1,675.89
1541,21,5,25.32
1703,106,1,1556.98
4406,95,3,1371.35
4683,37,1,114.93
1980,190,5,1245.06
2486,54,1,606.32
617,55,2,1050.55
4621,30,4,940.74
1574,147,3,1711.31
3131,151,2,367.31
2678,139,3,12.32
15,82,2,16.0
2929,27,4,740.51
1096,68,2,1723.79
3522,70,2,1107.75
559,80,2,1217.32
431,89,1,251.2
3340,173,2,1047.38
1182,132,2,1520.6
1980,169,2,1744.25
3352,159,4,467.34
2676,93,5,754.2
3965,170,2,1410.3
3504,125,5,217.78
527,122,1,1567.95
4381,58,2,1823.93
778,43,3,345.97
649,14,4,915.73
583,193,1,573.35
3796,50,1,1143.37
1382,180,5,728.31
4124,46,4,957.85
2847,79,4,1756.98
674,86,4,583.16
2023,56,3,1461.47
4827,156,3,716.14
4373,127,4,1469.38
1574,38,1,753.27
3559,184,3,1498.85
1244,78,5,670.52
2065,54,4,1034.04
763,90,5,1687.28
4748,117,3,1522.16
4774,81,1,1130.85
342,150,4,1929.43
3399,71,3,1600.94
208,95,1,1552.89
3374,169,5,705.06
124,105,1,1624.18
4769,186,5,793.31
1159,144,2,472.1
1272,44,4,210.2
3438,31,5,794.32
537,59,2,835.64
2707,3,3,280.53
2321,16,2,707.94
304,108,1,1973.29
3401,104,5,977.96
790,48,3,445.83
2974,111,2,1354.01
207,99,4,1547.27
2634,16,3,804.17
1870,127,2,1588.49
4611,165,1,1344.87
3314,144,2,1026.14
1002,68,1,459.49
4322,96,3,1788.26
4358,30,2,518.65
4070,140,2,563.74
1748,43,1,1049.29
4848,83,3,402.07
4990,66,2,743.35
1028,127,4,967.72
4282,9,3,114.79
961,111,4,911.67
2005,83,5,1180.63
4979,96,3,1499.9
2915,14,2,314.21
1552,140,1,158.16
3363,48,3,251.51
1746,77,1,349.38
1421,156,5,1041.53
901,28,5,1562.21
1137,199,4,564.4
3347,128,2,367.01
3065,132,5,1582.05
4633,181,2,932.69
552,17,4,1825.91
3282,25,3,1655.72
224,188,4,1479.8
700,55,4,127.75
1881,110,5,1247.92
3728,44,1,691.29
1608,107,2,1718.73
113,26,3,1699.6
1854,147,1,1313.7
266,157,5,858.48
4299,187,1,642.6
544,121,5,1085.98
2553,173,3,1508.85
2406,49,5,1616.49
2989,74,1,1503.72
2383,165,4,1840.82
2288,134,3,240.13
2679,134,1,1709.92
4349,152,2,1369.54
863,140,5,1195.91
1812,17,2,384.51
587,26,1,525.32
3452,113,3,1159.6
3250,140,1,775.77
3791,4,2,1118.65
4985,64,1,1186.36
1989,54,4,639.71
2651,200,4,1684.89
1566,132,2,526.94
3880,191,3,1700.81
3027,44,3,1397.0
1786,152,2,192.73
882,92,5,1016.15
3218,45,5,663.12
3756,27,3,838.91
3368,189,4,371.79
65,166,2,66.6
4133,81,1,154.73
4186,3,3,1094.19
3547,197,2,1518.25
456,86,3,1082.28
2719,142,4,526.5
3263,62,2,1500.35
878,117,1,706.37
712,28,1,929.81
2002,28,3,237.67
575,91,4,1446.6
3376,199,2,1472.18
2389,60,4,211.89
2570,35,3,1761.89
95,154,4,914.73
2120,109,5,1083.03
922,10,2,786.77
493,173,2,407.88
3575,33,1,830.03
1850,97,5,32.66
3985,10,5,1423.11
3987,25,4,124.4
4074,155,4,1130.4
2513,163,5,1639.6
2730,2,1,1721.13
3817,199,4,495.11
2645,90,1,745.0
1379,155,5,659.09
3915,8,2,358.92
255,54,3,1721.59
3475,72,3,1484.71
1669,6,4,663.81
768,130,5,1019.47
463,164,5,893.9
1168,108,4,162.59
4736,100,5,151.68
4344,195,2,734.33
4238,165,3,1712.24
2701,109,1,924.12
3695,44,5,557.4
1871,150,2,1887.22
1299,59,2,1731.37
3030,200,5,1485.17
4809,68,1,1201.07
2547,198,4,238.13
2801,181,4,1015.76
3538,21,2,1791.24
877,99,5,86.84
1693,103,5,1304.75
654,99,3,1603.16
1663,39,1,717.8
3463,189,5,1917.68
78,63,4,1373.97
594,117,1,896.59
3283,164,5,1162.58
1867,171,2,1138.26
425,76,4,1677.87
1669,159,4,357.88
557,181,4,1581.13
4635,160,5,877.54
1814,52,4,1583.21
3431,52,3,1687.63
2262,48,5,1160.89
2959,53,2,1324.77
4245,130,4,1077.98
567,177,3,1217.04
657,69,5,1149.77
4046,71,1,1567.72
4647,137,4,810.07
1785,62,2,1177.19
696,77,4,1027.52
3864,82,5,408.94
1570,38,1,791.78
4103,58,1,1165.0
4985,54,2,1218.34
2091,177,4,1746.04
4684,6,4,264.68
3871,191,3,796.01
4999,192,3,639.54
3691,87,1,1423.93
4612,11,2,1640.49
1527,125,3,761.05
1284,159,1,1905.29
1260,188,4,1601.32
3397,170,5,371.16
393,126,2,976.52
4997,67,5,1776.12
4622,16,1,1680.58
3900,144,2,931.97
2280,156,4,148.61
3690,144,5,384.83
2662,23,2,1220.58
1203,10,1,1557.17
2773,60,4,1074.01
1493,53,3,109.68
448,92,1,901.45
4971,140,4,608.71
2677,179,5,1646.1
1975,57,3,634.46
4587,53,5,1788.73
802,78,2,878.51
2845,62,1,178.33
3091,39,2,670.01
1631,161,3,1662.58
2255,35,5,1412.81
3353,114,5,103.75
3868,122,5,1489.62
3413,27,2,1997.93
502,192,5,1074.43
2293,73,5,1937.02
1073,129,1,1591.61
2844,106,1,1130.16
1834,116,5,1410.65
1919,106,5,1124.5
2589,57,3,1029.07
3239,65,2,730.74
2876,85,2,422.86
1981,116,1,1977.8
669,65,3,1295.17
3818,44,2,751.18
2416,60,3,1094.59
1873,155,5,296.09
176,64,5,899.99
860,189,4,145.18
2067,131,3,602.28
2523,181,1,694.32
134,10,4,1292.55
1175,44,3,1802.93
2315,188,1,1930.96
1987,189,5,145.73
4123,72,3,1071.23
3700,194,1,227.74
4822,8,1,666.11
2865,142,3,213.49
4332,187,1,411.35
123,26,1,40.19
504,163,3,1341.94
1545,67,5,1936.54
1590,129,1,1553.64
1495,165,5,1874.77
100,185,2,93.57
1046,120,1,1939.39
3283,59,3,1430.75
1450,147,3,894.97
4558,87,2,54.28
555,68,5,1478.7
1767,163,5,621.5
188,15,2,1089.47
1996,17,2,1112.92
161,89,1,999.41
4019,164,3,422.68
4143,75,2,1460.55
1264,103,2,1468.24
2369,147,2,1677.95
3494,143,4,1239.23
4150,138,4,1876.46
2631,5,1,1899.0
3156,6,4,192.15
4469,96,1,1786.43
1533,19,5,899.03
1104,8,5,857.8
3866,60,3,28.36
4705,110,3,1398.99
1812,61,4,1545.59
2274,182,1,30.59
1258,11,1,119.05
542,55,3,1658.19
1193,174,1,1367.6
3604,141,2,267.53
1049,62,5,1682.11
1392,27,4,292.79
2640,20,3,918.68
3575,20,1,406.41
2943,113,1,209.27
2062,16,5,1671.38
1604,98,4,1490.71
4168,142,4,1719.54
1705,147,1,1717.45
1367,7,5,999.98
2876,100,2,848.07
364,141,3,315.63
1648,12,2,957.56
783,22,1,1907.52
4220,125,4,155.41
1687,168,5,1410.61
572,34,5,1249.97
369,147,2,639.36
2895,109,2,1789.4
1859,79,5,1888.19
1121,54,2,970.32
3006,84,3,156.41
1665,42,2,87.97
3450,19,3,1279.39
4983,84,3,1812.82
1429,111,4,1132.13
1439,25,4,203.9
4601,93,2,1913.87
2717,1,5,1749.69
67,183,3,1133.62
1160,198,4,944.98
3915,180,3,1310.63
1165,22,5,1171.4
4894,19,4,1222.18
2153,75,4,54.12
1975,136,4,1865.48
3337,140,3,1485.91
1829,16,5,278.16
583,94,1,863.16
3379,101,4,1529.45
2188,89,5,743.12
924,81,1,1305.71
101,141,4,1338.69
755,33,4,734.94
4427,55,2,1615.53
2618,2,1,945.99
4165,95,1,159.73
1782,31,1,1061.12
3970,90,3,129.43
979,109,5,130.38
2428,115,2,1891.64
4500,40,3,1862.37
2628,20,5,1890.18
3281,144,1,808.92
3918,25,2,742.82
1117,95,3,770.57
1998,22,3,1233.78
2470,160,1,333.47
358,50,1,956.94
701,1,4,1737.24
4632,199,3,1984.4
1550,35,4,401.72
2047,200,2,1091.25
3335,11,4,1708.03
1710,138,1,1859.48
3227,98,4,1899.36
1177,20,5,846.47
214,34,4,1207.26
763,185,4,354.83
3860,42,1,1578.82
1152,33,1,1501.23
967,158,1,1918.84
4292,22,3,1857.3
1281,142,3,1391.31
4362,47,2,1141.85
1963,35,2,1932.57
4078,20,3,692.0
1941,52,1,1197.76
1717,28,2,1506.88
4109,75,3,1874.69
3205,69,1,1797.2
3994,198,3,355.29
1695,174,1,1352.1
3467,125,5,436.66
899,8,3,1577.83
1298,168,1,1272.15
1116,12,3,113.73
2400,47,4,802.74
4439,77,1,1216.48
233,127,1,441.08
3191,137,3,415.17
2054,65,1,1597.48
4886,65,1,1997.21
3134,120,5,1894.37
3471,43,4,1470.53
1106,110,2,629.28
4677,170,5,1506.08
36,17,5,1299.81
1175,181,5,1798.49
4915,138,4,1986.07
3131,123,1,987.85
1611,28,5,188.66
3994,40,4,1940.11
4725,38,4,1021.8
4928,144,1,1418.29
1490,15,5,509.74
2489,48,4,1137.8
1546,22,3,1611.06
3651,3,5,1573.4
1350,32,3,1781.13
4876,198,2,1516.38
2703,83,5,1663.88
1366,4,3,755.93
2004,99,2,1378.6
3897,165,5,1782.88
4358,73,1,112.54
2464,93,3,1858.38
470,78,4,37.69
3083,34,1,564.59
3265,5,5,1403.65
3333,194,5,618.56
3752,120,5,1610.87
2665,109,5,1401.93
3970,153,3,1975.64
909,89,1,806.77
2164,57,3,41.88
3918,50,4,90.8
2193,174,2,1004.83
4474,1,5,578.27
38,154,1,689.81
1081,174,5,1508.0
3532,88,4,1294.73
4248,33,5,1079.95
1967,75,2,1519.68
1441,200,4,404.78
2571,197,4,1957.25
3787,18,1,637.08
1362,103,2,675.04
1997,179,3,1428.04
2977,32,2,788.4
3816,8,5,1859.35
1261,157,2,821.98
3089,119,2,967.17
4199,2,3,846.11
3149,185,4,1842.08
1703,141,3,647.21
3728,24,2,140.91
2294,143,3,1485.51
2567,61,1,1216.85
3448,97,4,818.19
3285,126,2,1494.15
1160,18,2,402.8
2860,2,3,742.63
41,40,1,154.34
3966,112,4,1852.0
3542,188,2,1388.97
2352,184,2,1942.95
2988,195,1,805.68
2979,76,1,474.09
942,16,3,817.82
3565,117,1,1983.51
1212,74,2,1585.65
1921,33,2,1095.26
4039,84,2,1455.86
983,107,4,1964.52
1327,36,4,758.86
262,144,3,1392.33
470,51,3,1397.81
1377,11,2,1696.17
4816,21,5,29.53
834,179,1,1631.65
4685,22,4,1364.07
2006,124,5,975.54
1755,77,3,766.64
3698,181,4,1189.45
4693,156,5,768.22
4568,69,5,39.81
2218,52,4,643.29
4950,136,2,283.94
812,119,4,110.63
2847,72,1,1111.28
157,86,3,1052.28
3011,56,1,1272.01
469,185,4,1645.41
4342,34,5,1438.29
4345,166,3,959.49
4893,84,3,944.74
2872,118,5,308.88
1911,92,4,1664.38
3536,16,1,114.86
769,148,4,1874.8
879,105,2,233.16
4330,200,1,503.01
2335,180,1,1977.77
3589,83,3,1297.56
3984,68,3,1280.34
3175,123,2,867.8
2311,197,3,225.63
4142,121,3,645.46
4692,34,3,1152.72
381,83,2,1164.29
2737,155,2,318.14
2967,163,2,381.63
2187,8,2,167.17
3187,170,5,1487.56
3643,84,3,1248.0
1243,98,1,27.67
4004,7,4,1035.75
1278,153,2,284.45
4797,170,1,1332.61
495,119,1,1538.47
2345,147,1,473.38
3627,141,3,1817.26
3545,131,4,1399.1
3452,12,3,1472.37
3696,167,3,864.65
1106,14,5,1214.83
2147,176,4,578.37
324,171,5,227.25
987,169,2,1565.69
2000,85,3,1366.18
3186,166,5,1509.91
2034,27,4,890.6
3233,150,3,1775.31
4553,162,3,1681.76
3021,199,4,172.85
818,172,3,658.06
1367,176,1,1860.4
4359,12,1,1255.6
1103,60,4,457.12
157,170,4,760.2
2576,100,5,1886.17
2980,153,1,191.44
3013,134,1,519.52
2867,121,1,768.17
4279,36,5,398.66
1995,11,2,324.94
4002,126,2,455.02
3185,71,4,694.49
1927,39,4,713.3
2836,55,1,1650.84
1048,183,4,1057.86
2808,83,3,1839.57
3252,111,1,974.19
212,61,4,1214.05
2843,143,3,817.44
2594,169,3,625.81
211,191,4,1809.73
3352,148,4,1791.91
290,55,4,712.92
2973,195,2,360.96
4616,65,3,376.34
1713,100,5,1454.09
2205,106,3,307.02
3963,36,5,400.55
1776,87,4,612.51
933,111,1,630.4
3565,83,5,423.91
4284,87,1,898.19
4290,118,5,418.12
2574,88,4,589.33
4879,85,4,1709.9
333,76,5,855.42
4603,187,3,214.6
2213,29,1,1388.72
1694,134,4,1653.71
1206,154,2,1509.92
2716,66,4,293.41
2794,2,4,1511.48
1485,103,3,846.38
3976,70,3,154.72
4480,80,4,51.39
184,119,4,489.74
2399,103,4,1905.78
14,140,1,402.25
2045,130,2,140.35
2286,10,2,194.24
3220,35,4,1286.17
2665,95,1,565.24
3071,63,5,10.25
1730,136,4,644.43
2022,9,4,118.24
2071,194,2,1308.55
4256,6,2,657.93
1186,197,3,1572.67
1433,198,4,74.97
1997,169,4,1717.4
2677,189,2,1932.72
4024,123,3,1091.68
4851,44,4,1124.78
318,65,4,1777.27
1351,8,2,146.87
2820,127,1,566.96
727,126,4,1826.15
3638,61,4,561.47
4818,149,3,962.73
907,164,5,1041.21
4125,138,5,1347.69
910,111,4,1337.03
708,165,1,170.31
4855,33,3,599.5
778,197,5,317.09
931,16,4,1652.76
489,19,4,1357.62
3116,178,3,464.04
759,104,4,760.27
1495,140,1,1259.26
1229,164,3,281.8
373,122,1,728.16
3351,200,4,724.55
2535,57,5,1982.35
3048,16,1,1009.68
1235,148,5,531.92
3053,67,5,429.56
4304,85,2,669.26
3079,134,2,884.87
4974,46,5,1557.64
336,171,2,274.2
2588,155,2,61.2
429,160,5,1306.74
2932,63,2,347.43
3801,90,3,1062.17
3120,171,2,1689.8
4398,86,5,1397.7
1660,14,4,176.69
4915,64,2,596.02
4424,108,5,409.38
1784,146,1,1233.83
4770,59,5,1207.1
2386,164,2,489.38
3232,65,2,1739.98
1867,197,4,1251.47
504,168,5,1801.78
841,96,3,742.46
1834,98,5,1546.38
2987,83,2,1908.43
4492,40,1,636.71
957,144,2,1868.77
1006,144,3,907.26
108,46,2,1886.32
3293,64,4,556.21
2790,185,1,1916.55
2549,157,5,865.01
1034,90,3,1640.9
649,24,1,660.07
1694,190,4,50.4
3073,94,2,1618.77
1973,108,5,296.35
668,38,5,1343.02
2265,1,2,1230.52
2664,174,4,919.26
1925,90,1,509.35
138,167,5,982.55
385,159,3,938.91
4151,164,1,1020.1
2843,23,2,1643.96
3129,36,1,1252.07
1528,163,1,244.14
996,131,1,1497.45
614,88,5,434.48
685,78,3,119.88
3370,56,2,602.43
3866,139,3,1788.74
3263,105,5,1820.1
4128,171,1,441.49
2233,11,2,1920.63
1292,28,2,1923.87
4097,177,1,387.41
3551,178,5,1140.56
1631,64,4,356.94
635,140,3,1856.19
1310,35,4,408.51
2631,100,3,1711.85
3767,156,4,1007.58
2177,176,3,1601.42
1350,49,3,793.76
362,184,2,1991.0
4059,145,5,1584.8
2377,115,4,365.12
1898,152,1,131.03
4575,181,1,1976.26
4346,48,5,1169.75
49,190,3,344.93
182,158,4,67.25
738,86,4,1425.81
1002,199,5,1258.9
4256,95,3,57.88
1151,194,3,1535.46
1471,43,4,251.97
2424,10,2,436.04
4884,196,4,1105.47
4949,114,5,398.69
3901,176,5,1386.01
4288,80,4,1277.85
380,164,5,1460.87
1170,30,2,1269.06
3322,190,2,662.21
401,62,5,466.42
3238,188,2,1251.43
3144,19,2,1590.62
4772,144,2,999.69
4841,199,2,1438.6
1579,87,1,358.92
2913,60,4,1468.28
20,46,1,1766.23
2358,195,5,1808.78
2918,176,1,133.08
2669,176,2,611.4
1498,42,3,1489.77
3624,134,1,1016.25
4783,8,4,679.6
3257,107,4,1789.54
3999,158,4,746.39
791,102,1,1724.14
2976,165,2,405.83
1053,165,2,1890.61
2217,167,2,1461.92
4736,157,2,415.24
2896,88,5,982.63
4246,29,5,876.56
1493,172,4,1504.11
3060,25,2,1378.51
3668,33,4,1445.74
4531,136,3,619.21
740,101,5,1873.02
574,119,5,920.23
1637,24,3,261.93
1183,39,5,977.6
4621,172,1,931.31
3044,57,2,164.93
3514,200,1,1087.05
1702,38,5,578.39
3419,40,5,333.91
4517,46,1,711.79
4586,76,4,1191.61
318,110,5,1707.06
2005,14,5,1697.02
1229,192,2,272.97
4007,75,3,1251.48
2599,165,2,263.53
2341,3,5,851.71
3996,47,4,683.72
946,101,5,51.42
4064,32,5,338.67
3648,87,5,1196.25
489,111,2,399.64
1324,22,1,991.02
3361,128,5,732.78
4319,173,3,1289.44
2089,179,3,1966.47
3132,32,1,1705.67
785,192,2,1726.67
2889,79,2,738.4
2125,76,3,424.36
1267,157,1,1933.32
1881,11,2,1711.85
3923,120,2,1943.05
2336,7,2,1314.78
1521,29,3,1937.3
816,161,1,1385.44
3703,99,3,1339.96
3954,150,1,1698.32
4550,10,1,1707.35
4381,47,4,857.23
3573,79,5,1027.19
2647,137,5,1416.85
3169,102,5,222.09
3488,41,3,789.24
4257,193,5,1191.28
3771,97,1,1493.08
3097,185,2,283.49
2098,52,1,1228.56
3301,146,3,955.94
2055,200,4,1638.45
2678,35,2,1063.4
3929,158,5,233.36
1489,154,5,1596.32
2226,197,4,1133.2
2377,80,4,1328.99
2153,73,3,532.14
683,118,2,987.58
3760,169,5,906.76
4594,65,5,515.02
1863,74,3,54.97
3010,123,4,1461.94
1166,113,3,1098.97
1386,103,2,172.4
2857,29,2,1769.71
3998,105,4,718.88
1860,173,3,1581.28
1818,135,3,1222.85
2518,22,1,698.3
2417,187,2,1809.15
2658,55,3,586.88
1990,85,1,1206.06
1349,92,5,215.57
3668,69,3,1234.55
4433,9,2,584.76
1126,76,5,1105.67
367,99,5,986.11
4507,151,2,1602.23
2441,170,1,1128.01
2946,69,1,202.1
4573,196,3,1972.94
2337,170,1,1606.97
2120,46,4,1686.23
2075,58,5,849.85
1052,29,3,871.23
1032,14,2,1287.44
4165,171,1,1811.87
3428,136,5,1905.33
2231,152,1,1535.55
2954,42,2,912.53
2497,40,4,1404.75
474,132,3,1139.82
3156,23,2,168.88
2528,56,3,1935.39
220,29,3,1017.86
4351,118,1,377.74
3262,9,4,1138.97
2153,80,1,1175.6
2113,81,2,342.95
4199,94,2,1314.43
3666,24,4,362.39
4130,150,4,108.61
2970,97,5,1442.17
2827,23,5,936.45
883,57,1,553.49
2239,55,4,48.86
2967,108,1,799.02
2299,166,2,1641.43
425,58,4,1474.41
4177,143,3,1101.7
2683,106,3,1019.67
4958,121,4,348.04
3172,9,2,218.54
1921,8,4,1359.32
1358,90,2,405.61
2218,159,4,329.97
2950,127,4,977.13
2455,2,5,742.29
1192,79,3,1264.99
416,65,4,643.93
4390,160,5,638.92
592,40,5,289.09
682,39,1,1675.74
549,104,3,1772.75
3819,172,5,1698.19
1109,139,1,1200.46
3982,43,5,1819.71
2561,5,5,1833.64
2393,139,1,202.75
1196,158,1,1805.13
1417,180,5,1939.91
4153,53,5,1064.93
3715,104,1,1187.15
3043,90,4,351.82
3163,41,3,224.96
3699,194,1,756.75
2009,149,4,243.68
3667,198,5,1211.06
1094,72,3,1501.88
4216,125,1,483.69
4254,48,2,1640.56
2733,145,2,314.78
4359,196,5,290.06
3224,192,2,313.01
2305,114,3,500.23
4948,90,5,842.23
3602,148,2,47.34
2593,152,3,1770.28
1820,152,3,1775.76
1030,96,1,1485.67
2800,133,1,448.74
58,86,4,1647.75
2648,144,5,1465.0
4228,52,1,1194.52
4129,123,3,1157.37
432,95,2,1659.58
636,187,2,658.14
1736,108,2,1139.98
4937,174,4,329.36
254,169,2,1244.99
1162,193,3,1983.74
4176,104,3,561.41
2484,72,4,718.71
4111,125,1,802.14
3872,31,4,166.77
3348,167,2,129.86
324,104,3,1327.9
480,70,1,910.04
1100,70,5,1187.29
3036,47,3,277.61
457,163,4,128.21
77,179,5,220.36
1084,185,5,1053.86
3502,165,3,713.47
2824,193,4,231.74
4479,124,5,44.81
4069,113,4,344.24
79,138,2,1081.13
1869,15,4,1011.06
96,76,5,452.55
1218,82,4,665.44
3519,133,5,985.85
4099,110,2,1633.75
1913,56,4,1253.6
75,127,4,506.89
3964,58,4,990.94
1882,133,5,1183.68
3656,68,2,1031.79
238,6,3,767.35
153,78,4,1686.01
3757,79,5,1236.19
4464,86,1,518.24
3956,92,4,320.25
1280,135,2,90.92
3894,183,3,1099.84
4106,148,4,1472.43
310,49,4,183.35
4858,14,2,75.3
4759,153,4,997.37
2038,184,5,1709.42
2843,111,1,1796.15
1392,50,5,1170.27
1211,19,3,908.38
3605,95,4,1104.72
2287,125,2,40.86
3110,30,4,899.35
877,70,5,304.14
3002,198,4,1032.21
2769,68,2,1044.39
2090,185,3,22.35
5000,23,3,910.76
4695,198,1,1450.03
3546,74,1,404.08
3098,194,4,938.39
431,110,1,1515.81
2375,163,1,47.25
1867,110,2,1842.29
1778,131,5,1380.02
692,189,2,1325.99
642,171,5,1908.33
1145,31,1,1501.93
4005,177,3,1582.42
4677,50,5,99.41
600,84,3,1114.65
4030,20,1,568.51
1439,140,2,1446.79
3188,69,3,648.88
4782,177,2,1337.45
4883,15,4,1577.14
3163,143,3,145.25
4500,113,2,1176.04
242,123,5,301.98
4043,92,5,564.71
4600,36,3,585.33
3646,161,5,1943.86
4353,102,4,714.31
1947,86,5,1431.7
1181,50,3,1112.93
3806,5,3,1736.77
2956,150,1,1933.63
2301,52,5,1910.73
3550,199,3,1955.56
890,11,2,1230.52
2456,48,4,894.55
135,41,2,1069.1
3433,12,2,1845.88
3469,110,2,1419.75
2767,100,2,362.21
4382,171,3,1503.23
2806,43,1,1100.72
3971,195,5,547.44
4102,113,2,1911.15
3431,106,2,415.23
253,29,5,233.7
2979,80,2,256.73
3895,125,5,243.22
2800,169,5,845.85
122,129,4,177.44
1747,171,3,139.62
4463,97,5,717.38
11,123,5,1532.25
731,173,4,415.55
833,170,3,1375.19
3438,179,3,984.42
3808,79,2,996.9
769,183,4,1602.88
4492,105,3,434.29
1601,47,3,872.07
2743,119,3,1053.87
2083,166,4,615.5
2044,22,1,1429.99
3501,128,5,1091.51
4053,92,4,377.36
2439,103,2,912.13
4574,152,2,48.95
1529,93,1,1740.12
3701,164,5,1579.19
3435,102,5,1630.57
1871,38,2,1320.39
4307,99,1,738.48
1079,45,5,537.55
994,155,3,1320.7
2714,99,3,1741.92
3503,131,3,1984.76
3954,36,2,372.77
3861,182,5,1516.97
2153,142,4,1119.7
1412,19,2,1073.58
2206,20,3,1999.28
2853,76,2,597.27
2417,193,1,1831.99
1979,104,3,1182.06
1152,6,4,1344.43
4069,113,1,1942.26
2585,165,1,1487.62
2041,175,1,1604.16
3140,120,3,1447.32
384,125,4,1425.31
3997,185,2,1818.02
1641,88,4,491.83
4107,109,3,879.29
4606,84,2,94.88
1683,82,2,1815.08
199,78,2,75.49
1547,166,1,1913.34
1043,194,5,1572.44
617,41,1,336.54
1389,11,4,1754.97
1068,68,5,1538.54
333,123,4,1255.33
2824,104,4,1896.58
1491,18,3,1676.66
4770,47,2,380.63
2461,109,5,1701.13
4750,133,5,1136.85
4864,86,3,1010.8
1372,57,2,1173.77
3304,115,4,1507.97
4361,75,2,457.78
146,135,4,1002.12
1197,79,3,617.69
2173,159,5,1687.91
3364,7,4,1658.5
3428,73,3,807.39
768,62,3,439.77
344,91,4,399.52
2372,124,4,1490.93
3345,96,5,940.08
577,10,2,171.37
1124,118,3,659.56
547,127,2,602.02
4472,83,1,1428.81
1121,61,1,673.21
421,85,3,455.99
1837,14,5,1863.2
2604,1,4,386.33
4629,196,3,908.84
1210,194,2,1989.47
3942,104,4,414.29
607,120,4,1607.59
3806,199,3,1948.2
1353,102,4,1553.19
621,38,1,1422.63
3248,128,5,1211.71
4431,157,4,1398.54
1686,169,4,437.19
140,119,5,1607.63
4692,30,2,1887.54
4972,24,3,570.35
118,26,2,82.77
1815,138,5,685.52
2078,87,3,200.03
3166,185,4,1192.91
1095,12,4,1136.64
4768,31,4,1676.56
4047,163,3,17.67
1878,48,2,231.06
2270,95,3,1180.49
769,158,5,1275.26
1413,200,5,1612.8
1262,45,4,612.48
3372,118,5,161.52
18,111,4,1893.27
2614,36,3,914.8
1008,34,2,1267.97
420,59,1,869.87
3981,194,4,1947.23
1634,78,4,1078.49
20,191,2,1912.87
1155,53,5,1976.23
736,120,1,621.19
3324,164,2,302.84
1212,142,3,1325.65
1957,174,4,1957.2
3982,97,5,538.42
1525,53,1,105.29
2059,121,1,73.5
1313,89,5,1193.14
150,31,5,354.61
449,51,1,648.75
1269,23,2,645.59
2797,171,1,86.44
3720,24,2,1849.09
2736,77,2,823.41
920,131,5,1381.72
4182,162,4,499.97
1439,124,2,275.88
2057,131,4,692.04
2010,74,5,500.82
2243,105,1,1584.89
3601,37,1,802.0
1267,183,2,1796.32
4553,161,5,976.58
1610,55,3,981.84
1621,60,4,1389.37
1710,80,1,860.07
2418,45,3,830.16
4772,135,4,88.3
1273,82,3,77.58
1897,86,5,914.41
483,51,2,41.83
1875,62,5,347.03
1686,42,5,117.74
1472,198,1,1092.51
2403,87,2,1720.69
3075,64,3,1294.82
4819,200,2,1051.02
4082,97,5,389.02
3500,103,5,428.39
2789,106,4,287.57
4681,142,5,468.96
2559,143,3,1200.32
2397,192,2,846.07
251,117,1,1906.19
2833,114,2,1947.3
4616,133,1,199.16
2630,8,1,190.57
1250,195,2,1610.21
1279,37,3,1599.87
4320,159,1,1360.1
2195,102,1,35.33
3287,140,5,1983.28
2841,172,3,142.11
1457,152,3,319.89
1180,194,5,1570.27
1304,158,4,1454.79
2955,14,4,1097.02
3948,49,4,1122.45
2880,8,5,1650.39
881,93,5,260.03
2672,38,1,731.14
932,9,2,1290.79
1417,193,3,649.2
1846,84,3,1549.95
125,162,2,46.18
2479,151,4,361.58
1312,59,4,1119.65
2447,197,3,305.15
471,137,4,1070.85
4403,121,4,1938.02
2098,187,2,1926.88
1443,46,4,1882.76
4767,33,4,1527.31
4183,149,5,597.11
4841,93,1,1096.89
4497,128,5,1043.37
3880,177,2,1644.2
566,54,5,1426.12
4918,164,4,970.68
1659,185,3,1875.61
3340,183,4,202.65
4712,151,1,1316.61
1,29,4,757.36
1280,121,1,1158.13
1800,6,2,864.3
4057,23,2,345.17
176,133,1,39.84
3229,49,4,997.63
4068,153,3,1508.99
3623,82,3,163.6
4239,104,2,953.1
2137,55,4,1055.89
4537,89,4,1758.8
3316,69,5,352.3
2849,182,5,621.7
2576,166,1,1532.28
4666,27,4,1620.29
3700,68,3,1974.55
3991,87,3,1302.47
3705,18,1,443.76
3230,8,2,767.15
3184,27,2,1113.36
1533,163,2,99.66
547,69,1,1439.91
2728,113,2,358.12
2329,136,1,198.0
1865,133,2,65.73
2014,123,4,1283.66
4678,180,3,539.56
292,20,5,1109.54
4978,53,2,1156.98
19,69,4,1940.12
4364,32,2,119.56
4274,172,3,615.39
1727,86,2,686.48
3561,158,4,105.92
4165,138,2,311.12
1021,48,1,206.03
3067,157,5,1203.16
1329,27,3,868.25
1048,84,2,539.52
477,147,3,1118.34
4232,79,2,27.74
1839,6,2,1991.83
1631,75,5,1362.42
1932,43,1,224.24
6,197,1,296.02
1175,59,5,1472.59
3183,82,1,891.73
3474,99,2,1833.12
4008,161,3,1868.3
3591,29,2,843.73
1475,52,1,900.62
871,152,4,266.09
771,189,5,1735.6
2273,113,1,1385.3
3414,116,2,1857.55
712,79,1,1378.66
1187,136,3,1726.17
1686,15,5,1607.21
3112,12,2,698.89
4272,140,4,1613.89
2160,172,1,1209.44
1122,157,3,25.02
1778,43,1,399.66
2693,158,3,83.69
4706,77,5,917.71
1720,21,3,1365.6
1380,171,3,1504.15
733,30,1,1085.74
2175,36,1,1689.71
795,199,2,32.55
4229,129,1,1109.54
3605,90,1,513.82
1791,168,3,235.23
3670,26,4,133.72
1686,33,4,1800.86
1511,185,3,1800.4
2035,190,2,586.9
278,15,5,390.97
4831,82,2,1902.24
3238,76,1,1133.0
971,23,3,842.68
1110,36,3,1104.48
998,102,5,1659.67
665,186,1,1178.25
849,126,2,1770.7
4262,114,5,1898.05
4944,105,4,1610.16
4328,32,1,1546.49
3818,15,5,328.23
4118,157,3,62.53
2634,160,4,1693.2
612,76,4,970.73
1460,62,3,40.53
1663,53,2,1305.6
288,17,3,865.96
2179,18,5,162.3
1411,3,3,1988.35
429,27,4,1483.73
2406,166,5,1948.21
113,58,5,316.03
4000,16,5,559.4
650,172,2,1057.2
2801,78,4,1225.77
1591,179,2,596.38
959,188,5,1276.66
4709,119,1,768.37
535,181,5,1675.9
2035,173,1,358.86
2754,20,2,469.07
2594,57,3,1340.54
1133,49,5,630.51
1206,58,1,1985.26
484,111,2,1209.02
4185,4,1,641.88
4182,118,5,1469.46
4381,183,5,1436.19
4606,29,1,446.26
3489,15,4,1727.58
271,169,4,489.26
324,151,5,1917.12
4379,183,1,858.33
1349,97,4,462.73
3864,21,1,537.09
2160,121,2,107.82
3224,38,4,187.69
3891,88,4,1204.71
1872,30,3,1706.68
2337,115,1,266.04
740,59,2,771.14
1807,124,2,1517.99
1022,21,4,850.96
4782,8,3,247.0
7,62,5,1953.82
61,184,1,801.57
2632,151,2,264.1
3173,114,3,1512.82
1294,11,5,1349.38
3472,117,5,700.54
1476,166,2,177.13
256,190,2,921.99
4685,190,2,317.1
3906,192,4,790.47
3121,89,2,201.77
4584,155,4,1288.73
2242,192,2,1770.22
2122,171,1,230.96
4171,14,3,797.97
1736,185,1,1431.01
2556,166,4,1327.11
4512,101,3,1245.78
603,60,3,1022.0
1065,200,2,1569.72
1295,108,1,970.17
2008,133,3,743.95
1663,20,4,1731.52
1185,198,4,1963.48
2147,190,5,485.57
2458,69,1,1602.37
2867,63,4,378.91
1823,11,5,506.2
4574,72,2,582.26
2538,162,2,580.42
3472,182,4,416.53
1215,6,5,480.86
351,15,1,899.9
3206,143,5,1124.56
2618,26,2,498.39
3733,36,3,202.51
2465,118,1,50.97
2072,64,5,1253.35
3318,105,3,14.56
4398,54,4,13.7
1476,53,3,170.85
1110,20,3,1964.25
1948,129,1,996.55
4543,34,2,732.97
4282,173,4,1500.46
2400,11,2,1439.36
2269,155,1,534.96
405,124,2,295.93
4680,90,3,1279.29
4739,66,3,1870.77
1268,120,3,1800.16
3291,2,3,710.26
3602,34,3,198.42
1413,190,3,142.66
306,171,5,931.99
4905,126,4,1395.59
3442,118,4,959.11
4503,160,1,698.58
4860,54,5,1688.34
2453,175,1,308.5
400,110,5,1141.92
4480,35,4,1473.87
1064,73,1,1792.58
663,85,3,842.21
4599,75,1,464.17
1612,25,5,600.01
4614,135,4,1934.59
185,98,5,1199.35
530,3,4,1893.58
4858,6,1,1703.11
903,102,4,1707.49
2646,81,1,794.53
1192,143,2,328.96
2698,179,2,1043.54
2441,105,1,1152.37
4686,4,1,557.61
2540,16,5,956.74
4841,32,4,339.9
2862,106,5,750.71
3840,121,1,441.35
2130,44,4,1668.64
1361,18,5,1870.9
1255,164,2,1576.27
1655,29,1,29.22
1499,164,1,689.34
3700,196,1,1472.82
2320,34,1,1331.84
4854,65,3,1472.79
566,110,1,1174.29
4697,179,4,1156.42
1421,108,2,399.79
4,176,2,599.56
3145,177,1,640.48
2065,127,2,913.62
4320,98,5,686.21
4852,69,4,59.29
2143,192,4,925.36
2040,78,3,1769.86
2083,73,3,702.44
248,130,3,1569.27
4544,127,4,982.09
2992,11,4,848.78
335,41,4,1469.75
2148,144,2,1889.95
2878,145,3,1142.21
4913,146,3,1469.96
4349,151,4,964.19
9,71,3,1568.41
1029,42,4,1474.15
3743,187,2,1170.73
2931,25,2,110.7
2824,26,1,1172.18
4108,98,3,1455.5
743,44,4,168.66
4637,138,3,1525.12
331,158,4,1762.67
1384,172,5,1857.25
632,82,1,211.03
144,40,2,517.25
470,190,5,699.14
1100,72,2,1505.91
3231,99,3,762.67
1943,189,3,1630.46
1087,9,5,1340.76
141,58,5,779.86
3846,90,5,60.48
527,163,5,928.75
3266,31,5,1753.49
3866,46,1,792.61
1854,143,1,1508.18
3142,56,1,1971.73
1709,39,2,230.18
4480,152,1,692.21
2566,44,2,1526.39
1649,115,5,415.21
2695,1,3,1476.02
2262,155,5,1735.58
1363,74,2,1503.79
2328,165,3,491.84
2317,170,3,104.3
1606,162,1,1891.69
4122,21,4,200.25
4297,29,1,1709.12
3933,130,2,1234.97
3734,9,5,1067.19
141,14,4,1333.63
143,15,4,639.2
816,149,4,1454.7
2217,35,4,376.76
522,179,1,302.34
3884,54,4,916.68
2007,164,4,975.89
3166,199,4,1295.0
1413,158,1,764.79
1644,28,2,335.85
3352,193,3,1099.16
239,44,5,240.71
3891,25,5,1730.82
1361,67,3,511.64
839,98,4,1192.71
3472,97,1,1359.59
115,112,4,1860.23
808,156,1,1907.49
1132,71,4,1873.69
4530,193,2,1956.14
4394,70,1,1921.32
1431,116,5,487.7
4161,50,5,923.85
1384,96,1,558.59
3326,123,3,795.28
3695,39,3,1349.19
737,135,2,1472.57
3378,175,5,1401.14
422,45,3,1700.34
917,80,5,1754.71
183,40,4,1602.85
2021,92,2,44.33
4675,161,3,789.0
4674,127,4,1861.88
336,45,4,686.43
2613,74,4,1749.7
1527,43,5,1056.17
2508,17,5,1097.29
1498,25,4,1551.08
2708,188,2,360.74
1740,196,2,778.95
1706,27,1,1331.1
3854,168,3,1555.29
4961,115,3,61.38
1567,153,2,84.47
4935,33,5,224.83
773,139,4,1692.96
2897,159,3,1089.7
3749,67,4,381.48
1541,68,3,1024.89
1524,185,3,1406.59
33,37,2,423.49
4515,126,4,1084.47
2609,172,4,272.81
2719,169,2,1888.45
3820,126,1,1426.42
412,76,5,1818.03
878,185,1,717.66
2796,147,2,327.6
3075,24,5,1133.25
1996,137,1,1226.13
2213,150,1,280.17
1235,60,4,1146.67
1295,13,2,863.92
4906,168,3,1114.56
600,37,5,537.17
98,149,3,1980.78
1070,32,3,1224.97
136,59,4,284.41
3082,162,1,590.06
952,196,5,1853.79
4818,108,3,234.88
3624,60,2,137.84
4822,163,4,1388.73
1551,117,1,1717.4
223,44,1,752.59
2857,101,1,1905.27
4317,126,2,1782.06
3355,75,4,1532.27
2303,197,2,1566.9
4716,20,4,306.77
670,200,5,212.53
4288,45,3,937.33
3942,73,1,715.62
879,136,4,1967.08
3034,52,5,1413.77
2806,180,3,500.45
2181,59,5,1960.63
3529,121,2,1788.42
4086,191,5,119.18
3592,42,5,802.68
3888,6,3,416.59
4767,162,1,1131.25
2588,172,3,424.89
4209,47,4,1875.44
3802,19,5,1626.74
4231,77,2,89.96
4062,113,4,291.1
2017,135,2,699.8
4399,155,2,292.17
6,185,1,1708.09
241,149,1,373.48
3075,116,2,1661.81
1199,132,3,1491.87
4438,24,3,1408.69
4707,95,2,483.87
2553,32,3,1562.37
2076,23,4,1126.57
3614,11,4,1460.82
4160,189,2,1825.61
3387,188,1,1340.29
1475,86,2,427.22
9,181,1,622.05
500,32,4,1412.97
2709,26,2,171.53
4133,154,5,1334.49
2390,197,2,691.71
4491,162,5,495.09
1800,146,2,597.21
2203,16,1,417.36
1749,176,3,1758.51
2556,9,4,227.27
1999,47,4,640.34
2972,141,4,1389.9
1424,125,2,491.59
1760,44,3,1787.39
4505,126,3,1296.63
305,84,1,399.72
3843,15,3,646.4
2120,191,5,1634.41
4058,124,4,755.39
333,9,4,1465.91
749,65,4,831.29
3865,123,2,205.05
3764,169,2,1548.07
2030,122,4,329.16
595,140,1,1008.25
1429,200,5,1726.4
1292,3,4,148.15
3800,91,5,1988.07
3711,103,4,1926.02
1763,151,4,121.31
322,175,4,1015.42
1231,49,2,1504.4
4311,13,1,756.14
2402,59,4,470.18
3888,36,5,1273.31
159,147,3,742.28
3530,1,4,1711.47
3424,94,1,755.79
2836,99,1,722.92
637,200,1,1265.85
1278,70,3,1116.79
3718,175,5,1791.68
2309,31,1,28.55
2418,5,3,128.49
2537,39,1,910.11
2098,127,5,1292.14
463,134,2,1146.89
4857,110,5,958.69
917,118,3,1367.13
1542,195,5,795.89
345,199,4,1581.89
3660,68,3,1137.27
2116,51,2,1722.58
2534,74,1,1930.69
1854,181,5,1859.61
3473,118,5,986.37
4958,113,3,1775.42
173,72,1,1515.82
3425,39,1,1228.94
4044,91,3,106.52
3262,25,5,1214.2
904,187,1,718.38
3956,87,1,909.3
3347,97,4,1278.26
4202,73,4,1088.89
4039,57,3,1808.46
4034,64,5,1328.87
3336,137,4,1666.49
74,178,4,659.5
4996,4,2,821.51
3478,62,5,476.43
168,134,2,1056.34
2404,75,3,1745.19
4472,192,3,591.51
3888,133,5,734.29
2446,153,1,274.9
4502,11,1,1726.74
4763,102,1,338.08
993,168,1,155.37
1094,14,4,332.96
2765,142,5,1790.89
2094,163,2,1214.0
1488,22,5,263.33
3512,134,4,1131.26
4638,87,2,1760.52
106,115,1,1631.17
3560,53,2,587.25
3810,18,4,882.28
4962,72,3,1377.63
2223,14,2,1556.76
891,62,2,576.57
1817,9,2,1456.46
4734,135,4,234.55
908,161,5,1227.03
4459,72,2,159.48
4832,198,1,556.58
13,27,4,932.4
2829,78,1,571.59
2231,73,3,1974.51
417,22,2,1047.61
3695,95,5,1563.76
3975,99,5,824.74
432,4,3,1276.18
1151,13,5,556.28
1416,25,3,1032.78
4608,191,4,1757.31
2284,80,4,1675.34
2971,85,4,215.2
4455,20,1,1918.65
2310,30,4,881.49
4699,27,1,48.94
2565,135,2,268.75
2516,73,2,867.34
1660,90,5,1816.12
4852,128,2,248.45
1956,181,5,666.14
2597,74,2,411.29
879,6,5,1059.25
694,166,1,1031.95
38,54,3,605.16
2844,34,1,834.12
2377,19,1,1487.72
4403,53,5,178.71
1901,151,5,1176.59
4300,191,3,887.0
1984,11,4,278.93
3890,104,5,1658.04
1257,79,1,743.61
2894,161,4,246.26
4269,133,4,1491.89
3571,84,2,1064.78
3231,33,2,1319.44
2306,159,4,1220.04
4225,29,2,1857.09
2936,109,4,14.6
2548,111,2,844.35
968,133,4,680.18
50,58,5,143.78
2765,100,1,183.26
2271,94,3,1408.45
3708,12,1,1495.6
850,63,2,858.74
1118,108,2,1401.77
1018,59,2,507.3
3646,125,4,707.42
4001,32,2,393.39
1327,173,4,981.9
3587,197,3,1638.04
3034,173,4,233.4
3722,156,1,753.84
956,14,1,44.28
3088,12,3,344.49
1485,138,1,1886.77
3692,190,1,1869.94
4185,152,4,268.94
4044,121,3,669.25
4490,22,1,810.04
1414,183,4,787.42
1807,2,5,345.96
4147,91,1,1141.08
3539,135,4,1420.99
2418,59,4,1730.44
1033,108,5,554.14
2566,3,2,1006.37
4265,65,3,1048.16
1640,196,4,1397.49
4325,156,1,525.96
4242,48,3,54.77
3680,61,3,838.39
1119,30,5,509.6
4481,36,4,1281.9
675,46,1,932.39
3073,174,1,638.59
807,162,4,1512.37
546,121,5,1736.65
4676,26,1,479.72
4709,117,5,1592.51
3170,3,5,1735.45
1699,99,4,1453.0
3121,152,1,901.73
3387,198,5,423.9
4119,36,3,612.02
3045,85,3,1513.87
1544,57,1,707.33
4362,24,5,643.26
3533,42,1,1423.14
3299,74,2,1166.48
4762,41,3,803.17
3409,36,5,1306.74
4223,17,2,1898.38
4299,152,4,1103.34
3859,102,5,916.75
18,81,4,735.67
4989,170,2,443.64
3116,89,3,1569.38
4164,173,5,1457.6
3723,3,3,929.69
2214,13,2,655.48
2152,143,4,932.69
1597,88,1,1755.84
2160,1,5,1443.98
4200,105,1,1757.62
2327,144,3,654.61
1474,62,1,362.03
3348,25,1,106.86
2452,152,2,1953.69
2597,2,4,939.76
4579,61,4,1678.74
4938,113,3,1476.09
1690,62,3,1388.85
514,56,5,1772.52
4393,113,3,1598.28
812,7,3,161.14
1654,39,3,1344.02
3422,98,3,275.94
3484,45,1,1665.44
1182,188,5,956.51
3405,164,1,1367.45
512,52,1,313.62
1832,111,4,1096.12
1837,162,5,1760.37
2914,115,2,217.34
2215,166,4,1570.74
3576,183,1,1348.05
4694,125,2,1806.79
1655,195,1,260.93
372,128,1,1032.06
3584,111,5,834.26
4792,137,3,309.88
213,186,5,1261.54
4454,14,1,1912.49
1346,99,4,669.25
554,116,1,23.77
3208,74,2,1375.35
1621,25,3,1573.63
3287,51,2,272.42
2777,166,2,1167.95
1877,60,1,770.44
2886,106,5,248.15
1277,45,5,950.72
769,200,1,93.35
1759,111,5,787.55
2766,178,2,150.64
3461,177,4,1468.1
2689,6,1,1589.61
780,128,4,1679.68
4150,125,3,510.97
1077,8,3,1700.54
750,65,1,1403.41
888,79,5,1458.95
3372,132,4,970.87
3246,159,5,1019.17
33,23,5,1385.31
3854,71,4,1416.55
4642,21,2,825.96
4788,86,4,674.95
3400,22,4,1266.57
4821,128,3,1687.61
543,98,4,239.02
2230,94,5,223.3
2588,9,2,502.82
4342,151,4,310.62
872,65,2,57.11
2402,171,1,1506.12
4857,200,5,1899.57
2699,77,2,90.31
3266,148,1,181.0
3623,10,3,731.83
3936,40,3,1507.76
904,77,1,142.81
523,49,2,193.02
3084,150,1,745.18
213,123,1,846.99
503,26,3,1075.02
2204,125,5,1064.44
2376,1,3,523.08
3783,26,1,654.48
3787,99,2,1629.0
3004,79,1,1588.18
1895,11,5,87.32
4684,163,5,1463.68
1342,127,4,691.05
2191,27,5,1644.6
2055,120,3,992.79
3990,7,5,1059.45
67,163,2,1476.96
389,136,3,1841.42
227,185,4,1652.99
4132,113,2,1303.11
2975,185,2,1568.97
3355,126,2,1142.7
232,48,4,939.55
320,125,1,1734.13
1286,93,3,855.7
1878,127,4,1144.72
4033,174,2,577.76
2334,119,1,102.81
805,69,1,1677.99
3759,71,5,924.92
4853,26,2,1495.28
1342,74,2,636.14
3407,178,2,566.08
2809,37,3,1631.32
3767,118,4,1094.52
10,61,2,23.77
1666,158,3,346.27
2219,96,2,568.46
1092,187,2,583.67
3784,17,1,1334.58
2794,104,2,1398.58
4528,85,4,803.76
1060,123,2,1692.83
4978,33,2,978.03
1130,196,1,791.42
4339,136,5,933.89
4185,185,4,1307.53
988,37,1,1702.22
105,55,4,597.0
697,150,3,23.4
1435,103,4,1272.47
1658,142,3,1836.71
1164,39,5,571.82
39,177,2,1343.07
4614,184,1,356.25
4036,38,5,1661.64
1217,181,4,706.31
2398,74,5,739.66
3221,97,1,1147.5
3538,133,1,1102.89
4365,122,3,1164.97
535,32,5,213.98
3677,149,4,839.63
2258,94,4,436.28
2902,184,3,1650.72
3683,14,3,1243.38
4674,30,3,1463.22
3159,76,1,274.69
2067,198,2,751.65
2879,98,5,899.73
1036,195,3,1871.8
401,50,1,702.91
397,115,1,319.52
1634,127,4,1208.72
3334,170,4,1370.85
498,179,4,1742.2
322,153,5,1582.48
1987,30,3,1560.26
3332,114,3,169.66
337,66,4,710.33
3079,176,1,281.22
1956,9,2,714.58
3173,96,2,101.34
3237,117,5,512.21
1509,21,2,1861.49
1515,137,5,1582.2
3855,48,3,1191.25
1334,11,4,1398.54
1088,154,4,716.0
4870,46,2,1700.85
1306,3,1,1439.22
2176,195,4,724.76
4059,40,4,1076.83
2942,124,1,551.03
1579,179,5,1951.37
1255,29,1,837.83
157,28,2,720.56
965,112,2,729.67
4763,154,3,369.05
3863,74,1,1536.61
982,59,2,389.14
2949,103,5,140.95
2868,8,1,488.03
1994,32,1,1184.48
1583,193,2,1630.18
3576,98,1,1509.84
4911,132,4,173.88
3120,171,2,1130.01
1884,25,3,393.25
203,53,3,1794.94
3685,17,1,1392.04
936,33,3,1334.28
1631,9,4,1740.67
4018,92,2,1123.22
1353,101,4,89.47
4679,109,3,1500.58
727,135,4,828.09
1015,68,3,304.67
4324,151,4,741.47
3039,177,1,1062.89
3457,129,1,1099.8
258,102,5,1363.04
161,71,3,1505.66
1709,118,1,1526.73
1334,137,4,962.84
3756,139,1,1059.07
1012,177,5,572.86
3890,79,5,1427.74
3582,117,3,1785.24
3347,101,1,1943.16
1962,127,5,778.53
301,1,4,1372.01
4116,69,1,1295.21
3204,64,3,1337.22
1764,82,4,1485.14
507,12,5,942.22
110,135,2,1370.52
1267,178,3,1641.37
3255,176,4,984.64
1546,128,5,1582.38
57,59,1,1492.22
874,187,5,423.81
2433,61,4,1557.28
185,83,4,233.68
964,27,4,190.45
1496,58,4,1751.56
4012,141,5,873.57
4062,198,3,153.41
4179,116,4,1577.42
476,54,5,1718.87
3408,196,5,910.63
773,69,1,959.7
2140,192,2,240.72
1076,56,3,1807.77
2996,123,3,346.86
2178,61,2,539.2
2811,120,3,753.33
1180,47,5,1569.05
100,148,1,625.25
512,5,4,595.37
3858,164,4,603.12
3670,42,5,25.9
3064,86,4,1391.35
1063,95,5,1440.42
3666,81,2,302.14
907,200,1,1920.44
2754,31,2,425.91
3598,155,2,724.72
2691,168,4,833.99
3864,94,5,77.7
85,172,1,772.27
3532,35,1,1738.33
1797,43,2,1903.51
3126,7,3,162.81
1909,87,2,310.97
2802,20,4,1031.46
752,75,4,263.99
2300,165,5,989.95
872,168,5,1783.38
2467,50,2,328.25
4718,110,4,712.98
1283,78,2,1004.59
1211,144,2,1588.38
532,103,1,1131.21
2348,200,2,734.39
1368,110,3,807.83
3908,187,3,1921.85
1823,75,3,1524.36
752,80,1,1479.76
538,40,3,911.94
3143,69,5,1755.81
304,124,4,404.22
2773,62,4,1180.12
2160,35,4,1867.07
1411,61,2,1752.71
26,46,4,638.99
3210,142,3,1918.51
3903,165,2,1885.96
2397,38,4,1081.18
1934,56,5,1299.2
630,56,5,935.41
2125,7,4,315.28
3014,129,2,298.24
2231,96,4,1083.55
1464,83,5,1751.97
843,189,3,1092.91
4368,154,1,433.83
662,22,5,55.78
1241,30,4,1468.84
4968,155,1,975.54
638,6,4,1629.97
222,132,4,1859.67
3278,61,3,1922.62
1108,35,1,895.11
280,72,5,356.49
2165,79,5,1759.26
173,139,3,517.95
4703,154,5,1332.22
4042,6,2,672.59
946,199,2,1245.35
11,95,1,1050.93
4547,33,4,1427.0
3467,95,1,1612.59
1537,92,1,1715.71
3823,65,4,1374.81
873,133,3,1676.8
1553,180,1,615.61
3769,139,3,1079.39
4811,167,3,1094.49
464,122,5,765.33
3011,2,2,1380.41
317,141,5,709.04
1858,4,3,658.3
3067,70,4,256.9
1836,105,4,1285.1
3471,198,1,708.74
4313,166,2,528.46
299,161,4,55.02
765,30,3,1499.85
2707,114,4,566.83
2716,54,2,776.07
3530,174,2,1404.48
4016,187,5,415.6
1205,28,4,1817.75
4405,139,5,895.89
3000,110,2,1094.52
3093,6,4,1047.57
4409,91,3,1035.68
1595,64,3,1752.31
612,7,2,1207.94
571,81,5,637.85
1873,145,1,958.21
2792,192,2,1383.27
4016,167,4,421.49
4249,19,2,1930.67
548,130,1,154.31
1502,63,1,1873.35
37,4,5,1018.78
3765,95,3,264.12
4010,122,2,1814.35
2699,3,3,162.8
621,62,4,1276.21
2589,119,5,1350.02
4833,112,1,635.73
2953,191,3,757.71
96,28,2,1128.4
4280,184,2,1349.09
1132,193,3,1294.59
453,191,3,1182.57
4668,177,4,388.75
4051,63,2,1652.15
2508,1,2,1231.38
4522,122,3,766.65
4911,54,5,1209.07
3683,32,1,1083.11
1400,112,5,1786.6
2852,33,2,387.38
3258,136,2,1777.98
4732,105,4,1337.58
1173,194,1,1013.32
3413,48,3,562.5
3544,74,2,563.53
4977,140,3,792.13
4311,130,1,1870.95
4037,172,5,903.89
4070,145,4,1904.09
335,29,5,1952.7
2132,31,5,1815.08
3013,185,1,502.59
98,160,5,1599.44
1008,19,3,718.99
3238,101,2,955.89
2910,200,5,808.29
3698,65,4,1425.89
2091,33,2,813.39
4739,38,1,1413.72
4738,196,1,1538.38
2548,67,3,1508.51
438,180,2,1070.33
3005,88,4,541.58
2225,184,1,1802.42
4277,77,4,779.37
4346,111,3,919.88
4916,132,4,855.28
1217,187,1,1896.85
3725,50,2,1918.8
1253,126,4,1062.78
3793,7,2,1317.1
1125,54,2,883.91
4850,21,1,1548.36
3526,92,1,1622.65
95,116,3,1485.22
1491,92,2,1518.81
2891,72,5,1798.76
2306,74,5,332.47
3125,165,5,1765.89
721,47,5,1393.02
651,137,4,1631.27
2138,131,3,1152.38
346,115,5,444.28
3562,135,3,1020.6
3541,189,4,1867.33
4895,181,5,607.68
979,49,3,1737.63
1113,192,1,715.83
4662,96,5,927.19
4451,115,2,214.81
3702,118,1,789.78
4796,50,2,467.07
2965,170,1,1039.59
3042,50,2,1977.5
2544,67,4,866.68
2086,36,5,404.09
71,6,1,895.67
1721,72,4,853.03
2878,59,5,1772.75
4752,12,5,288.81
1120,193,2,160.01
4021,72,2,84.73
468,51,3,1621.12
4156,115,3,616.54
2845,149,2,974.48
3651,184,4,67.05
2413,53,5,781.74
3975,138,2,1204.54
4289,154,4,600.12
1533,26,2,1812.19
453,122,5,1582.03
2471,144,4,1886.54
1619,140,1,1447.61
1804,156,3,1810.9
4638,20,1,761.55
4254,40,2,820.92
4273,1,5,1661.31
1284,175,1,1934.22
3002,134,4,942.8
1608,171,4,1687.78
990,174,4,1697.99
2676,71,4,1843.79
681,59,1,669.3
4073,191,2,1497.15
209,64,1,698.39
554,169,1,1394.72
208,55,5,1498.09
1940,176,2,1888.91
2052,139,3,563.09
17,128,1,1164.5
466,88,3,676.37
5,102,1,216.2
3559,41,4,97.94
2757,164,1,1516.93
1549,65,3,373.08
4309,82,3,1335.63
4115,51,1,904.24
2473,114,3,1903.6
2906,135,1,1530.79
283,36,1,1514.33
4483,25,1,866.52
1348,9,4,1197.1
1704,121,2,734.96
4406,132,3,1018.07
1763,169,5,1048.03
3991,47,5,1972.38
757,83,5,85.57
3959,174,4,549.28
2269,29,5,1676.83
954,149,3,742.38
967,20,3,312.7
904,83,1,1721.38
1753,168,5,1331.42
3802,130,1,470.13
3054,155,3,803.74
439,150,4,1660.58
1511,116,4,191.52
1440,81,4,54.98
2405,44,1,1495.6
2981,96,2,703.76
2027,109,4,221.4
448,118,1,1463.87
4974,83,5,1740.16
3911,68,3,849.88
4224,179,3,1240.74
2496,45,1,597.83
3607,60,1,1107.61
4137,38,1,471.0
1492,137,5,140.23
2389,33,2,681.28
224,28,2,1485.7
961,64,3,698.01
4304,87,2,1087.55
3877,174,1,79.73
1626,100,1,1918.26
4273,94,4,386.06
579,84,1,1045.09
2872,48,1,1915.35
4562,88,1,237.92
3906,173,3,1462.39
2079,18,2,780.19
3541,135,3,1796.45
3966,168,5,1703.75
3605,45,2,635.11
1796,196,2,688.75
4885,86,5,422.11
297,47,4,1719.98
3443,70,2,259.51
3278,70,5,602.23
1543,89,4,589.57
4029,63,5,330.05
2520,17,5,1705.19
2507,154,1,677.97
1452,195,4,937.38
434,122,1,43.04
4547,138,3,964.85
2226,103,3,986.13
2028,87,4,1378.81
4966,179,4,1579.71
1989,76,5,1877.32
2921,142,3,138.8
4082,129,1,1206.01
1434,96,5,42.75
84,26,2,1911.34
3408,76,3,906.67
3108,169,3,749.34
1298,104,1,149.16
4428,92,3,104.47
3415,4,3,344.93
2758,74,2,1191.75
2281,44,5,1194.49
3535,103,3,1256.51
3609,147,5,1476.11
538,80,5,1775.82
1349,107,4,222.11
4207,116,4,1444.32
4265,116,3,1391.07
3897,89,5,851.15
2789,74,4,191.58
543,122,1,957.88
1625,137,1,1132.6
3528,118,2,1129.04
2951,105,3,512.6
974,159,4,817.53
2736,198,1,391.09
713,17,5,678.46
4307,106,5,516.64
1334,162,3,1418.41
2051,80,4,162.52
3032,154,3,79.54
3871,71,5,487.76
4546,173,2,571.8
2956,106,5,1058.73
1318,130,3,253.24
4595,75,1,742.13
3143,177,1,1448.98
3187,35,4,76.62
4399,157,5,1768.3
68,182,3,1384.87
2913,200,5,1210.52
4510,18,5,1295.95
1347,51,3,811.98
4972,63,2,162.83
4859,105,5,611.87
1360,72,1,584.12
3403,41,3,359.0
4353,102,2,199.42
2718,124,5,70.45
4922,194,4,1969.46
1444,165,5,1326.28
549,93,4,808.33
424,107,4,859.48
797,168,1,1618.25
2403,41,5,1806.31
2945,106,2,1229.78
1490,184,4,1786.99
978,154,1,1768.79
1025,49,2,1197.47
58,200,3,457.26
695,79,4,53.77
3661,106,4,1360.29
3449,22,3,1637.21
690,135,3,1257.28
267,164,2,383.12
4035,37,3,581.1
4566,83,1,819.3
1330,109,1,197.0
2944,71,3,1266.07
265,119,4,1022.61
1988,103,1,758.86
2572,108,2,150.86
1654,136,2,1139.99
4088,41,1,1385.69
3864,138,5,422.61
454,84,4,1704.0
4050,160,1,174.96
3071,68,5,190.01
2772,114,4,846.5
3378,78,4,262.04
987,148,1,1009.32
1195,35,3,1935.04
3806,11,4,971.16
4974,86,3,1672.84
1192,94,5,1328.39
1540,58,4,1985.28
1642,23,3,954.27
1548,18,5,1764.13
2543,183,5,264.54
3317,36,4,538.89
4760,193,1,374.53
2042,175,5,984.31
873,86,4,910.28
3972,39,4,692.34
3070,46,2,704.81
4032,195,2,607.62
737,199,5,481.36
1243,190,4,1558.2
1316,97,1,1014.32
2220,40,1,1600.79
4080,102,5,1856.33
2706,41,5,633.28
4038,136,4,692.88
1938,149,2,1368.59
2649,152,4,929.13
109,171,3,194.58
1214,152,3,1348.47
1300,94,3,102.28
3487,188,1,1876.01
3367,16,3,1322.65
2311,43,5,806.71
3253,96,2,1208.06
4664,35,3,1652.84
3648,131,4,18.07
4835,120,4,714.75
4495,146,2,1834.86
4875,96,3,1955.55
1979,39,4,774.53
3755,20,2,321.81
2421,82,3,269.29
3255,83,5,180.16
1690,30,3,855.56
4664,145,4,349.51
3310,156,5,433.94
1526,144,1,1819.51
1696,130,4,878.28
926,31,2,1188.2
2106,77,2,296.42
2710,103,3,1064.2
2945,82,1,372.51
1241,66,1,1307.77
3950,41,4,886.39
2157,20,3,388.04
808,183,4,1633.05
3173,84,2,1621.48
1367,97,3,11.42
593,160,4,93.32
2798,128,1,148.94
3862,18,2,104.19
3414,38,2,1208.75
3338,167,2,349.94
1047,200,3,1131.0
4079,112,5,179.5
1376,164,4,785.16
1704,83,2,933.39
4214,192,5,398.16
4749,59,4,1608.08
1240,46,2,1627.09
1338,38,3,1434.66
4323,194,1,1266.95
403,179,4,519.38
2618,33,5,1360.52
4252,78,3,1693.99
4080,67,5,541.49
2297,18,4,407.91
4233,133,5,1839.7
4317,10,4,1840.29
1383,67,1,1934.52
3654,78,1,1693.46
4028,12,2,1593.59
4277,115,3,66.74
1511,122,5,122.66
1864,53,4,633.38
4599,27,1,473.58
2150,10,1,165.27
1135,184,4,283.34
3488,1,5,332.65
1653,2,4,757.29
4600,98,2,1417.35
97,67,1,1082.39
3848,123,2,1539.94
4370,142,3,1480.01
3771,140,4,78.72
1067,66,2,1763.04
1585,117,4,990.97
1254,108,4,157.28
563,172,4,1191.44
1018,158,5,1908.55
4702,200,4,1659.71
4264,97,2,373.2
4588,53,4,901.74
1865,148,2,406.26
1656,77,4,1617.28
3674,83,2,1359.39
4024,109,3,631.94
76,32,5,1166.18
2339,105,5,1045.55
4681,116,2,1381.38
3039,56,2,485.61
1635,1,3,818.95
1954,151,4,446.77
2647,63,2,1642.61
2957,182,5,702.76
2769,136,5,440.3
1384,103,4,133.98
4888,187,1,554.44
4264,62,3,1343.81
907,101,4,935.46
377,41,2,16.55
4004,127,1,1759.01
558,39,4,1434.97
3298,16,5,1769.95
2593,135,2,1717.61
1076,187,5,1873.96
876,24,3,1167.64
1956,66,2,674.61
764,184,1,163.8
3214,179,1,1946.64
283,122,2,1058.6
1001,71,1,862.32
1938,108,1,1413.89
1829,104,4,1415.1
4603,4,1,564.78
612,138,5,1001.02
4071,67,3,766.63
3370,176,3,1438.02
281,27,1,230.82
1626,146,1,1830.64
3113,5,2,1160.48
1302,66,3,1120.56
921,145,5,1535.81
121,4,5,420.16
4730,2,2,1245.91
3992,92,3,1450.98
3091,126,5,851.85
4108,135,2,242.24
1389,109,2,616.78
756,195,2,907.09
1092,52,2,1406.91
644,132,4,744.28
4726,84,3,1666.21
4028,12,3,73.64
3499,74,4,1732.95
2617,19,2,1394.01
3567,172,1,1236.7
3186,133,5,1568.33
4583,155,1,1658.98
3019,121,5,649.74
2680,157,4,1885.11
2121,97,3,1839.35
1576,45,2,1781.24
4074,112,3,628.88
3234,3,4,1594.93
1896,87,5,496.03
2899,153,1,1772.82
4994,146,5,1705.15
3413,1,4,248.5
2216,76,3,1077.93
4395,33,4,634.21
3526,59,3,1635.81
674,145,3,881.51
3555,108,2,928.15
1951,136,3,765.45
863,77,3,1436.6
1163,55,2,1254.95
3037,26,3,855.32
1776,76,5,1303.86
2639,17,1,924.03
2972,151,5,226.46
820,175,4,1748.78
2281,185,1,617.42
3159,42,3,1660.62
4690,114,2,557.47
3934,93,3,1591.44
1580,77,2,1160.02
1512,8,2,1424.09
2267,125,2,1250.3
2541,5,2,1949.65
3642,36,2,751.33
4829,166,3,541.52
562,133,3,64.11
48,104,5,1222.47
216,72,2,968.04
3342,59,2,1004.79
2296,32,3,1613.1
4065,19,3,955.59
1842,57,1,1837.41
750,152,2,1018.24
4039,100,1,841.26
1856,12,4,1479.86
3258,5,3,41.94
1493,121,1,1993.29
3800,132,1,882.61
175,22,3,100.3
2477,74,5,603.76
341,143,5,411.45
1090,94,4,1190.85
2107,65,3,151.42
28,162,3,1304.27
796,56,4,1657.0
1687,2,2,1336.72
4397,41,5,1315.93
1719,12,5,1730.64
838,107,3,525.46
3160,134,1,781.2
3666,82,2,1875.14
2919,10,5,942.43
4115,101,5,1709.67
2346,160,5,955.42
4692,65,3,1219.29
4443,39,5,821.52
1906,40,2,1596.47
3239,84,1,571.08
3756,3,5,228.56
760,177,5,1352.26
3909,108,1,1053.5
3944,75,5,549.6
1049,39,3,702.45
3112,73,4,770.12
2940,50,2,336.39
4903,14,2,324.08
955,160,1,1744.15
3534,4,1,272.98
2439,138,5,1419.54
1405,101,2,1987.83
3927,11,1,1033.01
3908,25,3,1133.46
4244,198,5,853.31
1613,129,1,725.75
623,12,5,515.6
93,70,4,1932.04
499,91,2,728.5
2403,134,5,1987.4
4765,20,4,1436.07
3314,20,3,1727.98
1281,47,2,491.16
1338,65,1,1534.4
3686,170,1,1912.13
1866,197,5,627.68
3849,51,5,1292.16
3002,158,1,1167.61
291,151,3,49.53
1074,60,1,1561.01
4987,39,1,606.78
4257,23,2,1992.68
4218,196,5,1883.8
331,181,2,133.76
218,109,5,14.49
2757,26,4,140.98
4129,12,2,979.96
2683,95,4,1512.62
2543,106,3,571.98
3252,43,2,948.4
2063,147,5,303.82
4267,117,4,1084.71
1864,193,2,1602.32
3657,105,4,1875.71
4715,137,2,1482.82
4533,13,1,1072.04
3274,172,4,1285.59
3967,112,3,1873.32
4454,126,1,1637.79
4255,118,5,1779.87
4903,68,4,1337.54
3482,93,5,260.22
2211,177,5,1792.28
1590,158,1,887.12
3438,91,5,1394.15
3051,44,4,731.36
2579,146,3,574.31
3720,111,2,852.66
4121,21,1,590.96
3388,21,3,160.34
1159,98,4,569.38
4089,98,5,600.45
3323,140,3,1958.4
4763,11,5,909.76
4101,130,1,944.56
3216,185,5,1209.08
2944,92,4,1871.25
4014,84,1,42.95
769,32,5,620.56
3217,178,3,550.75
3292,99,5,810.93
3552,52,4,197.22
1621,145,1,1171.02
3025,155,2,901.36
479,18,4,1207.42
2863,18,3,1861.93
1967,107,3,1301.93
3100,80,3,1171.74
897,152,2,259.76
901,73,2,1901.12
1134,50,1,119.72
1174,109,2,305.56
4475,55,2,1651.93
4979,131,4,816.18
205,1,3,1981.28
2472,95,1,1728.63
1267,163,2,249.93
954,36,4,44.96
3573,200,1,1939.95
1781,65,3,29.9
3671,148,5,1410.88
131,69,3,904.95
1857,56,3,1174.05
3559,45,1,317.95
2065,44,2,347.82
436,101,2,1312.02
3998,196,4,1720.69
2945,18,5,566.85
2173,152,2,479.37
1695,59,2,1398.9
4931,52,5,633.82
662,6,4,412.0
3553,115,4,1655.91
4150,75,3,1630.31
4917,120,5,921.03
1363,164,5,912.39
2218,67,4,658.64
1882,147,2,906.02
3197,76,4,1559.66
777,15,3,1618.03
3836,22,5,773.58
4554,179,2,186.45
1033,99,1,1392.61
4164,43,3,1181.44
4075,110,5,1760.0
2936,176,4,55.03
4193,96,3,1096.47
4239,130,5,1555.52
1693,70,4,883.04
519,80,2,1388.54
2059,18,4,1893.46
443,91,4,1617.52
4295,61,3,1161.9
4805,166,5,943.83
2235,9,4,1793.77
1313,187,3,1222.45
4721,104,3,871.45
2256,40,2,1206.43
3453,88,4,734.46
594,71,2,1782.51
2955,179,5,1654.97
2508,52,2,465.89
4071,68,1,624.79
890,196,1,1053.38
1421,1,4,1932.21
1598,138,3,958.03
937,149,5,1775.96
302,93,3,1857.66
1819,37,3,1150.61
338,178,1,1946.97
3470,9,5,596.68
4895,108,4,1363.22
3759,180,1,444.28
721,179,3,1336.82
922,131,3,1055.98
4096,171,3,1420.82
3025,195,2,22.6
746,77,2,1641.76
3479,155,1,1923.16
1337,96,2,1069.85
3581,51,2,1264.02
796,151,3,148.65
3263,178,4,1810.81
653,88,3,637.37
1831,122,3,962.74
2392,108,1,1150.51
745,160,2,267.32
3693,86,5,253.15
408,134,3,1285.32
2304,175,1,1198.37
2128,103,3,243.69
566,73,2,365.14
4290,55,3,1864.54
3869,36,2,1079.2
1466,9,3,1541.15
922,131,4,917.9
1483,98,4,32.41
1236,25,1,1439.49
877,47,1,261.19
4981,38,4,856.42
1676,129,3,314.95
1679,8,5,1578.67
696,70,4,371.14
2603,47,1,1465.05
3807,77,2,505.94
4178,106,1,847.54
4399,84,3,860.72
3213,29,5,1242.48
1043,158,5,1159.42
4687,47,3,1674.65
3891,169,4,1572.26
570,142,5,388.46
21,8,3,1284.24
1191,30,2,1936.64
1477,170,2,310.68
1621,21,2,393.96
4943,87,1,1963.45
3818,150,3,894.78
3042,133,5,812.48
3556,180,5,718.52
1191,86,1,425.43
4818,130,5,1317.29
3780,57,1,1479.74
2112,37,1,1895.02
2799,27,4,1767.34
688,24,1,1870.97
3240,50,5,1108.17
158,75,1,35.53
1167,98,1,427.13
2552,78,1,863.46
2901,63,1,72.06
465,41,2,1203.22
3828,70,2,717.49
1152,145,5,1060.5
3853,87,4,461.43
1325,75,4,1528.31
2697,150,5,752.43
2022,57,3,1187.49
3879,27,3,177.98
2421,35,1,1540.3
2134,118,3,267.77
2704,5,5,247.21
4889,32,3,904.68
2187,38,5,1228.77
3488,14,5,933.25
4912,180,5,464.61
4814,94,3,177.25
4060,181,5,724.68
3597,20,5,142.55
4649,45,2,615.83
1141,51,1,116.8
554,14,3,10.24
3193,90,2,546.6
2992,136,1,1975.77
2813,173,1,61.91
14,99,4,212.56
2663,37,4,1711.6
4693,94,2,970.85
3288,49,2,102.11
4361,128,3,171.17
702,70,4,1341.59
2,19,3,1876.48
2850,67,1,1265.17
4661,198,2,1276.58
1981,55,5,1572.63
4071,106,1,854.09
3709,25,2,1554.92
2924,19,3,1316.38
1526,182,4,397.3
2599,53,1,1030.45
1805,4,5,386.85
1812,87,5,772.52
2240,127,1,76.65
4573,52,1,413.63
4645,102,1,724.82
1931,3,2,1186.82
3548,70,1,1690.44
3782,139,1,1180.2
4876,122,4,928.77
2512,15,1,942.95
2098,1,4,1789.75
3532,124,3,560.08
4964,195,3,789.29
2898,142,2,32.48
4950,81,5,291.91
750,59,3,102.48
3885,194,1,106.6
1597,191,2,1122.67
3823,48,3,1402.95
1394,99,2,631.09
1308,158,2,1574.44
2366,31,1,351.98
4219,145,5,248.32
3935,189,1,1233.71
2177,134,4,1213.61
4272,16,4,1125.72
538,105,3,773.79
2010,27,1,1567.54
1824,167,4,1600.47
2453,38,3,823.2
2160,65,2,1429.53
3706,68,2,1811.6
4305,128,3,742.48
1850,2,5,561.32
3728,139,3,1544.33
3070,153,1,1323.33
1993,87,5,907.21
481,11,4,1160.65
3753,57,4,25.26
56,85,1,793.3
276,153,4,1576.37
79,167,3,1178.48
2151,27,1,1689.13
3988,47,1,380.96
4393,80,2,1083.11
1545,86,5,705.19
280,58,4,1014.26
1244,157,3,1301.19
1422,68,2,1054.86
3227,6,5,383.11
1257,150,3,582.2
4846,98,5,579.47
2424,16,1,1933.0
4215,159,1,823.56
3545,152,2,111.5
736,66,2,253.57
3222,7,3,1919.62
398,45,2,1161.21
3414,40,5,233.41
1857,194,1,544.61
4244,19,2,989.3
1936,129,5,1396.09
63,45,5,285.73
843,172,5,209.17
4927,180,3,170.44
3355,27,2,620.89
1508,200,5,597.16
709,51,5,1548.53
3122,126,3,1898.71
1148,78,1,656.26
1778,195,4,1744.52
2187,15,1,889.87
3703,54,1,1255.18
3586,178,4,462.31
1966,194,2,191.67
2018,148,3,252.73
1899,33,3,1653.36
2680,93,1,1886.26
756,191,4,310.41
4055,34,3,151.82
2499,38,3,998.8
1163,91,3,90.74
2226,22,1,570.03
660,12,5,836.82
4519,83,5,1213.86
2060,196,5,595.04
1994,174,4,868.56
2116,5,5,1663.04
1411,194,2,1891.84
1461,154,3,1588.51
4908,153,3,1427.52
82,151,5,1710.34
1761,182,1,1655.58
1186,180,2,1750.0
2639,58,1,1045.24
3130,125,5,231.25
4142,132,1,1135.88
4794,118,1,1607.11
4592,180,5,640.21
1935,123,5,1873.61
3282,184,1,977.6
658,6,5,1905.72
2190,19,5,950.64
3732,193,5,1091.32
4666,89,3,1500.59
4252,12,4,1069.73
279,109,1,1098.42
692,24,4,822.18
3150,28,1,1778.16
3233,29,3,1237.43
3112,78,4,921.4
2625,141,2,511.65
4705,186,5,259.89
2247,143,1,1027.76
1784,188,1,339.69
2201,65,5,814.18
4104,67,2,528.0
3396,100,1,737.44
2631,102,2,1517.37
1488,130,2,981.11
2539,69,4,1605.94
4017,144,5,585.13
4296,157,5,1793.9
2361,160,3,140.6
2697,76,1,1190.4
1578,91,1,846.19
4918,142,1,1034.97
3627,43,2,755.59
4406,117,5,679.53
4609,178,3,923.57
3388,194,4,145.55
4300,74,3,1117.13
4654,14,3,214.8
2040,60,3,1709.79
1378,3,5,532.78
4669,62,1,961.83
2658,64,1,316.13
3084,190,2,674.55
1263,143,1,1672.91
413,182,1,1621.13
630,37,5,622.58
4979,129,5,318.62
4028,155,3,481.37
4237,113,1,1303.76
1997,189,1,1961.51
4310,96,3,586.11
3864,35,3,412.02
1602,193,4,1771.44
3029,180,5,1273.18
556,125,4,61.84
3640,8,5,154.25
3873,152,5,927.12
4045,163,3,1720.23
1916,10,5,1180.82
76,4,5,1192.06
2483,187,4,684.24
4759,33,1,546.88
3246,136,1,726.83
2563,17,2,883.29
3521,154,1,1027.87
2343,200,2,1331.63
2720,188,2,1634.88
1165,62,1,1401.93
3663,148,3,1256.41
1177,155,2,376.57
4283,69,4,760.96
2316,39,3,1247.16
846,79,3,1478.43
191,121,5,1045.86
4269,2,2,48.57
2459,20,1,1979.35
4700,132,4,1312.35
2972,16,1,1988.03
3916,189,2,1789.76
2456,199,2,1447.59
3329,52,2,46.83
1589,95,3,124.38
3964,165,3,501.86
422,72,4,1544.99
1279,162,3,1347.86
665,19,1,546.1
2223,93,2,1542.35
42,64,5,866.35
2252,24,1,247.39
2878,166,1,1256.49
3174,78,4,676.47
581,23,3,234.68
1730,94,4,1038.14
2779,188,5,1662.07
2787,121,5,705.92
2115,76,2,720.95
1716,137,1,1015.99
2923,105,1,654.18
3324,163,5,1530.23
2679,154,2,1539.49
317,51,2,1041.12
161,115,2,784.88
3628,181,4,374.4
663,146,4,1763.16
4977,111,1,649.68
2719,182,1,911.21
3737,142,1,1135.6
3890,128,4,178.09
2432,197,4,821.21
1144,154,4,1364.21
2651,25,1,1438.99
12,8,2,567.49
853,178,4,1884.17
1416,161,2,510.1
2374,25,2,1554.56
11,124,5,1163.02
3606,26,2,1743.08
3800,121,4,1551.07
352,118,3,97.68
1493,147,4,915.04
4198,68,1,1119.33
4445,78,3,170.69
3456,43,5,1233.35
530,83,2,240.95
47,144,1,583.34
3474,71,2,1452.97
3469,38,1,127.12
2502,61,5,1084.16
4934,25,5,655.09
3296,61,3,902.56
814,117,4,1143.38
3587,57,2,1149.55
1109,94,4,1284.71
2362,12,3,1290.78
4251,176,2,1116.14
1167,139,3,568.54
4838,126,4,313.26
3778,107,4,1175.44
1562,189,4,1845.29
4090,94,4,1992.43
3522,120,2,777.49
985,15,2,1925.45
2939,92,2,388.34
3679,137,1,1175.98
4579,31,5,877.35
3124,95,3,1166.76
2065,177,3,1854.92
4517,188,4,121.9
3727,68,2,1096.61
4353,44,3,1447.44
1124,52,3,1993.78
4101,166,4,786.46
2698,83,3,326.45
176,29,3,1994.7
3665,33,4,542.76
43,187,2,1760.26
2342,200,4,406.79
3918,5,2,841.89
3724,96,3,1909.45
3849,124,4,688.28
350,72,1,1613.14
160,101,5,1175.0
4824,49,5,1987.19
4249,75,5,838.35
4749,54,5,1649.0
4375,49,4,265.26
1466,38,1,1213.94
4746,105,1,38.06
2588,177,3,377.23
3361,128,5,155.09
2829,128,4,343.15
1499,84,2,321.39
1565,121,1,1557.55
4138,150,1,1669.87
831,165,1,917.07
4503,174,5,1950.1
474,75,1,1928.17
1738,186,5,68.85
2874,13,2,333.14
3755,135,2,547.78
4896,189,5,140.2
2676,145,2,1750.68
1343,25,4,1159.06
1603,107,5,455.8
1883,42,4,968.41
3423,155,3,1382.61
4770,163,2,278.19
822,170,4,1129.13
1450,197,3,1921.85
1045,168,3,1529.28
3793,105,2,932.08
1316,40,4,874.37
946,44,5,689.23
1210,189,1,358.07
4653,104,3,1257.23
1995,42,4,219.12
675,90,4,352.84
689,50,2,1197.65
3246,119,1,709.0
1360,162,5,1729.36
253,157,5,498.94
448,141,4,324.88
3415,55,5,1184.57
2181,17,4,879.91
1624,50,4,156.35
358,15,5,1475.38
3390,10,3,1085.87
674,163,1,726.55
426,44,5,158.2
4316,195,3,644.75
350,163,4,1425.52
4117,61,1,1078.52
1749,93,3,699.84
1198,199,4,612.04
1034,180,5,1530.57
943,177,5,1633.04
4437,14,1,465.63
1561,176,4,328.73
252,99,3,255.66
2016,56,4,852.82
2054,54,4,1203.69
4978,169,3,1794.38
4002,11,2,737.29
1553,153,4,1728.37
3767,95,1,607.01
3665,76,2,1206.07
1644,19,1,514.5
2548,184,4,718.41
2865,159,4,1656.0
4139,47,4,1177.46
4921,57,1,405.48
3161,148,2,968.41
1616,97,2,1066.85
895,189,1,1116.44
2397,24,1,1849.26
4744,37,4,1275.86
179,96,5,414.81
2775,156,1,608.15
115,190,3,578.67
4777,190,3,982.62
4400,194,5,898.01
1880,102,1,1230.3
2526,64,4,566.75
1810,188,5,1446.78
2230,23,4,740.78
2142,191,2,219.81
2345,11,1,1881.58
2852,152,4,931.27
1184,33,5,1402.6
4107,156,2,1139.82
4902,48,5,1908.75
3823,199,4,259.25
3064,167,4,1512.44
2412,105,4,1762.28
1331,49,1,1154.82
3282,95,5,764.82
2411,51,4,1716.58
4528,106,1,1714.71
1947,82,3,776.58
802,93,5,1675.79
3141,41,4,1186.71
1648,11,4,1887.0
1600,85,1,1302.79
41,13,2,888.37
4840,67,3,539.72
4508,44,3,1914.77
553,136,2,356.77
3759,65,1,77.24
3619,16,1,1435.89
1101,1,4,261.12
3642,180,4,1134.62
1584,96,5,140.99
4186,185,4,1580.73
2178,117,5,704.51
509,79,1,1188.35
3382,4,4,1665.36
3525,51,3,245.92
1430,179,5,112.84
4329,47,5,1378.66
386,155,3,1051.31
3000,124,2,252.86
3249,14,2,543.61
873,137,5,1664.64
4678,33,1,1556.75
3551,153,1,468.79
2278,103,5,852.46
3702,14,4,1849.08
2634,136,5,1867.7
209,150,4,1888.42
4770,122,4,576.25
4208,169,4,95.4
4924,74,1,311.28
1379,151,5,897.66
2809,3,5,460.84
3363,91,3,1264.71
4053,19,1,1485.6
2759,103,4,1143.69
52,3,2,568.37
463,102,1,1290.41
1844,47,5,1619.85
4134,53,2,1784.09
3842,195,5,567.53
3179,186,4,66.13
699,199,5,1676.24
3147,33,5,1022.25
1092,4,2,164.48
3872,118,4,111.22
544,3,4,928.82
3675,138,4,1709.43
343,91,4,1618.98
3712,92,5,124.14
2845,16,1,678.79
4984,69,2,373.59
3294,177,1,1426.89
3175,116,4,37.57
2694,19,4,136.55
2751,121,1,1366.41
2170,165,3,1796.11
4198,163,1,1157.62
1787,59,2,59.98
4361,61,2,1615.92
4581,149,5,179.71
1241,155,1,761.18
4714,23,2,715.91
4812,9,1,1876.12
1138,166,1,1734.76
3949,158,2,1085.94
2390,104,3,272.85
4820,37,3,1571.59
4015,140,4,1548.36
83,62,3,724.79
1696,32,4,1496.43
2325,172,4,904.37
4964,124,4,750.59
1864,65,4,556.96
3136,193,5,1779.42
4070,137,2,1890.61
2669,70,2,1645.66
2384,117,2,799.6
1436,151,2,755.4
1159,13,4,1156.55
772,47,2,223.38
145,41,2,935.97
2968,110,3,222.41
3029,23,2,435.89
2528,175,3,916.61
1386,69,4,61.67
3880,16,5,1433.9
4535,199,5,1957.93
4710,75,3,760.14
4778,146,5,1867.28
1003,184,4,237.13
393,49,1,797.53
3113,67,5,211.51
3619,108,3,1293.52
797,178,3,471.26
2283,72,2,1450.56
195,200,3,1380.3
21,36,3,1089.31
1420,64,3,260.67
3879,46,4,892.43
1191,138,1,1007.62
1209,60,1,368.58
1785,108,4,1729.83
2518,112,4,931.99
2558,117,1,584.02
607,87,1,1915.25
3794,135,1,1845.11
2687,92,4,1241.42
3207,39,1,1149.86
465,157,4,1537.0
3215,103,3,1603.0
4930,127,5,800.38
1366,95,3,905.0
803,94,1,183.64
1291,106,5,1070.62
546,83,4,952.72
417,72,2,431.21
4074,34,2,1210.13
2270,50,3,434.78
2692,191,2,1016.3
1636,12,5,1603.86
681,197,4,906.17
640,89,1,1984.43
279,96,5,1068.35
4616,139,5,1123.67
1141,145,3,290.2
2629,62,1,528.02
2042,163,5,1952.59
878,22,4,191.66
463,31,2,888.87
1037,173,5,794.82
289,181,2,1741.99
3719,132,5,416.65
4755,125,5,711.95
298,95,1,518.51
1525,65,4,239.16
4917,53,3,1817.06
2348,137,2,287.02
2411,46,5,414.38
1410,34,3,688.2
2641,195,5,1488.92
3876,129,2,457.54
3069,136,5,1050.22
4630,198,4,1158.3
4696,68,2,529.18
1226,41,5,1340.04
1343,157,1,1948.34
82,108,5,791.68
4040,79,1,1721.17
3247,81,3,100.03
1012,5,2,1982.59
939,74,1,825.08
4805,199,5,222.8
212,162,2,700.27
1193,66,2,1489.31
844,80,4,1002.47
3647,155,2,458.09
2706,91,1,1642.14
544,116,4,268.78
176,55,4,286.4
4029,130,1,1385.49
1073,190,4,654.01
4808,134,1,1625.73
4860,95,2,1722.01
3957,168,4,1522.83
1091,142,4,1720.17
4677,30,1,1404.19
4948,59,1,1974.86
1367,51,5,443.31
4999,49,2,1896.54
3947,197,1,1922.19
3329,13,3,1133.05
4764,109,5,1215.65
4971,96,1,1205.48
29,186,2,789.27
44,140,4,340.18
4276,75,2,1461.79
2666,193,1,773.08
2011,72,2,1084.82
1203,173,1,85.87
3737,134,4,383.25
1786,175,3,1466.29
2189,92,5,653.23
213,62,2,1537.48
2151,118,2,1170.9
3640,86,2,1608.48
3885,97,4,1254.01
1342,72,1,1006.29
4221,115,5,1537.58
4485,29,2,353.98
2779,146,5,597.34
2169,183,4,588.66
1606,167,3,837.85
4840,172,5,14.16
3944,38,4,914.34
2283,191,1,283.77
618,70,1,1729.24
3017,150,2,1499.36
1461,77,5,309.69
2169,194,2,1569.85
646,23,4,1567.23
3937,173,1,383.13
4841,65,5,1506.26
3999,163,3,837.33
3347,105,2,1298.92
4517,48,1,1458.88
3247,68,2,1706.91
1599,138,5,859.81
958,76,2,870.9
816,157,2,697.53
2231,188,3,750.1
3135,11,1,275.08
4796,133,3,522.24
12,40,1,1134.97
77,189,4,1865.9
3222,114,2,1983.09
3153,177,4,1941.3
998,30,4,1127.63
3710,167,3,1506.77
3474,150,4,1611.1
1526,108,1,358.9
2017,9,2,624.63
2614,142,1,743.94
4169,189,1,72.76
4656,28,4,165.42
4606,26,3,1836.29
2681,101,3,114.24
1148,180,5,1628.43
2914,68,2,634.74
4565,153,4,754.4
4755,143,3,1792.12
2343,109,2,1870.36
2984,22,5,863.69
4866,158,2,1968.85
1936,118,2,760.78
1971,25,3,1155.86
4229,167,1,1073.18
1163,91,4,579.27
4524,36,4,363.71
4671,197,4,915.88
213,51,2,57.92
647,179,5,401.52
1822,12,3,1619.48
2373,44,5,1932.41
3509,198,1,285.45
1590,1,1,1895.95
1821,188,2,1593.47
2585,151,5,1364.7
1087,150,2,254.93
4025,12,2,181.96
2873,133,5,643.49
1131,80,5,971.66
1266,113,1,1227.63
3984,9,3,31.31
223,72,2,675.43
4004,195,1,1289.02
3026,187,2,915.91
1628,163,1,1958.48
1268,177,1,861.87
899,164,3,19.15
3508,90,1,1595.6
3363,22,1,1262.88
1213,83,1,1709.83
3847,78,3,1999.72
2234,165,3,1774.15
4550,94,5,170.29
1225,190,5,520.53
2164,171,1,556.08
4338,128,2,369.12
2566,139,1,1766.61
3436,49,5,1893.21
2725,61,2,1582.51
4809,152,5,1066.48
3669,106,4,443.54
2853,177,1,232.18
1997,94,5,1408.6
737,94,3,1563.84
2358,119,2,1538.7
1592,151,2,1682.96
2699,59,1,513.95
488,110,1,710.84
3337,157,5,86.72
3752,45,5,1662.02
3875,83,2,545.98
757,88,2,990.51
3405,106,5,1581.81
600,55,1,1791.51
1932,77,1,1384.64
2847,75,3,465.64
1199,13,2,1460.97
2113,197,3,1579.11
4228,42,5,906.66
4708,196,5,503.22
2168,200,1,656.22
1274,88,5,1974.35
1425,92,2,1959.38
584,23,1,156.09
3537,41,3,1973.45
1915,102,1,1681.53
3975,55,3,841.95
497,97,4,1762.17
98,49,5,1234.3
4200,144,4,1820.97
3005,45,2,1574.52
4772,81,2,849.61
2636,138,4,1897.11
236,128,3,750.94
3786,10,2,557.67
1941,75,1,182.0
4130,106,1,1648.23
2440,185,5,643.83
3760,177,4,568.71
1099,154,3,1054.08
4764,164,5,732.27
2813,87,3,575.28
2346,129,5,1233.55
4446,160,2,218.94
1108,26,4,146.24
352,136,5,1427.07
3614,124,2,565.94
983,44,4,306.34
1491,104,1,1520.6
3317,87,1,428.38
2141,112,2,1696.67
438,157,2,614.35
4600,194,3,498.17
4241,89,1,97.18
1404,45,4,114.05
3093,119,1,1212.25
2927,95,2,1483.54
1242,189,5,1606.44
4920,200,1,495.59
2643,62,1,1104.82
4222,131,4,997.11
223,114,5,438.11
889,93,3,1456.88
210,113,4,1649.97
3803,49,5,1165.91
3473,60,3,1730.93
3393,199,2,1183.65
1985,85,2,199.84
4488,2,2,1184.67
1814,79,5,827.86
2405,41,5,1631.42
4912,77,4,70.71
2532,178,4,1156.44
4528,36,4,864.58
3574,95,2,886.96
4193,17,4,1035.13
3466,111,5,432.15
2102,115,1,1313.24
1512,52,3,89.61
2044,129,1,1652.52
4610,165,3,759.88
1749,65,2,1850.75
18,4,4,1016.98
451,84,4,231.92
3391,25,2,1719.22
1683,181,1,664.93
2788,24,1,1294.1
669,74,4,1450.74
525,13,2,1057.25
3900,10,2,196.43
3999,184,4,154.36
2530,3,1,1258.08
795,122,1,1955.58
2489,100,5,1194.74
1334,19,4,719.2
3678,106,5,1687.07
675,51,5,1989.67
2686,178,2,821.29
640,188,2,1157.2
2842,184,3,965.59
845,82,2,1203.03
3600,118,3,424.01
2898,88,1,190.84
718,109,5,1999.3
1976,119,4,204.19
1813,62,5,728.49
2038,122,3,715.21
2739,136,5,1648.29
2370,65,5,179.51
2849,135,1,249.72
3033,80,5,927.58
3545,193,4,762.16
2608,191,4,598.38
762,191,2,705.49
39,100,5,1203.94
2235,69,4,1189.67
907,58,5,565.02
3604,31,1,847.34
4382,151,3,433.37
4,69,5,1343.16
4792,84,2,129.06
3216,140,2,1596.73
4981,55,2,621.36
802,12,5,1696.73
1924,103,1,1915.63
4454,39,1,656.92
3359,66,3,1532.86
1125,47,4,160.79
4961,154,1,135.6
3430,184,4,51.85
150,158,4,229.15
692,120,4,130.99
1798,158,5,637.64
4605,41,2,1049.34
2099,178,4,1816.87
2380,127,1,1279.82
2391,113,5,1803.2
4844,66,3,79.51
2469,29,3,1024.02
4508,78,5,362.11
3075,192,3,1106.23
3964,62,4,629.79
921,36,2,1204.55
3796,147,3,1375.48
1982,80,2,1641.66
587,7,5,36.62
4523,151,4,1472.6
2808,130,5,334.02
881,138,1,1027.38
3845,130,4,187.78
377,11,5,1985.92
3101,97,2,383.59
683,38,4,1494.35
1544,184,3,422.56
271,10,3,73.67
2908,136,5,1765.4
2537,104,3,1902.76
499,56,1,927.9
2944,18,5,155.13
3416,81,3,754.17
1968,141,4,549.32
3658,19,1,405.5
777,193,5,1451.68
2785,21,4,1737.75
594,182,2,1344.82
2379,75,1,1403.72
2632,33,3,238.25
2797,16,4,1788.51
2727,188,2,1858.03
1700,37,3,250.56
3172,150,5,83.08
115,106,2,1715.58
4171,5,2,1915.12
2922,119,5,733.01
259,11,3,900.61
3597,49,5,1003.27
3167,102,3,1769.0
2284,13,4,1421.03
4257,196,2,745.05
996,93,4,1895.65
4972,150,4,1912.54
2539,151,5,1243.06
3059,132,1,733.64
796,115,2,146.35
1156,41,1,1291.67
1086,94,1,399.15
582,167,2,1727.69
1690,19,2,1265.99
4374,46,3,1018.7
1592,118,4,606.31
4964,177,1,154.05
2324,86,3,581.22
3417,193,5,1241.18
882,36,1,1841.81
4277,88,3,1079.88
2552,169,5,1639.57
577,157,5,1485.18
1402,52,4,1382.87
1415,191,3,1306.83
131,147,5,770.11
3034,103,5,1282.21
3804,90,4,700.45
1627,175,2,1034.73
1881,82,5,1378.99
3531,32,1,92.92
3067,94,3,722.92
392,99,4,782.32
2753,156,3,1415.4
4138,191,2,1040.08
3849,71,3,289.05
1191,47,1,1491.06
3467,114,3,156.74
2488,165,5,1318.43
4054,162,5,1664.85
2790,185,2,360.9
962,30,5,75.18
124,99,3,1791.05
2219,50,3,1721.27
457,18,5,1471.43
584,26,1,376.58
4425,25,1,1613.82
4319,116,4,1295.81
4420,75,4,786.71
3183,75,2,1204.12
1557,123,3,437.46
4032,10,4,318.11
3609,48,1,105.34
1841,122,4,235.39
2662,39,5,1376.26
4619,39,3,939.59
437,91,1,832.35
718,133,4,525.35
3156,3,5,425.27
4683,21,3,1535.99
3514,11,3,376.85
299,98,5,135.46
2219,55,1,557.61
3165,124,1,1032.03
4880,60,2,1897.23
1883,146,4,796.94
1774,50,5,1190.34
1664,70,2,1331.92
1280,136,1,873.91
4350,53,2,426.42
4725,16,3,670.65
4242,172,1,166.15
838,70,4,107.97
2411,100,1,307.37
2024,95,1,573.64
746,48,5,1606.44
4349,34,1,1567.95
622,92,4,1175.35
3576,56,2,1397.11
4679,9,3,456.68
4538,83,2,658.14
2698,99,4,1765.66
4352,117,4,22.91
399,42,1,1534.39
263,158,1,1278.65
4847,18,2,507.85
1009,158,3,1182.33
2524,165,1,1343.9
786,118,5,503.06
2454,168,4,359.44
2513,44,3,1022.92
2478,2,1,422.77
3746,97,4,1508.67
1878,76,5,1546.14
4412,119,4,1801.56
4041,113,5,611.63
3769,149,2,1707.24
2214,62,3,379.43
3603,150,2,1679.53
4224,161,5,525.73
2969,149,4,1485.77
4380,16,1,1644.74
1687,171,4,100.84
165,182,1,13.42
1636,128,2,1210.01
2166,91,2,211.54
1486,55,5,584.7
4389,122,2,210.39
310,57,1,779.48
4867,171,2,1747.1
18,171,4,395.39
4474,114,2,976.78
4291,84,5,902.04
71,39,2,92.23
516,123,2,387.96
2676,84,1,30.48
3931,130,5,1722.03
1006,52,3,437.21
3624,124,5,1871.42
2684,189,5,427.59
1213,4,1,438.93
3993,159,5,631.17
4694,108,3,1349.69
125,106,5,1916.82
3117,109,3,1271.21
2771,191,3,1725.46
1345,22,3,1093.16
3591,10,4,359.4
1776,12,5,380.83
2898,149,5,80.29
3941,100,5,1832.92
4203,44,1,1604.55
4280,15,4,1305.59
526,60,1,1864.84
4338,114,5,1013.99
2060,199,1,1814.67
2596,99,1,1209.77
2904,114,3,975.64
937,21,4,1781.92
1092,46,2,972.73
3366,174,3,349.51
2383,50,3,189.68
2693,24,5,1487.49
4816,16,3,1605.77
625,15,4,1629.17
3652,185,2,436.05
4230,144,2,342.01
1257,158,2,1890.19
3633,37,3,1335.12
659,36,1,833.34
523,180,3,1337.53
3202,68,3,1379.28
4048,11,1,1969.76
2754,139,1,1840.27
865,155,4,520.48
3184,19,2,1501.97
3385,125,4,437.15
2104,173,5,964.46
4368,74,3,249.78
3267,164,1,317.24
4808,47,1,53.33
4137,51,1,1653.6
4479,113,4,10.48
1111,178,5,750.12
209,165,1,751.78
1447,144,5,787.98
1323,181,4,535.21
4215,84,5,64.72
435,42,3,1826.98
4037,140,2,365.24
1040,44,3,1553.21
3517,129,3,446.12
1676,124,2,486.9
4108,33,4,971.0
3484,78,3,655.64
3266,136,4,92.23
4615,119,3,919.22
4984,192,5,715.26
319,65,4,1527.18
3189,128,3,43.13
2550,157,1,1510.94
2127,136,1,1508.02
2509,6,4,691.45
2248,75,3,1793.57
718,170,5,1613.32
1553,147,3,1558.38
2251,168,1,1129.59
2135,90,1,1748.32
4471,110,4,281.22
3822,134,4,202.43
2235,122,3,1369.45
2660,29,5,1365.14
363,75,1,1149.45
154,7,2,1025.97
1445,104,1,232.23
1870,155,1,249.19
3632,161,1,986.83
3669,144,4,827.29
4355,98,3,23.91
1409,109,1,1601.04
248,26,1,647.16
4396,68,2,238.21
3587,110,3,1673.14
2617,108,3,1148.13
2360,119,4,1692.39
2897,147,2,1576.28
1750,68,2,300.12
1338,108,4,257.86
3045,47,4,474.62
2838,47,4,146.07
943,157,4,1327.39
4994,5,2,1385.34
286,192,5,1223.31
857,31,5,859.48
2091,6,3,46.79
324,172,4,146.5
3001,176,5,1917.75
93,157,3,991.01
4099,112,2,843.35
1370,52,1,909.92
2487,3,3,288.56
3806,99,3,1410.92
4062,98,4,1215.81
3263,111,1,1346.35
3741,170,4,748.45
79,129,3,1714.88
4714,58,1,759.22
444,120,1,1512.68
3415,44,5,1931.54
4796,118,5,1647.36
3525,68,5,1138.97
2660,184,1,1933.06
1013,108,1,461.17
3277,48,4,1057.54
4203,70,5,996.02
1714,45,1,1863.08
4364,150,5,402.2
4928,200,2,732.0
2180,164,2,1533.78
2475,143,2,1131.08
3321,120,4,256.6
1130,21,3,359.52
2759,49,3,267.54
1482,19,5,1859.12
4741,103,2,1744.33
3818,96,1,128.1
2025,147,4,621.01
2909,69,4,195.03
4650,114,5,376.06
2648,64,5,1727.99
4061,80,3,27.78
3921,6,3,1657.01
752,79,2,661.95
2512,169,4,289.26
4818,54,4,969.88
932,189,2,226.31
1831,68,3,597.82
2326,189,3,1636.55
4757,156,1,1846.95
4544,149,1,771.72
2331,22,4,930.81
2241,2,1,1930.71
2195,32,2,459.99
2526,133,4,1187.07
3561,145,1,1448.33
3338,28,4,406.87
3775,89,2,1971.11
1681,89,5,584.69
2667,30,1,124.22
1128,26,3,555.37
4169,109,4,1733.19
1024,88,1,1331.03
4848,191,5,799.77
823,184,1,110.42
787,37,5,596.24
1775,55,1,1590.1
1021,183,2,1104.66
1670,136,4,728.02
1372,182,1,1007.5
683,34,2,1311.89
3035,190,4,497.95
2549,102,1,156.68
850,123,4,1681.3
4434,153,4,1267.01
2369,6,3,1030.36
429,137,4,1909.26
4756,155,1,1860.51
3261,43,5,612.37
1403,136,3,1513.64
717,110,2,1256.88
164,168,1,1201.33
1552,70,3,140.25
3834,92,5,1783.65
96,186,4,857.29
2546,52,4,1883.38
1150,168,2,1150.99
1831,128,1,586.22
1738,12,2,908.43
1251,55,1,534.44
1629,58,3,1897.41
3199,158,4,1481.71
140,132,3,169.68
1864,150,1,880.19
4699,88,5,1457.39
4878,199,2,438.59
3668,99,2,1003.71
889,54,1,1146.95
2165,102,4,1193.83
4008,77,3,13.14
1844,38,3,796.01
2432,25,4,1375.59
806,20,2,510.38
4355,52,1,1775.42
3132,197,1,938.4
705,165,5,1223.0
4013,88,4,314.9
1973,80,2,1833.87
2939,153,2,721.27
444,103,2,1058.47
2341,187,3,149.24
2977,10,5,1221.55
2543,153,1,1920.15
2739,67,5,1955.57
1675,48,3,923.64
3942,84,3,1082.25
4442,138,5,366.4
4621,153,2,1476.99
2626,16,2,1552.36
477,162,3,677.72
3636,54,4,742.73
1981,165,3,1041.58
3580,150,1,512.18
2666,146,4,988.28
1548,107,1,957.45
4788,188,4,1993.94
939,162,3,1143.34
1993,140,5,670.81
1129,169,3,1045.06
165,114,3,1148.84
4588,88,5,566.76
3545,98,5,364.9
2010,24,4,672.59
2297,183,3,1325.29
1921,53,4,840.41
1868,170,4,412.9
3144,62,4,1461.11
2773,177,2,685.76
2320,47,5,1673.91
4899,61,3,1201.79
3566,79,1,1526.59
216,145,5,1037.67
308,57,3,1302.18
630,108,4,412.74
3545,88,1,1920.53
3985,150,1,1167.77
1948,162,3,1307.38
1809,65,1,741.8
3418,119,2,1514.95
511,84,1,597.8
1946,14,4,1687.33
3787,39,1,1052.85
3514,154,2,1309.4
2055,145,1,87.67
3591,91,1,257.29
3940,12,4,241.47
4092,88,2,680.66
4652,6,4,772.94
260,44,5,461.53
339,107,4,999.56
4694,3,4,1576.68
1552,119,1,228.85
292,94,5,1277.9
1430,91,4,377.22
1020,124,4,1903.39
178,152,2,267.82
668,80,2,652.08
811,153,1,454.75
2053,30,3,1632.19
1720,147,4,63.58
414,109,1,1541.31
4069,72,2,1311.5
322,72,3,676.9
4275,138,2,1966.22
4571,102,2,645.08
943,120,4,387.33
2064,4,1,790.3
1691,176,2,914.93
3082,20,4,1639.47
665,166,1,109.86
765,131,4,84.91
1041,16,5,432.75
342,183,2,906.08
3592,104,5,471.44
4351,3,1,1528.74
4818,38,2,817.42
2856,200,5,232.85
701,51,4,41.69
2317,156,2,847.13
4608,197,5,113.06
3044,56,1,1567.23
2209,193,2,179.22
447,27,1,1138.34
2014,178,5,484.59
999,39,5,795.23
1152,25,5,895.28
3265,175,3,521.4
2312,99,2,803.6
3884,48,1,1546.18
3552,136,2,46.3
384,65,4,1130.35
6,17,2,1551.88
1915,176,1,1259.93
3191,63,3,1427.44
3037,126,5,1346.69
3899,140,3,1266.53
966,72,5,375.4
4827,149,5,761.99
3793,4,2,811.36
1495,18,5,1224.0
250,166,1,1645.42
340,142,1,550.88
3709,148,2,1098.6
13,25,2,1066.06
4588,118,2,1196.41
142,123,4,1380.26
2700,194,1,1470.93
475,6,1,1585.11
4037,19,5,322.91
1146,24,4,1697.8
1399,87,1,1774.36
4763,50,4,1227.85
3137,39,4,1588.51
2468,27,4,61.22
1699,108,4,1856.58
1042,123,4,1657.29
658,4,3,515.52
3833,90,5,1056.03
1241,179,5,522.3
4887,85,2,1193.46
4440,101,4,464.58
2111,4,3,1931.31
4784,195,4,1303.53
1257,60,3,1661.95
708,55,4,279.8
698,31,1,333.17
1650,74,5,1559.52
2166,53,1,178.79
4586,6,5,1717.8
4078,118,2,1168.66
1990,137,2,309.13
468,131,1,993.79
1761,190,2,311.31
1986,172,3,875.95
4008,126,4,906.01
1466,11,1,640.09
1768,189,2,293.38
3404,36,3,1133.79
3933,124,5,1409.53
2863,38,3,82.33
4588,200,3,679.41
4606,32,5,1359.26
3025,68,4,550.59
937,36,4,596.98
1382,62,5,1524.08
989,26,2,1631.54
3996,65,2,1087.18
2379,104,3,1759.32
3504,141,3,509.94
3302,10,3,127.0
1896,148,4,878.0
3643,22,1,1580.99
900,9,5,1343.85
4439,66,5,240.56
4129,101,3,1762.5
3042,82,4,1380.63
3926,115,3,1261.18
204,140,1,1268.84
1560,15,3,1555.55
1008,66,4,1017.54
2327,56,1,1799.01
282,103,2,1509.07
1493,46,1,300.83
3164,151,3,1514.79
2292,121,4,815.09
3864,87,4,943.02
4567,153,5,1084.79
2367,78,2,1094.37
365,121,4,1850.79
3738,147,5,572.83
3220,63,4,537.48
3546,1,5,214.47
2130,165,3,622.84
1156,143,3,1875.98
2631,103,2,785.74
2970,86,2,946.69
3065,197,5,1665.97
2942,90,4,1200.01
4245,192,3,1398.92
2143,109,5,1917.99
1362,54,3,126.21
1375,198,1,907.19
2160,151,3,1567.64
2520,112,1,348.02
2448,173,3,1140.97
3166,15,1,455.59
4740,128,1,1745.21
534,33,3,1449.52
252,181,4,1411.71
1846,134,1,10.41
1508,157,4,1136.87
3006,90,1,1415.81
1591,95,3,213.04
2613,114,2,1668.34
1119,193,1,1630.4
2162,64,4,1914.84
3018,181,1,1261.68
3947,4,3,751.82
4033,194,1,684.33
4654,168,5,1067.29
4179,194,2,334.58
786,136,2,498.5
2255,4,1,571.26
4939,180,3,1240.88
1427,148,5,668.35
3577,13,5,1584.92
4167,133,2,197.96
186,185,2,1772.34
990,53,2,526.94
1803,97,2,686.58
2480,182,2,1251.63
4299,82,3,1863.83
3858,154,5,349.32
36,72,1,1646.31
1127,119,4,1157.48
557,24,3,1633.8
3645,57,2,1842.74
3997,142,5,975.39
1481,167,5,236.61
1971,8,2,415.56
2342,182,2,1199.42
3853,14,3,853.28
3814,5,5,1402.67
870,11,3,1932.67
3269,148,5,72.56
958,176,5,501.24
3620,141,2,1150.77
4829,164,1,1604.45
980,200,1,743.22
4493,182,3,1068.58
3435,137,1,1394.79
1862,62,2,395.39
3113,29,3,1949.11
4690,6,4,1886.31
3538,68,5,846.49
1086,184,1,288.79
4570,130,5,796.86
4670,175,4,528.43
2794,71,2,1506.11
3590,99,1,1812.67
2367,19,5,1981.31
4488,127,1,319.71
3494,16,5,1345.71
997,111,4,248.77
1874,134,1,1264.61
1278,46,2,907.31
1146,17,3,245.7
562,169,4,1445.91
4648,78,1,1192.81
3295,93,2,1925.67
1728,18,4,1034.51
1518,69,3,1065.43
781,27,3,808.34
1715,155,3,224.32
2987,189,2,270.04
1490,112,1,1185.75
1476,47,4,1923.37
2727,44,2,1756.01
534,17,1,1217.11
4255,12,3,345.01
3129,149,5,526.81
235,169,2,366.48
4014,31,1,571.44
314,114,2,1521.89
4036,109,1,114.55
4505,44,5,1659.82
3094,78,2,561.96
1145,111,4,1763.34
4322,38,2,1819.06
3268,79,3,906.08
3194,64,5,1130.66
1791,164,1,951.5
4423,127,4,1170.96
434,20,5,1601.35
297,76,3,473.9
3568,178,3,1141.1
1432,197,2,1002.35
3724,44,1,77.84
1880,54,4,836.44
3723,159,3,772.45
167,189,2,698.39
1534,94,5,1672.96
3423,107,3,1582.68
1676,36,5,1204.09
4166,101,1,1978.6
1250,75,3,1509.79
461,63,3,691.06
3585,28,3,48.56
2791,148,1,981.72
4617,22,1,902.79
89,78,3,169.57
2541,194,1,12.76
30,20,4,1023.46
4872,155,4,829.07
953,5,1,222.62
3166,57,3,1470.78
97,199,1,1580.5
1493,83,4,1735.43
48,58,5,1709.9
1518,183,2,1910.15
4776,158,2,1671.89
4138,28,1,296.67
69,61,4,176.98
2086,33,3,999.9
2531,66,3,1773.5
4308,200,1,813.98
3605,119,5,462.42
3466,40,5,386.78
1854,128,4,1378.66
1691,159,5,1269.25
3018,197,3,915.57
1385,59,2,1839.68
2959,16,1,1983.83
155,137,4,1831.04
3260,112,3,1263.57
927,157,4,216.8
782,164,4,969.98
3899,69,4,1136.03
185,26,2,1317.07
2100,96,1,678.68
523,38,3,1103.16
4486,169,5,260.22
3151,159,2,1033.28
3905,127,2,1165.43
2243,186,5,217.91
3911,10,5,20.28
2923,103,4,1394.57
3459,13,5,963.11
2798,76,5,992.96
3508,16,5,1326.76
357,48,5,1406.8
4033,85,3,376.68
3919,100,3,269.67
2656,119,2,1569.96
3664,175,4,1699.23
3157,146,5,1180.67
4254,115,3,650.58
3052,129,3,1463.3
2351,14,5,1147.75
1428,16,5,510.93
620,53,3,1673.12
2561,44,5,1949.47
2637,126,5,857.23
715,95,5,1255.23
372,95,3,321.28
913,29,4,566.18
3829,87,5,1107.34
876,45,1,196.48
3587,168,1,893.54
4366,119,5,1669.44
1561,36,1,932.51
2079,154,1,412.35
4880,150,1,554.08
4532,163,5,1853.31
1707,146,1,1858.19
1644,74,4,1479.78
4644,186,1,441.65
3839,175,2,539.27
2488,71,5,276.72
4077,184,3,1565.05
2737,88,4,1707.62
4601,156,4,1326.32
1461,42,3,985.74
3159,139,5,690.87
4648,33,2,1103.9
2552,103,5,1657.66
4714,122,5,710.76
2002,51,1,726.51
4125,82,2,838.26
2436,113,1,1682.86
2435,23,4,1360.75
94,40,1,1051.62
3769,171,2,1644.82
2461,89,1,950.69
2843,16,5,160.83
1448,178,3,1736.98
4410,115,5,1699.3
46,82,4,1132.17
3722,83,5,1314.87
777,47,3,132.7
1982,127,4,20.69
3160,155,5,416.35
4301,85,4,1621.43
1809,192,2,1742.95
2967,137,4,1411.83
3536,157,4,1796.87
4783,159,1,1630.22
2752,124,5,1871.44
993,6,3,230.92
2303,102,2,1566.44
1872,10,4,1419.17
2874,39,3,746.5
579,59,4,1632.56
3523,189,3,20.57
4572,148,5,1472.08
1818,93,2,390.19
4422,166,4,936.81
998,109,3,1325.04
1530,73,3,1840.26
3663,198,3,168.66
2421,47,1,1977.4
2084,104,4,1095.25
4646,61,3,1005.05
2431,34,2,1449.96
4792,161,4,770.71
1398,4,3,492.04
892,38,4,1197.61
656,24,3,828.26
4673,156,4,409.0
1078,162,3,305.3
2072,171,4,661.38
1374,108,3,282.19
4226,71,1,1913.84
3680,55,2,1851.86
1725,171,2,1087.47
3898,107,3,1219.33
4212,84,5,485.97
3433,97,3,880.13
866,33,2,1128.01
667,20,5,84.4
1903,78,2,1061.02
283,173,5,1004.09
2444,150,2,418.65
4617,36,2,1866.34
3737,50,1,1646.59
2118,9,2,1756.24
4551,10,5,31.43
1333,180,1,927.59
4803,114,1,1926.39
220,47,3,585.66
3161,71,1,1721.67
4074,70,3,1514.69
696,5,3,706.02
1796,54,2,683.35
3447,89,1,1409.09
1648,11,3,1209.63
2803,129,4,899.07
2351,125,1,525.51
1203,161,4,1030.58
884,161,1,1589.2
2998,70,2,839.08
3233,84,4,1642.85
2224,42,2,1772.93
924,171,1,1088.2
1201,92,2,1042.33
176,113,3,334.31
4417,103,3,1203.69
3715,7,5,258.25
1225,65,4,1119.78
3202,56,4,364.92
3496,64,3,1961.81
2320,11,4,1672.75
981,14,3,1826.54
4599,66,5,1586.42
1899,88,1,1317.39
4625,158,5,1063.7
1428,99,5,1788.21
4139,70,3,565.76
843,26,1,1576.38
571,165,5,1627.56
2961,75,5,123.35
342,14,3,836.21
1844,123,3,414.51
1116,23,4,1824.46
2261,20,3,1697.44
3026,99,1,1595.5
1155,181,5,679.9
3048,2,1,998.9
2860,147,4,697.18
3451,169,4,1746.17
236,151,4,1814.32
3387,30,5,842.11
731,122,4,1385.44
873,176,1,1323.9
1902,141,1,998.83
2244,83,5,1973.17
3213,109,4,1995.4
3225,183,4,445.83
2086,102,2,1885.89
2782,108,1,788.89
1490,54,3,1527.77
169,95,2,1835.0
3322,187,3,1313.46
766,188,3,684.05
1807,187,1,1666.75
4671,19,1,1797.3
2696,15,4,1266.51
4244,147,4,965.27
498,80,4,1621.05
292,185,2,1754.05
3477,14,4,1442.8
4578,90,1,731.51
1701,78,1,1769.07
2645,161,5,1146.06
3418,52,2,470.33
146,176,2,985.91
3464,114,1,327.25
3836,119,4,1775.34
3292,90,4,1499.34
2197,43,1,1938.8
4793,107,3,111.28
4531,24,3,954.91
4383,24,2,1703.25
4681,129,3,150.78
3218,51,3,1033.56
4757,177,3,1803.19
15,176,3,1787.6
3908,171,3,1493.66
4425,155,4,68.84
4478,141,1,106.94
4224,196,1,1370.69
4003,68,3,1533.6
2946,132,4,1564.77
3642,173,5,1153.33
3333,174,1,1392.56
3459,135,2,1817.29
4078,87,2,585.64
1691,71,5,86.18
3752,20,5,405.77
4923,39,2,863.28
4058,121,2,692.55
1293,194,2,568.87
3304,69,5,1322.14
477,64,4,1259.2
3002,27,4,1166.87
4339,46,4,1880.99
2392,28,5,473.26
4445,115,1,982.23
2081,172,5,1884.88
3384,102,3,801.49
1574,6,1,1185.49
116,27,3,577.03
3903,40,3,801.29
393,146,4,195.61
4953,21,3,528.45
719,139,1,177.24
3672,177,3,495.64
2611,22,4,1944.75
947,82,3,769.7
3846,181,2,691.29
45,41,1,966.82
4644,18,5,1430.04
1177,58,4,349.78
108,132,2,192.39
3984,17,1,1253.47
1149,152,1,1257.73
2442,4,2,1546.03
1340,155,1,1386.77
1978,69,2,1499.68
2024,120,4,866.97
4167,188,1,1606.7
3884,180,5,197.71
887,11,4,797.03
956,139,1,1317.31
2545,84,1,962.58
1853,160,1,163.32
4324,77,4,310.93
3019,77,4,1249.34
2111,118,3,114.02
886,98,3,1256.62
3525,178,1,1356.33
150,84,3,1768.17
3254,182,4,888.63
4169,64,2,1067.74
3034,200,2,734.19
4213,28,5,1704.42
339,198,5,1413.15
4019,20,4,1228.58
4908,115,1,1766.85
1058,21,4,883.34
1739,10,2,745.12
2750,62,5,784.93
4767,40,4,245.04
1448,193,3,493.91
4545,45,5,603.08
2398,144,1,1312.62
3295,110,2,117.79
2140,142,4,538.49
3499,88,3,1106.71
1785,143,1,1169.36
2913,6,5,1437.83
4046,116,4,1464.01
2421,55,5,282.21
1405,54,4,925.81
3132,45,2,587.79
3927,117,2,387.91
1433,104,4,486.71
2584,62,4,442.88
4221,20,3,348.13
2011,90,1,745.48
4974,90,3,1193.95
1463,26,1,913.06
4729,130,2,1259.71
2510,151,2,1859.67
497,57,4,993.64
4565,63,1,1316.66
2790,61,1,185.12
300,192,2,1539.0
4278,186,3,1133.58
4306,64,3,1503.23
4186,52,5,1224.0
2563,185,1,860.49
4777,79,5,386.99
1040,51,5,498.69
4591,114,3,1178.01
1,199,3,516.45
319,95,5,1704.36
2341,137,4,1572.79
4281,141,3,1154.09
2804,195,2,440.44
3161,41,2,113.53
2866,184,4,1372.37
4401,165,3,1204.62
3638,169,3,77.77
2971,96,2,1750.36
2908,96,5,667.63
4371,84,2,1568.54
4876,54,1,1995.42
2334,83,5,1888.5
4128,86,5,214.88
4167,2,4,851.67
1105,18,2,1067.54
4719,58,3,173.41
287,109,5,1240.38
3998,32,5,581.84
2054,13,2,952.27
3237,14,4,1792.71
1380,190,3,385.28
3287,104,4,705.33
3760,91,2,1026.32
4384,81,3,1228.14
3468,9,1,585.58
3047,30,1,76.05
1600,98,5,285.86
4447,115,4,1450.83
657,43,4,611.16
3563,104,2,821.63
4956,75,1,1116.64
4704,65,1,485.9
1499,21,3,1397.69
2727,51,1,1303.42
3889,144,1,751.23
3245,162,1,92.59
4878,197,3,178.82
4193,172,1,898.61
2113,166,4,122.59
3646,38,3,872.44
4280,75,3,767.91
4273,13,5,314.89
3106,41,3,1213.71
1780,139,5,1601.96
183,143,4,127.62
3829,97,3,553.21
424,198,5,957.02
4665,50,5,483.58
1571,52,1,291.46
642,140,2,1302.49
4086,63,5,242.15
711,89,3,285.28
3141,169,3,766.78
4205,54,2,1447.85
4835,167,1,270.85
1395,91,1,1756.47
873,94,3,979.16
1941,10,3,1275.42
2714,194,4,1343.18
3896,162,3,1273.39
1337,82,2,1728.75
1785,140,3,1702.99
2849,135,5,1635.61
4897,134,2,1735.79
1115,15,3,360.04
3521,37,1,826.86
96,65,2,170.42
4582,105,4,1975.89
1741,140,4,760.56
1149,184,4,60.83
4808,133,4,898.43
3958,96,1,1842.03
834,197,4,1684.82
4674,22,4,1476.76
160,4,2,539.19
1503,6,1,1900.5
3822,136,5,1264.58
941,141,1,795.89
1903,107,3,508.42
2952,114,5,1775.48
1008,12,5,1872.24
2351,142,3,704.36
1496,91,4,1604.43
1732,62,3,826.98
23,167,5,49.78
3027,148,5,1253.65
3026,84,1,1467.87
3863,194,5,1790.72
3862,169,1,981.21
3696,120,4,1850.75
1060,164,1,801.01
3071,110,4,1598.85
1169,119,4,688.61
308,39,3,1690.15
3583,169,5,1750.51
4818,157,5,1876.82
1102,7,3,72.08
2914,145,3,1426.04
1244,121,1,1377.42
3175,183,3,1167.08
3036,169,3,452.69
889,27,5,1068.7
2281,16,5,1996.3
4647,82,3,755.43
1754,149,3,802.6
3381,85,5,825.54
1186,16,2,606.96
4659,187,5,140.82
2352,63,1,1534.96
877,113,1,153.18
209,118,5,181.63
4320,113,3,45.87
2235,27,1,1264.5
268,74,3,1506.9
2283,151,2,881.83
1690,39,4,1690.55
4961,175,5,1171.45
4920,187,1,1482.6
3656,50,4,813.55
3332,139,4,1681.52
4673,51,5,1929.68
887,150,4,1960.8
978,61,4,1991.19
3913,45,4,710.13
4951,35,5,948.24
1834,77,2,1265.25
3615,155,5,1128.15
1910,160,5,200.42
2614,5,1,1819.36
4284,181,1,213.92
1368,189,2,1906.93
4085,77,2,1144.13
3997,184,1,201.77
1136,12,1,381.37
3075,89,3,193.9
187,151,5,1472.77
1836,178,5,1661.51
949,72,3,1262.56
3754,135,5,1489.83
2087,135,1,144.11
1567,57,5,294.1
1667,129,3,971.79
1816,123,2,298.83
3319,130,3,1855.83
1207,63,1,1732.87
3598,166,2,224.71
1204,167,5,928.9
4686,181,4,1845.35
3651,74,1,157.15
205,120,1,1401.15
4063,145,1,989.54
2451,12,1,1689.77
4492,129,1,77.38
1482,78,5,855.93
1510,141,1,1252.42
2831,60,3,919.45
3509,20,1,1678.6
4922,34,2,49.23
4737,7,4,257.64
1078,157,3,1035.03
3269,5,3,1365.95
3699,48,3,1918.14
3452,138,1,427.08
3349,104,1,1545.96
416,84,5,1973.79
1475,53,1,1793.8
3968,112,2,1891.95
3741,98,5,519.13
1544,144,1,1440.7
1100,10,5,1105.05
839,81,5,519.53
55,170,5,849.26
2777,110,5,792.93
2352,68,3,1838.31
2729,93,5,1065.35
1960,140,4,506.29
396,135,1,719.26
1473,46,3,1439.04
1643,50,3,1949.91
4162,79,2,386.74
1126,165,5,1002.86
1487,18,1,1685.8
3194,149,1,1328.17
2013,161,2,181.07
3832,191,5,1272.93
2928,120,3,588.61
3762,145,1,1864.97
3385,7,5,383.72
1522,22,3,1817.81
3471,33,4,1930.89
2069,87,5,1356.72
2865,155,4,1539.64
2422,136,3,1277.12
2787,10,3,277.45
3618,160,1,1271.83
4576,65,1,1070.81
151,124,3,456.39
4446,52,4,1293.53
2027,96,1,336.46
2638,89,4,1997.96
3213,25,5,246.06
3514,139,2,793.19
2772,143,2,1086.25
2478,119,1,527.19
3733,101,3,628.12
105,39,4,102.58
2014,63,5,1032.75
374,22,3,1625.44
652,23,3,344.41
4554,143,4,187.86
1183,157,5,1948.55
2148,190,4,660.69
4235,178,1,652.98
4923,32,4,1720.18
3154,45,3,448.72
924,75,5,1184.45
3059,190,4,1021.74
3081,36,4,401.44
26,191,4,371.29
3971,18,1,1991.91
954,121,3,353.39
3769,126,3,1571.44
4291,57,1,757.58
3936,50,3,856.58
293,90,5,1934.55
3006,63,1,192.47
2916,66,3,492.83
473,126,1,425.33
4485,75,2,1787.98
3742,135,3,18.03
335,34,5,1284.68
3668,105,1,586.85
3099,158,4,440.07
556,128,3,1712.29
1197,141,4,322.54
3881,190,5,1555.75
575,115,5,352.52
4066,170,1,1399.35
2439,154,5,1985.1
675,73,3,1715.33
3094,182,1,163.34
4951,7,3,393.3
1788,56,2,546.43
2781,193,1,1607.37
4731,73,3,1316.62
3329,104,1,137.13
3777,94,1,1844.39
4138,93,3,454.01
112,22,2,921.24
940,122,5,47.26
4241,48,4,937.6
3822,89,5,1532.98
4189,200,5,514.97
4575,32,5,943.64
582,71,1,583.15
852,14,4,583.13
3706,167,1,1731.22
262,9,5,1343.8
4749,80,4,1702.51
2335,62,2,1787.37
4443,7,5,379.98
2619,37,5,428.02
197,47,4,118.64
3964,119,1,1702.37
3063,89,1,352.12
206,39,3,779.74
572,102,3,1681.13
3311,56,4,833.38
1840,22,3,1966.96
2416,181,3,307.83
346,119,2,682.89
4103,160,4,946.01
4013,139,5,1475.13
4414,6,3,1301.58
1284,15,4,919.88
2599,130,1,1882.56
4076,176,4,1348.39
770,66,5,1756.95
1028,166,2,1756.82
560,48,1,715.57
4272,139,5,128.51
1111,53,5,161.67
1149,103,1,98.02
2890,132,1,945.61
3147,110,3,1187.79
4510,169,3,1606.99
1505,115,4,1472.53
2602,127,4,1296.38
3744,3,5,163.47
1429,47,5,1611.51
1463,179,5,1476.3
3890,189,4,592.38
4167,27,1,1047.92
2978,86,1,1709.0
3904,190,2,487.48
1148,8,1,54.42
1067,73,1,288.62
1862,104,2,1734.69
4786,125,3,469.86
108,166,5,1996.7
817,183,2,1046.66
4215,192,4,486.06
2342,2,4,468.04
1956,39,5,302.15
4248,181,5,871.34
4023,6,1,1930.86
3469,18,5,1098.26
4610,77,2,904.05
4602,148,3,1898.05
2015,1,3,1653.4
2300,3,2,1430.99
4140,20,2,625.26
740,167,4,1911.14
3363,50,3,553.63
2401,175,4,260.44
281,124,2,602.31
1549,102,5,679.66
1773,122,1,1275.67
692,58,3,1270.87
2894,136,4,39.51
2937,49,3,189.74
4760,102,3,1007.88
284,112,5,692.42
3648,18,3,529.31
2622,107,3,257.9
1044,70,3,1208.7
2208,80,5,829.58
3397,60,2,791.01
1008,63,2,1388.76
415,157,4,117.7
3093,141,4,457.78
3554,100,2,1280.3
109,199,3,84.83
226,93,1,977.56
3503,73,3,1989.98
1929,53,2,1911.1
2531,4,1,1629.44
1099,11,4,923.49
899,2,1,443.53
1848,144,5,1069.13
3203,49,5,1456.49
2446,2,4,1177.3
2560,89,2,1423.67
2846,162,3,134.2
767,130,2,1693.5
1818,191,1,425.48
3936,160,2,1013.33
1656,58,2,1802.33
1918,24,2,885.59
694,31,2,374.22
4289,138,3,436.79
2776,43,4,464.0
4941,192,2,1670.36
376,177,3,1572.71
4258,79,3,1366.25
2306,24,2,1418.08
4217,157,2,478.61
4991,11,1,1906.84
379,175,2,629.39
599,80,1,123.86
1653,191,5,1651.63
1842,21,2,711.19
1738,61,5,1019.54
936,111,2,1443.41
745,156,4,454.92
4748,148,4,1507.94
3491,18,2,1641.67
1345,178,4,1013.5
3541,171,2,1287.48
1573,49,1,1609.86
429,10,5,41.42
1219,25,4,189.41
2506,98,1,1824.82
3182,138,2,59.78
2999,198,5,445.65
3688,26,1,291.99
3604,56,1,676.55
4883,78,3,1506.76
1415,8,2,990.71
669,182,5,158.33
4901,173,1,1608.93
133,15,4,480.55
641,42,5,949.67
3022,13,2,36.75
635,137,3,520.02
727,33,3,331.36
1830,23,4,342.92
2092,191,3,1946.73
4809,53,2,441.03
4357,91,3,129.53
4049,22,4,790.64
4150,71,1,1600.52
4140,183,2,1246.79
2834,138,4,104.4
687,43,3,165.38
391,30,3,593.67
3222,25,4,254.78
1064,35,1,178.9
3559,164,3,948.43
2057,99,5,459.17
1607,42,2,1364.79
2685,134,5,1340.28
2750,19,1,1663.13
1081,199,2,1112.36
4244,68,5,287.21
4752,26,1,1076.44
3347,22,3,1863.05
1477,150,5,1693.61
4737,65,4,1312.55
3102,97,1,676.87
489,20,4,1015.26
3051,15,2,679.18
148,98,1,1383.82
2319,113,2,1546.86
2905,123,2,328.36
4857,20,3,1217.03
3838,188,2,788.33
773,146,2,485.51
2979,93,4,1092.2
2164,149,2,101.01
1577,86,3,190.38
2333,76,4,191.39
3542,145,2,1150.96
1298,154,5,716.0
2943,3,3,663.62
331,98,5,105.92
3766,192,1,1858.51
655,126,2,626.63
550,110,2,1541.53
2090,119,2,1205.38
4583,95,5,850.99
2913,157,1,1904.14
4325,113,2,213.93
2973,94,1,29.99
1907,67,3,108.6
1682,57,5,1545.84
4619,134,5,1212.16
2676,170,4,57.54
4124,45,3,970.2
613,192,4,848.37
2171,138,1,507.49
3728,129,3,1015.08
118,96,1,796.66
2802,155,1,797.19
198,124,2,1844.95
4710,24,3,274.61
994,179,3,749.5
1353,118,4,1820.57
88,199,3,221.83
2055,91,3,1299.91
4058,177,5,1857.68
2405,59,1,243.42
917,175,1,191.46
1496,25,4,1048.15
772,147,4,108.05
3644,73,1,1331.6
1196,145,5,442.98
4024,65,2,1072.07
3148,175,1,1766.94
4885,198,5,1080.52
436,134,2,640.63
1117,1,2,1013.18
208,189,2,150.84
3118,134,2,1801.81
183,198,5,1066.43
4579,153,4,1594.77
4657,43,4,40.1
3120,105,4,1335.14
3621,122,4,749.78
384,110,1,1563.88
1709,43,1,432.67
902,63,5,329.55
4957,28,5,465.29
3583,126,5,1713.45
2601,179,4,1647.32
1159,144,2,1057.5
354,94,5,462.37
4885,11,5,901.16
3434,75,1,750.44
2239,55,1,1316.49
3237,177,1,458.15
4212,121,1,59.55
3328,131,1,1036.04
1618,134,5,1223.16
226,106,3,549.78
1321,99,5,1676.32
322,171,5,10.54
4837,147,2,1998.39
4370,87,2,786.51
2707,105,5,354.21
261,33,2,599.29
1121,195,5,1003.81
2382,22,2,700.56
4977,97,2,1753.7
43,98,5,1796.65
1413,97,3,1410.98
3582,71,2,789.2
4580,78,4,1205.53
2253,70,2,1522.49
4245,74,4,702.29
128,173,3,237.44
3361,185,1,1087.79
3440,122,1,1897.93
4453,38,5,1802.35
1605,73,2,433.73
1400,170,4,1524.48
18,88,4,1234.69
436,82,5,860.25
1110,1,3,769.38
3996,199,3,844.91
889,137,5,909.79
4709,135,1,267.67
440,43,3,403.68
2316,151,3,1445.83
4106,171,3,1043.31
2384,37,1,1543.75
4666,6,1,1201.59
4027,169,1,1795.33
4545,174,3,879.54
3476,155,1,1814.42
1642,31,1,1008.11
4126,76,1,369.53
1540,150,2,507.41
4875,40,2,1811.06
855,57,3,1722.38
4008,89,2,1784.63
3250,105,2,1628.15
2282,150,4,32.99
1961,152,4,240.43
977,157,2,1543.63
1106,64,2,1768.32
2888,66,1,636.26
3784,44,3,1160.11
4016,84,5,21.77
1976,15,1,595.84
1253,28,2,1044.75
2758,2,5,1902.82
3957,65,4,1465.72
2332,128,1,1240.98
3793,178,5,348.55
4632,5,5,1468.22
4542,190,2,1199.48
2891,196,5,827.97
2181,112,3,1194.35
654,58,1,767.56
4369,88,3,1976.25
3737,8,5,92.08
1825,111,1,1204.67
4155,171,3,1961.53
2275,78,3,1708.8
4679,22,5,134.52
4648,25,4,1580.42
1168,34,4,1441.86
4087,72,4,1077.76
779,177,1,693.85
3598,38,5,945.58
2869,122,3,1233.55
3560,180,1,511.32
1427,92,2,1660.28
2069,144,3,1805.99
3972,84,5,606.84
574,140,4,1129.36
966,63,1,1247.11
2596,121,5,990.52
303,43,3,1120.35
3472,39,2,794.79
4880,10,5,1783.2
4494,82,4,1045.38
2756,166,1,1089.38
3789,78,4,1505.73
357,80,1,238.15
119,25,3,1351.01
78,93,2,1059.8
3482,158,2,556.12
335,148,5,1827.8
662,174,3,1248.11
1032,20,5,1969.98
3125,107,4,392.14
2262,57,4,1727.81
4618,128,1,1550.85
1274,158,2,500.27
303,148,1,1440.07
4233,41,1,196.68
1729,47,3,466.26
4230,136,2,987.4
2791,198,2,765.97
3532,83,2,85.96
818,172,5,529.17
4547,23,5,747.17
4962,185,4,869.63
1536,170,2,1945.69
2028,70,3,1660.06
2870,135,4,1052.75
4922,107,4,1164.62
4491,154,4,1471.31
2465,156,3,1177.08
2916,97,3,500.43
4367,173,1,1554.04
354,168,1,659.62
904,50,4,447.85
1199,148,1,1272.07
4282,143,1,216.21
3820,35,1,1780.41
1879,83,3,410.31
1463,76,4,495.98
91,142,4,1302.35
1453,115,3,1290.24
4839,135,1,658.42
1727,195,4,1268.3
1037,80,2,643.53
1735,162,2,885.88
3267,51,4,1480.66
3342,153,4,191.83
1747,102,2,853.4
523,72,3,995.6
1859,86,1,447.79
2189,141,5,665.34
1760,126,3,1746.86
4078,131,4,817.23
2080,147,1,144.56
1764,137,1,499.26
808,141,4,1794.35
1507,172,4,1355.72
641,54,1,1723.48
2064,106,5,1309.93
1560,29,4,1780.88
4710,4,2,112.11
2347,149,4,1248.12
2979,194,4,118.47
404,115,3,997.61
7,199,5,1033.07
39,162,3,1532.9
998,67,3,1491.25
4592,40,5,377.45
197,119,5,1423.93
2407,151,2,1432.14
6,26,5,1898.13
2192,176,4,1464.12
2472,120,1,191.27
3970,158,3,1145.72
1127,67,2,366.21
4723,46,2,248.66
948,117,3,955.95
256,25,5,1679.56
4398,133,4,1405.56
3730,129,4,1611.69
4402,36,5,456.22
4439,16,2,982.71
4658,87,1,1310.3
2782,103,4,879.76
2642,50,2,1151.53
2066,117,5,1243.36
3744,88,4,565.69
1436,109,4,1992.18
4407,132,4,1915.86
2458,127,2,1365.68
2031,133,4,957.42
4365,10,1,149.11
45,160,5,372.54
2206,20,2,1038.31
3683,139,3,1151.36
477,136,5,341.43
925,172,2,60.53
1680,145,3,989.75
2628,62,1,146.49
4996,38,4,1384.42
1894,127,3,1343.14
3930,200,3,836.25
1320,172,2,886.24
1570,70,3,405.28
1074,84,5,1033.56
1861,93,3,53.86
479,144,5,1219.69
746,101,2,1797.96
1180,4,2,1144.89
1791,9,3,1862.6
4935,49,5,302.81
3918,182,5,1456.8
4012,129,1,1521.66
1377,170,1,1253.29
4261,64,2,600.85
2412,85,4,1340.95
3137,59,5,1546.79
3312,135,1,734.04
3522,141,3,1114.43
4670,151,2,835.11
1099,37,3,1319.24
1544,162,5,1271.81
2559,157,1,191.5
4028,59,1,1407.56
49,54,4,351.36
388,190,2,140.47
2708,104,3,294.33
2245,126,5,1191.49
1989,120,5,341.27
1844,187,5,1962.29
1247,66,2,1463.98
2935,138,3,980.33
168,22,3,1861.55
2220,197,5,514.06
2617,153,2,526.84
4171,198,4,1876.77
609,79,1,1839.56
417,51,2,85.48
4514,164,1,624.53
2413,84,3,1308.73
1340,56,5,521.04
2496,110,3,1773.18
4518,125,2,1023.49
3146,87,2,1254.77
2475,189,3,18.91
4454,168,4,555.43
1103,102,3,1285.5
2100,144,5,1204.95
441,193,1,791.85
2260,10,2,828.78
2878,54,2,1935.1
4337,183,5,1905.09
854,161,2,1819.31
1362,137,2,33.45
2792,74,2,1766.73
4246,196,4,1242.7
1276,114,1,612.45
511,163,5,524.51
2471,76,4,713.17
1537,90,3,1140.32
128,163,3,1976.92
600,111,2,526.08
1472,139,1,1207.18
656,38,3,943.32
2645,60,1,1889.35
4403,62,5,1787.02
3345,194,1,1790.45
1010,127,5,1821.71
1743,25,3,1114.54
782,21,3,247.42
1654,195,1,614.52
832,47,5,1179.62
869,42,4,81.34
1129,8,2,1943.34
2184,144,4,1710.34
1792,167,4,1960.75
3125,87,1,1774.68
2684,10,1,1819.85
4238,105,1,1393.75
3967,95,2,882.32
911,147,4,1430.11
3284,159,2,1200.95
3511,129,1,308.53
2154,143,1,362.79
2912,78,2,1438.61
2024,110,5,864.44
875,80,4,1673.63
4862,188,2,858.67
472,58,4,1378.56
4606,84,4,907.29
688,116,3,543.73
2685,114,3,1890.1
3470,156,3,432.29
3248,60,5,353.75
755,30,3,1190.93
2906,114,4,1174.05
2148,170,1,1951.11
2145,171,5,1895.46
3174,78,4,666.08
95,38,2,325.61
128,152,5,927.61
1575,180,1,415.85
1927,62,1,327.16
2842,107,5,225.78
4063,120,4,1502.18
2577,70,2,366.35
3678,33,4,805.38
4241,125,2,155.67
817,27,1,24.31
3257,189,1,1689.19
1706,50,4,1807.42
202,79,1,1892.79
2182,105,1,686.82
4829,95,4,1477.57
1844,106,4,362.08
142,54,1,606.92
836,2,2,1923.12
2292,178,1,1797.04
4894,47,5,1265.27
4868,81,2,626.09
2881,163,2,1392.38
2049,154,5,123.47
951,35,1,1185.88
560,93,1,1753.72
288,43,2,1219.41
1247,27,3,711.36
2022,138,4,857.54
2747,134,2,79.85
3277,113,4,999.51
3448,47,1,638.7
695,52,1,10.73
645,47,2,1643.31
1351,63,4,488.39
4157,19,2,1843.45
3951,46,1,763.2
3470,35,2,691.15
2738,77,4,1457.84
1225,194,2,1469.08
2727,59,4,1248.48
2613,121,3,589.27
3462,84,5,228.86
4630,145,1,846.88
3922,128,5,325.44
2986,163,2,858.26
2155,198,4,1890.05
3935,58,4,214.33
874,95,5,1623.88
752,36,1,829.55
501,188,4,26.95
148,36,5,727.5
2205,154,4,1719.78
3862,158,2,16.13
2463,21,2,1361.35
3005,82,1,1458.71
3057,105,2,151.33
2517,57,5,1878.44
4949,142,3,643.36
113,128,1,1374.58
4850,112,2,1313.48
144,14,4,810.75
836,194,4,1351.3
2741,200,3,927.59
2345,180,5,159.77
349,55,5,354.12
458,75,5,1697.0
2148,163,5,160.07
2147,105,1,1956.85
631,24,2,144.66
1713,165,5,239.89
4222,121,3,256.8
2596,182,5,328.28
4880,30,4,1491.18
336,163,4,1500.95
1794,22,1,1651.34
3991,188,3,392.13
4156,135,4,353.58
1795,12,5,232.04
312,81,3,546.07
998,109,2,1987.81
455,151,1,520.72
2084,177,3,1743.86
1924,40,5,558.23
3401,190,3,1195.24
2485,162,3,529.1
4050,152,1,789.66
3987,156,5,560.27
2113,11,5,1889.14
1359,151,3,1025.39
1900,29,5,1031.78
323,54,5,528.83
317,182,4,1917.71
1566,90,1,1507.16
2504,132,3,519.43
4258,124,1,1359.12
3548,40,1,423.09
2870,190,2,1338.81
3166,142,1,850.49
706,109,2,504.61
3242,64,2,259.88
661,108,1,1070.83
655,150,5,1652.22
4338,82,5,1780.9
2238,155,4,1890.87
3522,38,1,86.69
2295,40,5,891.28
4269,45,1,1136.2
3431,24,5,798.7
3093,176,1,1637.97
2009,110,1,248.86
1517,46,3,1333.23
3660,6,4,716.72
769,66,3,1769.52
4105,150,1,1111.85
356,14,3,123.78
4118,103,5,1244.41
3178,50,4,1799.33
3614,12,5,1295.89
4436,113,2,1224.55
1781,26,2,779.65
1342,167,2,1548.73
4811,162,3,1304.86
4574,8,2,550.85
4551,190,2,1118.78
4965,137,1,1624.38
2101,164,5,1661.28
1056,54,1,1161.47
3860,175,4,1154.87
1829,187,4,172.68
1818,89,3,224.77
2694,4,5,1539.67
4383,72,2,734.84
1143,52,2,1673.64
2006,87,5,1168.64
4217,111,2,258.32
464,16,5,178.66
2491,1,4,838.01
1636,142,5,58.48
797,64,3,1474.84
2676,61,2,850.94
2391,32,3,527.18
4936,132,1,856.56
3867,146,3,1457.22
4097,78,2,1120.09
2057,51,2,912.08
2604,178,3,460.57
4715,1,1,1720.18
656,98,1,1014.27
3249,187,4,1325.77
3224,188,3,771.74
4591,30,3,1668.58
1225,98,1,1072.1
797,168,4,1164.84
587,103,2,56.46
4544,190,3,123.03
1424,178,4,1331.69
4474,46,1,203.93
1654,131,1,476.59
2529,64,3,579.16
3855,38,5,1775.15
2767,56,4,1364.46
1501,18,3,1283.67
736,135,5,711.28
534,192,2,1857.83
3764,110,2,745.65
2158,149,4,1319.33
1243,82,4,45.38
4914,24,1,869.14
1772,73,2,787.04
1704,56,3,221.03
3039,70,1,759.74
2364,150,1,1446.77
1903,135,5,1626.38
1184,111,3,1309.57
1150,71,4,223.37
3049,66,3,1078.93
3526,25,2,687.13
1769,133,1,647.62
3862,166,1,675.91
1198,8,1,1363.88
1899,75,2,1453.55
2246,107,1,1967.55
1760,35,2,798.74
314,145,5,1859.21
660,192,2,1985.16
929,85,2,874.06
203,194,1,1521.62
1103,149,3,393.19
4155,129,5,1676.54
4758,80,5,13.3
2894,168,1,354.22
2747,36,3,737.73
4991,142,5,1230.46
893,37,4,602.98
1298,38,5,1434.75
834,83,2,1832.09
2592,99,5,1691.29
2698,139,5,1214.08
1877,52,1,278.73
2889,138,3,1548.51
2949,101,3,667.08
4166,147,2,521.76
4866,79,2,1390.03
650,78,5,1014.98
2896,145,3,247.21
2904,187,2,400.88
1602,90,2,930.14
3117,121,3,298.39
35,22,2,1534.98
3047,86,2,311.59
824,178,2,1933.82
2568,46,1,1370.75
4907,184,3,1149.24
1908,194,5,389.88
843,7,2,250.9
3812,94,1,1042.89
1684,147,5,749.73
2409,84,4,1039.92
4579,139,1,992.95
3983,160,1,1541.89
644,109,4,973.89
3695,112,3,1827.14
968,159,3,1054.97
199,20,5,66.21
1140,176,3,1916.46
2566,5,1,478.21
1178,178,4,167.31
249,9,3,1627.99
3427,104,3,171.34
3426,160,2,446.16
1905,182,5,564.79
4369,40,3,510.83
3170,8,3,876.65
3997,163,3,1233.93
3748,28,5,1879.53
1911,61,4,181.56
1390,78,3,1762.92
4096,99,3,93.62
1796,141,1,879.92
4026,54,3,473.6
2665,58,1,714.24
2657,182,1,1249.48
3336,189,1,846.81
4418,127,2,742.98
1620,106,1,1935.86
2492,58,4,474.94
2139,155,5,822.8
1965,83,5,1115.42
3942,113,1,1964.8
795,73,5,359.75
3040,144,2,1633.09
2113,75,5,1564.53
1790,72,2,956.66
3279,77,5,509.68
1655,140,3,1288.48
336,135,2,920.11
3003,133,5,1857.33
3380,101,2,1396.54
3243,164,5,185.81
500,52,5,868.88
2331,56,3,81.17
3904,29,5,253.18
1956,94,3,192.59
2645,102,2,672.68
98,54,2,1405.41
4328,67,3,1081.18
1453,199,3,97.99
161,142,5,1073.72
2379,111,3,1803.26
327,66,4,1511.27
4345,183,3,598.64
2320,168,4,1131.27
90,200,3,1606.47
607,33,3,814.21
691,158,4,785.24
4120,189,2,1039.76
4128,128,2,268.3
560,58,1,329.06
321,121,1,1490.38
2010,122,4,1527.48
4408,133,5,745.42
3101,198,1,402.7
1008,38,1,1554.41
2178,196,2,51.13
4778,87,5,1388.29
1186,127,5,1244.54
2630,97,2,1852.23
1503,185,2,1458.22
1339,14,3,508.42
4727,53,5,1141.98
105,39,4,1506.87
4231,181,5,843.38
3723,190,3,1275.97
2774,91,2,1417.15
1021,34,4,1181.21
3810,169,3,1752.81
2053,59,4,1695.55
2754,171,2,660.01
526,104,2,1286.28
715,120,4,102.55
2739,94,5,1845.81
2559,144,5,642.21
1313,22,3,1952.98
4359,167,2,1712.35
147,111,5,1821.47
3466,84,5,1068.85
320,84,4,1673.98
824,47,3,785.74
4298,80,4,1294.95
4415,59,4,1562.82
4898,142,2,1138.94
4687,116,2,1248.11
716,117,3,1326.93
4149,163,1,1349.68
1342,92,5,456.57
4573,138,4,380.08
1554,131,2,1099.7
4171,16,1,923.05
1936,93,2,1792.22
4011,140,3,426.23
1540,129,5,608.34
4765,36,5,836.08
1288,64,2,874.86
1041,46,1,250.19
2138,137,3,1922.95
216,81,2,277.6
3449,128,5,1376.83
1880,156,1,790.92
1825,118,5,656.83
2183,61,2,478.2
1490,136,4,293.34
4012,93,5,769.26
3591,163,4,1693.89
2943,71,3,792.18
4034,93,5,1523.94
2726,179,4,1461.21
4445,141,4,1530.36
2664,64,1,852.62
2693,48,4,1121.82
1393,29,5,278.75
475,193,1,56.94
1624,52,1,1290.35
3514,112,2,1876.09
2579,161,2,1530.95
1528,126,1,1159.33
1795,35,4,1004.44
2480,20,1,1791.57
4174,9,4,302.95
2476,136,2,1896.5
1213,190,3,1398.03
4406,29,5,102.12
897,181,1,1098.39
4752,193,5,583.49
1763,69,3,525.35
2453,18,2,1139.55
4689,103,5,1411.76
1812,189,3,1783.54
3625,165,2,1534.06
4001,80,1,37.66
1148,195,1,951.42
2432,176,1,1453.67
1427,102,3,613.44
57,167,2,615.28
2196,192,3,803.65
1109,94,5,1441.07
758,26,4,1919.65
4291,28,5,82.35
586,155,3,1837.28
805,140,5,1458.13
1981,44,5,1319.95
841,189,3,1128.14
3797,158,2,743.91
385,119,1,407.57
3938,42,5,471.61
2908,148,5,722.92
4820,180,5,1104.8
4462,190,3,72.96
2184,21,2,1115.34
2396,181,2,1519.39
1899,141,2,1843.45
3026,150,5,289.2
2702,65,5,1086.61
327,172,5,1849.59
621,34,1,1787.98
1863,186,2,418.15
3535,16,3,1096.66
1521,81,1,1356.59
3859,92,3,1377.38
179,63,1,511.85
3946,1,1,1515.33
4367,34,3,988.51
2113,190,5,440.04
4683,95,4,1747.48
2331,122,3,539.59
2929,22,3,619.56
3379,153,1,1729.54
2699,62,4,603.59
459,61,4,1313.02
2533,5,2,61.86
2785,21,4,483.08
2764,145,3,989.13
2491,152,5,1358.06
2324,102,1,1097.84
1923,64,2,1123.7
1133,6,4,1368.8
1763,173,5,1960.8
2014,117,3,1583.21
695,79,5,1558.39
3302,43,1,1129.68
2168,59,5,1923.43
4728,54,1,24.19
3081,137,1,244.59
3549,117,1,1560.33
1291,147,3,1930.15
1821,56,5,785.06
889,154,2,345.46
3910,39,2,132.18
2192,56,1,1808.73
3351,33,4,252.24
4906,187,5,1309.32
639,172,1,1149.22
1186,6,2,1415.95
1057,190,1,43.63
1884,32,3,1935.24
4417,52,4,1811.44
3375,7,2,1945.33
1224,129,4,1207.53
1622,74,1,1576.64
1355,146,2,636.84
114,141,4,1979.63
4217,91,5,382.31
3375,53,1,1470.77
62,183,5,830.24
3119,162,1,426.55
3609,113,3,714.58
1743,97,2,1835.86
4162,164,1,1288.22
1558,50,1,367.06
2000,92,3,1657.68
555,195,3,748.16
1038,75,5,810.69
377,71,5,1028.22
453,54,1,1803.7
1306,143,2,519.85
3732,190,1,1317.94
4763,30,5,1256.16
172,70,4,881.86
4878,146,4,880.57
1961,127,2,1643.46
2185,112,5,1035.69
3720,22,3,1716.28
3411,50,2,666.66
3721,129,2,696.74
808,109,2,1251.36
1102,14,1,384.14
1152,190,5,1811.36
634,198,2,1558.01
1030,188,5,1941.6
994,91,3,495.95
3730,124,2,1533.42
1835,102,4,1500.81
1974,115,3,609.2
1382,160,3,587.33
1456,177,2,1254.16
1234,111,3,720.14
3938,12,3,931.17
4697,31,5,718.55
2131,46,5,500.78
2587,159,2,1115.21
2619,95,2,1015.92
121,178,4,1494.11
4483,132,3,1261.68
748,22,3,1947.01
3999,71,5,1125.15
2165,127,4,511.11
1868,90,1,1778.9
4522,143,3,655.62
1888,110,1,664.82
1893,67,1,512.81
1045,115,2,145.53
938,87,5,792.81
463,75,2,805.28
894,185,1,1462.31
1611,69,5,806.25
69,91,1,1974.2
1760,198,3,1562.4
3323,52,5,1741.35
4587,149,3,964.78
3918,16,5,1418.16
82,163,2,105.25
3441,188,1,1535.44
2532,65,3,1105.46
4571,118,2,1027.37
2753,164,5,1401.37
4945,174,2,759.28
4615,57,2,1181.5
2799,61,5,1847.45
286,129,2,285.33
4336,53,3,1504.15
2001,177,2,981.57
3843,29,3,874.98
3916,131,4,1321.31
4844,80,2,1501.58
2741,126,5,14.26
1831,59,5,1852.55
4182,94,2,1622.74
3650,164,1,1606.19
2407,149,3,541.4
2182,77,4,1283.01
3351,143,4,65.35
1929,68,2,1046.9
3189,132,3,385.2
914,159,4,1293.56
4196,133,5,223.74
4162,105,2,1704.69
4521,101,4,394.31
1932,1,5,1737.38
2133,87,1,351.41
3330,129,2,1913.06
16,78,1,11.63
3653,96,5,1970.04
3496,152,4,1135.73
3285,109,4,932.66
1161,177,4,1546.08
4765,173,5,1603.45
2681,2,5,271.24
1761,189,4,336.26
4644,182,5,770.83
733,116,2,1463.5
4219,143,2,1285.22
1062,23,2,900.42
4932,29,5,1437.09
1258,49,5,369.49
2006,125,5,57.02
3446,110,1,394.78
1030,124,3,131.98
1391,103,5,1956.29
4478,16,3,655.55
2136,124,2,50.41
288,179,1,232.24
2444,164,1,885.39
3105,66,3,795.15
4282,154,1,1447.29
4870,194,1,1640.6
2213,101,2,428.08
4593,76,2,1324.75
4783,22,3,1622.05
3147,84,3,1462.01
3770,120,3,957.35
1922,12,1,227.83
4818,172,2,1395.4
416,17,1,307.8
3052,168,2,80.01
3167,61,5,1240.59
2460,41,4,1611.68
2336,185,5,658.48
3763,187,5,590.06
1683,88,3,1545.66
2032,66,5,529.25
2246,16,5,1669.43
2039,188,4,1794.66
2745,77,5,586.52
332,52,4,1577.49
3119,13,2,1877.21
1087,36,3,911.18
4476,128,4,1746.19
2597,180,1,288.66
3976,116,1,1828.79
2153,41,4,1009.29
1846,146,3,1127.11
1330,171,1,842.58
470,44,4,59.4
1895,98,1,1668.7
4318,167,3,890.23
3508,88,1,1803.81
1088,84,1,544.78
4330,8,2,1424.44
693,119,1,1835.02
4100,159,4,1080.94
3242,16,2,1146.47
4308,166,3,1314.51
1931,123,4,1693.35
510,80,4,1490.88
3677,36,2,1276.24
192,149,5,953.73
672,91,1,1405.0
472,54,1,1633.59
3546,7,5,354.44
4803,50,2,977.79
3723,187,3,612.63
1999,28,5,1708.25
2917,56,1,392.23
2973,175,3,454.25
653,5,4,1973.46
3452,80,5,998.74
2,39,4,662.86
840,82,3,1696.31
49,199,5,1752.45
2271,97,2,748.47
2256,91,3,1656.61
4926,25,2,490.35
245,100,3,1720.4
4052,7,3,395.48
4190,155,4,81.19
2704,102,3,1972.02
3979,15,2,1328.38
4661,6,4,689.41
1310,25,3,1299.11
2743,9,3,393.0
4371,144,4,1736.38
2379,162,1,312.84
3057,76,2,733.28
1992,51,5,1512.41
2478,80,3,302.07
47,49,3,1596.04
1607,171,3,1224.29
2875,138,5,1368.89
3693,174,4,402.23
1582,102,3,493.67
4035,147,2,770.26
2851,144,3,1013.08
3452,93,1,1718.98
4301,81,2,754.78
973,156,1,442.47
3188,117,3,1257.61
309,32,5,1028.11
3585,192,3,1170.44
1285,40,2,880.87
1771,195,2,856.86
1080,104,1,941.93
889,160,4,1592.17
1995,175,5,534.86
2494,15,2,572.5
4195,158,2,579.62
4494,88,1,1929.12
2362,13,4,657.32
63,149,3,254.25
2380,80,2,1267.77
3602,3,4,1052.96
2128,54,2,1093.34
4378,33,2,52.14
3637,147,4,605.41
3457,95,1,1273.55
3782,147,5,908.38
656,184,3,128.18
4526,40,1,1726.37
2814,135,1,1749.22
4668,168,1,1885.19
1805,55,3,394.2
4379,176,4,753.13
4498,185,2,1682.3
463,142,3,1724.14
4851,50,5,345.95
3073,114,1,164.78
4928,135,4,1566.02
2681,24,3,1295.36
2692,138,5,201.12
3455,44,5,863.24
1694,182,4,143.77
1009,194,1,1906.04
4864,22,1,525.9
3772,122,5,1363.31
10,117,5,693.06
278,156,4,1998.85
3323,148,1,959.88
4616,189,5,938.84
1512,142,4,100.06
77,109,4,1036.09
2626,7,5,1805.84
1213,17,1,281.93
2648,74,5,579.06
3710,174,3,481.66
3555,137,1,1584.59
1394,30,4,894.64
415,162,2,974.46
1396,49,2,44.57
4703,116,5,1617.21
3338,64,5,285.66
2760,73,2,796.81
2152,42,5,1751.15
2532,134,4,1221.49
2296,130,1,1429.79
2979,12,3,1445.97
1345,68,4,1017.05
864,79,1,1566.29
1840,188,3,469.2
1483,122,4,1496.12
690,70,2,1940.02
3202,193,4,825.39
760,8,4,187.16
1070,197,3,626.92
4410,105,5,1169.76
2396,188,1,131.21
4708,135,2,782.71
4851,184,1,939.38
3297,151,1,1527.48
554,146,2,222.54
2386,36,5,467.31
1862,138,4,1072.13
398,113,1,1437.08
335,42,3,1134.53
4805,44,2,999.81
3836,115,1,721.98
1742,174,2,549.63
2309,64,1,885.86
4614,23,2,1218.68
4017,200,5,1214.34
3966,117,1,1820.57
2663,52,4,295.37
1164,42,4,1155.71
12,186,4,51.33
1958,15,5,338.37
3533,76,2,988.46
3830,57,4,218.34
4639,63,2,345.86
2571,109,5,654.63
3267,191,3,1938.23
2540,119,3,1833.44
1160,163,4,1384.26
696,77,4,1207.58
2186,158,5,790.57
667,106,2,367.9
2,151,3,251.36
3738,48,5,122.18
2850,59,5,181.95
3899,101,1,738.12
469,160,5,1137.87
3202,78,3,1262.21
3268,194,4,972.96
4722,40,2,382.52
1956,135,2,1455.26
2755,133,3,623.96
3917,84,4,595.03
1958,139,5,984.32
2355,52,5,299.34
1149,120,4,1547.31
3167,113,5,844.37
3833,66,2,219.12
4677,188,2,1472.44
2162,84,2,1692.25
111,170,5,77.13
226,134,1,900.46
415,86,2,512.02
3295,123,3,1755.43
3746,143,2,1593.43
1751,137,4,1904.8
4268,99,2,1807.56
2928,108,5,255.26
835,197,1,1020.81
2819,46,2,1746.3
4831,76,1,201.8
2669,175,4,396.45
4020,93,5,994.42
1218,3,5,610.54
4720,131,3,661.33
1053,78,2,1718.46
4269,60,4,1612.9
2230,55,5,1566.12
1290,24,2,471.46
2019,12,2,799.85
2361,163,1,15.79
3426,118,3,1730.74
3955,100,4,162.23
4204,165,2,1440.99
3067,123,3,1921.68
2803,100,3,486.15
3577,80,3,1865.5
2103,153,2,637.52
3651,5,5,1422.3
3239,144,2,1854.95
3377,119,1,1676.64
3336,163,1,468.13
4918,92,1,1593.45
1054,174,3,686.93
3221,13,3,1215.94
2286,167,1,1810.16
4928,153,3,235.07
4002,168,5,556.62
4763,83,4,1421.39
4960,172,2,122.74
3985,194,5,735.06
2714,32,3,810.48
533,75,1,1199.85
3360,74,5,1533.62
1746,98,5,1153.19
804,122,4,1374.34
4342,83,3,1053.73
3324,91,2,907.2
2537,141,3,371.74
1640,29,5,467.71
655,118,2,550.36
1292,130,4,794.7
1064,195,2,1977.87
4873,133,1,1256.57
1517,100,5,1359.6
1058,55,5,1146.46
113,182,3,1219.46
291,134,1,1385.45
4873,23,2,1343.07
2309,64,4,1686.78
2127,62,1,1967.32
4026,79,1,355.36
3898,50,4,1020.29
1951,158,1,1699.32
1946,44,4,1984.66
3273,150,5,1375.87
4400,155,5,148.58
2836,94,3,884.76
3392,47,4,1214.73
4265,177,5,1093.48
4794,32,3,903.07
306,2,4,711.04
851,76,4,1008.82
4594,61,2,1090.04
4359,114,2,1037.6
2109,138,4,1701.96
4447,79,2,495.04
3543,29,1,1302.16
4004,85,3,1253.38
1971,25,5,332.68
3532,50,1,196.31
447,103,2,671.26
1956,43,5,545.82
4725,198,2,551.7
1963,70,5,1702.5
4122,34,2,1748.68
977,173,1,1807.56
2196,18,2,126.96
2747,135,3,622.83
544,120,1,1669.5
1154,152,5,1207.45
2151,46,3,1935.67
3363,120,2,718.82
3074,28,4,854.28
2879,94,5,1738.83
3799,28,5,1613.91
3802,148,4,849.6
1931,66,5,783.79
4480,187,2,1826.18
3113,191,1,828.12
4951,158,2,1782.59
2094,63,5,771.84
4189,159,5,1596.31
684,53,2,867.41
2906,106,4,301.64
4981,154,5,572.92
4634,121,3,904.77
2802,119,4,1795.62
671,42,4,1525.14
4782,107,1,1505.11
464,45,3,1570.88
2002,65,1,490.99
4201,44,2,658.37
1723,153,2,360.31
2379,176,5,1104.24
3637,174,2,174.05
567,190,3,110.57
4377,48,4,1811.64
543,120,4,658.29
4768,43,4,1791.62
2816,46,4,689.86
4343,33,3,1559.09
2756,70,3,1212.18
3463,30,3,559.19
2336,121,4,168.95
1134,189,1,89.86
3646,44,1,27.16
2717,33,1,1537.43
3385,3,5,1491.77
222,48,5,1435.95
2108,136,5,942.09
4086,33,1,316.81
1093,110,2,1426.71
1726,171,4,869.26
598,36,5,1577.36
3281,19,1,1374.0
1483,197,3,594.74
4985,138,3,612.07
1473,38,4,1508.21
408,66,1,1004.35
1065,48,4,1532.22
1550,95,3,1201.6
3655,31,5,1745.06
1602,69,2,644.14
1569,12,2,29.92
3280,173,4,1604.66
2790,40,3,1797.7
1201,125,1,653.87
1946,94,2,54.99
4198,110,4,1916.89
367,120,4,109.45
443,170,2,76.25
3426,162,3,589.75
497,111,4,1648.75
1431,34,1,1952.87
495,71,2,963.21
2766,73,5,351.52
4707,4,3,882.4
2311,85,2,555.63
3523,22,3,874.44
4821,38,4,1811.22
2131,187,5,1959.98
3483,26,4,1061.67
357,154,1,1273.85
2157,161,2,305.12
4828,155,2,708.94
1089,148,1,454.06
4377,22,5,599.64
1805,170,3,1703.57
413,3,4,1868.31
4483,165,1,1611.21
2468,171,1,789.43
302,183,2,836.62
4699,174,1,566.92
3550,179,2,1972.63
1209,80,2,806.37
4503,110,5,1302.82
1068,185,1,1148.98
3490,196,1,873.17
629,199,2,1502.93
2571,33,2,1900.98
153,25,5,1214.91
4922,98,4,1059.51
1418,39,2,1967.68
4016,122,4,512.45
1880,74,1,482.77
1148,145,1,335.87
1410,101,3,53.88
364,109,2,335.29
2931,162,4,970.41
1303,56,3,1611.73
161,7,5,1562.85
4885,75,5,1776.41
2546,168,4,1347.76
2432,111,3,1572.27
4960,187,4,1541.02
1093,5,2,1423.17
4600,158,3,290.86
176,45,3,663.1
1848,35,4,1557.82
582,110,1,1966.33
1603,111,3,265.63
3229,41,3,564.85
1450,89,2,12.36
1627,134,2,922.02
372,49,3,499.43
2102,141,4,1078.97
2331,30,5,1788.85
1476,118,4,1813.88
4917,32,1,1063.87
2298,95,4,1730.93
1373,160,4,1867.55
2466,36,5,1995.24
152,46,4,225.36
3364,104,5,1629.4
1894,55,1,1684.23
3811,59,4,1837.23
2045,133,2,1694.33
4036,161,5,1240.9
3122,134,2,127.86
2711,101,4,310.98
3529,100,2,1491.93
4541,73,4,1916.92
4949,161,5,1669.89
910,144,1,725.57
1278,84,3,276.1
427,108,4,1815.06
2813,118,4,566.67
3282,193,5,389.49
2060,184,3,1879.47
4522,115,1,1301.03
1865,56,1,470.68
4066,123,3,1938.5
2326,53,5,1841.55
2315,26,2,526.01
3364,89,3,1125.33
1399,55,1,1585.16
974,170,3,102.69
4577,49,4,791.13
217,194,3,1465.31
3493,3,3,1891.95
1157,172,3,1151.48
1797,66,4,1209.33
236,187,4,479.11
4173,41,5,1157.07
3444,75,1,707.6
3720,176,3,1079.71
4818,175,1,210.69
4506,124,4,591.06
3737,178,3,1243.21
1241,160,2,112.67
4142,19,2,1579.21
1169,5,1,203.52
1640,152,3,198.61
3988,21,2,1919.19
1265,78,1,1195.51
3214,89,1,1288.42
3529,135,2,463.7
4614,195,3,210.16
4093,123,5,274.78
3906,60,4,1786.71
3078,120,2,356.54
1382,131,2,10.73
4802,93,3,136.51
2803,54,2,1922.13
3277,158,4,159.03
2430,161,3,1823.25
1153,24,2,1290.05
4623,109,3,1669.33
459,163,1,1132.82
1481,197,1,150.21
704,194,1,1170.61
4028,69,3,301.18
2174,191,1,1186.06
4599,52,1,739.0
551,96,4,1120.99
3784,105,5,1289.08
806,26,3,785.64
1899,23,5,1435.76
4696,57,3,172.62
1718,105,2,644.37
4009,178,4,591.49
1346,144,3,1758.0
4143,10,2,660.73
1525,37,5,1043.22
3432,118,1,1687.35
3726,147,3,803.6
3927,136,3,459.79
1809,91,3,31.78
4632,171,1,1287.01
4509,124,2,868.86
100,49,2,46.35
2832,129,5,1015.46
4983,48,3,225.55
1260,14,1,1058.83
4727,163,3,1770.23
3729,190,4,199.02
557,81,5,1907.5
4747,79,2,1491.39
4672,9,2,1958.69
3952,148,1,431.16
914,67,1,381.19
3205,147,1,1810.26
1832,61,3,886.79
3227,55,2,1678.64
1213,68,3,913.49
218,197,4,338.21
2190,2,2,994.7
2874,93,4,233.15
4080,167,3,1692.03
1679,111,3,1284.77
2406,17,3,187.67
1098,192,1,1743.35
2725,64,5,506.33
3120,167,2,582.95
1765,135,2,1041.98
2492,108,4,1580.23
4385,36,1,1781.86
2898,56,2,564.97
3238,141,3,1200.74
1024,162,2,1115.16
3764,191,3,1752.72
290,178,2,1640.15
1373,162,5,507.76
672,45,4,569.9
1875,140,1,1176.04
3959,145,3,1015.89
1384,104,5,653.93
3408,52,4,410.18
375,1,1,82.38
4749,58,2,845.88
4119,82,3,597.87
4300,57,5,160.16
1419,149,1,363.91
719,101,1,1592.44
3330,62,1,1916.91
583,161,2,318.79
4042,182,1,1204.33
195,111,2,1359.35
4981,78,2,1212.19
2361,51,5,1847.59
2340,56,2,572.75
1453,154,4,1961.65
2615,117,1,1251.44
3070,40,3,1455.33
2115,12,3,72.72
2332,151,2,1561.71
4668,180,5,522.75
3614,113,2,1772.33
812,167,1,906.37
4839,184,4,1052.81
2255,173,1,1756.06
41,155,1,1886.11
4834,174,5,1075.72
729,175,5,745.18
2056,21,1,476.62
2489,73,2,579.32
3332,186,5,472.11
3741,193,2,411.4
363,33,4,1034.11
2706,88,2,1007.2
922,102,3,578.31
3793,195,1,252.72
4181,44,5,926.62
4699,66,4,897.02
2050,149,5,872.74
2958,14,2,1427.15
2716,82,3,279.83
3490,178,4,1988.59
112,157,1,1682.31
4492,138,2,1020.88
1279,83,1,846.61
1512,37,1,1053.8
1260,112,1,1092.75
4106,198,2,798.61
2585,98,5,1574.67
4710,6,3,611.49
231,43,5,1941.41
4396,10,4,424.74
3698,64,3,1257.01
565,167,5,884.12
1311,200,2,1194.39
2804,59,2,63.24
3588,40,4,856.27
2756,14,2,1207.37
751,189,4,1866.17
492,178,3,1074.29
4778,67,4,1017.2
595,49,2,1848.82
1801,7,2,987.57
4896,47,2,572.36
1781,179,2,807.55
2944,79,1,861.09
2478,26,4,455.83
3083,84,3,407.81
1028,61,1,261.87
855,19,1,1381.69
4293,50,2,1104.72
827,198,5,1345.58
3146,63,2,1195.42
4574,190,3,1048.94
527,4,1,781.0
4469,192,5,1103.12
4426,162,3,1390.27
4252,172,5,561.5
431,172,3,370.39
1272,90,2,969.53
3411,153,2,175.15
1147,94,4,1043.72
1906,2,3,1201.35
4394,107,3,33.7
4701,121,1,1419.5
2514,22,5,1097.67
2617,20,1,1688.7
3866,51,4,1703.54
1137,61,2,1802.79
2033,25,4,1716.31
889,138,1,96.35
3224,9,1,453.36
168,11,4,956.85
4163,180,1,969.74
1678,101,5,1114.52
3469,47,2,307.9
2235,56,1,606.33
3916,94,5,237.25
4628,21,5,163.44
2942,179,2,383.91
1655,160,3,1163.02
2599,171,5,1457.48
871,139,2,1782.39
3047,6,4,1212.72
4062,108,2,778.26
344,148,1,58.55
2083,67,1,1640.14
1610,52,2,1856.8
3567,9,3,41.83
2858,42,5,1686.08
2354,111,3,1032.75
4621,113,1,327.38
3474,29,5,1667.32
839,85,3,799.5
4103,33,3,246.15
3385,121,3,976.21
137,164,5,261.94
514,84,5,430.47
2008,83,1,640.49
397,179,1,893.02
1028,52,3,1785.42
2964,93,4,915.22
3707,38,3,1244.12
2783,190,1,157.29
707,47,5,1542.48
3123,193,3,728.95
1789,198,4,1837.09
3049,75,2,507.25
410,167,1,1030.95
2465,37,5,265.55
3115,3,4,566.03
937,85,4,962.42
3227,83,4,1788.35
617,59,2,256.7
4749,118,1,1653.32
1342,18,1,1880.1
2677,144,4,1258.21
4154,155,2,1405.56
1309,31,2,1227.81
3682,88,5,1450.06
2033,155,4,1854.15
4757,175,2,1436.53
473,169,1,855.67
1870,53,3,1857.84
4787,144,2,442.45
4042,32,3,701.34
3180,39,5,515.27
4769,51,1,1060.74
3632,173,2,199.46
862,15,5,1022.48
4368,130,2,1417.79
