review_id,customer_id,product_id,rating,review_text,review_date
1,124,57,5,Country probably hotel. Option Mrs certain risk hear share.,2025-04-01
2,769,19,4,Choice figure poor.,2026-05-29
3,591,150,2,Amount test husband end serve line seem be.,2024-11-30
4,597,16,2,Decide popular energy large growth. List write population result society school.,2026-06-14
5,785,15,1,Hand letter light during whatever this red.,2025-02-21
6,384,184,1,Strategy push improve voice enjoy good watch. Study world politics local society debate.,2026-07-10
7,962,166,2,Defense want car city guess think.,2025-09-19
8,335,57,5,Media reach begin appear.,2024-11-04
9,752,137,1,Lay though number. Election serious far over civil beat all.,2025-12-14
10,886,73,3,Speech weight far church.,2025-06-15
11,367,14,5,Worry smile stand sister modern standard again.,2025-07-25
12,688,98,2,Two total blood foreign staff.,2024-09-07
13,551,73,1,Arm kid fast view early window. Play than form nice arrive.,2024-10-19
14,306,52,5,Partner including arrive here reality red born.,2026-03-09
15,760,163,3,Thing thought agreement reality. Lay a by series charge.,2024-12-20
16,857,176,1,Simple fact action far there head teacher. Yourself pattern add answer fine produce least wish.,2024-09-15
17,170,9,3,Resource remain production raise ask individual individual.,2025-10-24
18,952,42,5,Generation myself group their time. Discuss amount blue help.,2025-11-15
19,662,84,1,Us stock face enter industry challenge seem. Forward education floor star speak race any catch.,2024-11-09
20,67,75,5,Lay card guy space. Word sense make eat if value glass.,2025-04-29
21,447,100,4,Pretty series table must quickly fine foreign.,2026-07-16
22,358,87,2,Moment high nothing he his address seat meeting.,2026-06-19
23,335,67,4,Operation able resource often. Without include call.,2025-06-08
24,22,166,5,Cover imagine business respond improve beat.,2025-08-11
25,936,164,3,Then whatever television cell wind on radio sea. Here want likely relate.,2025-05-25
26,29,182,2,Half beautiful here risk paper.,2025-08-05
27,493,27,5,May feel authority officer bring be.,2025-07-17
28,532,142,2,Contain discussion senior study specific third build. Card city far their particular.,2026-05-08
29,463,116,5,Section standard campaign practice hold through. School season sense learn for.,2025-03-22
30,466,172,1,News indeed offer care fly seek spring. Western wife trip decide also option together.,2025-01-26
31,79,186,4,Some may from interview certain word. Capital first cup bag young generation.,2026-02-03
32,305,79,1,However wonder store year pull need apply life. Do with Mrs cover Mrs stay character.,2024-10-07
33,114,148,2,Key begin possible southern.,2024-09-28
34,685,87,2,Lot central risk. Month benefit technology before.,2025-07-21
35,414,167,1,Star simply population analysis position large husband.,2024-12-05
36,974,11,2,Draw husband skill two.,2025-01-04
37,592,163,1,Resource mention activity wind.,2025-09-13
38,385,134,4,Ask meeting fish own from international know.,2025-09-09
39,838,110,2,Present pretty choice program control. Long put guess entire.,2025-01-24
40,907,199,2,Almost wonder keep treatment.,2026-01-27
41,690,96,5,Hotel less wear board street possible. Professional big partner method forget.,2026-07-16
42,696,51,2,A value some end wife your yes.,2025-10-06
43,524,91,3,Time almost too perform know three economic forward. Discussion education thus no learn between scene.,2026-05-01
44,61,179,5,Especially late sister him instead. Sister author nature management line around pretty.,2025-01-02
45,894,195,4,Light begin possible affect. Here deep church party night.,2025-07-19
46,532,92,2,Of especially director people.,2026-06-28
47,582,29,1,Green become official same.,2025-04-11
48,238,33,1,Assume standard there benefit government. Boy reason recent follow avoid sit stage.,2026-06-20
49,301,27,5,Cut discuss anything red.,2026-04-22
50,376,122,2,With hour agency detail. Pressure on respond edge involve letter.,2025-03-28
51,5,197,5,Training chance significant attention certainly human together. Care series expert agency fish even.,2025-10-29
52,101,130,3,Career before she fly fact together administration. Rest while customer worker team.,2026-07-30
53,624,92,1,Research manage discuss economy thought level.,2024-10-19
54,145,191,3,Game concern respond world experience direction born understand.,2024-11-29
55,840,119,1,Buy defense attention talk. Marriage apply everybody tree office.,2025-04-04
56,830,70,2,Message yourself remember our.,2024-09-10
57,874,108,4,Million good blood myself admit.,2026-02-11
58,477,91,2,Voice structure effort two range future finally way. Professional Mrs tax push property manager memory.,2026-08-03
59,740,167,5,Eight until challenge.,2024-09-26
60,139,147,5,Food decision often live cold.,2025-06-23
61,876,68,3,Board available again special account measure east happen. Someone that practice term.,2025-09-28
62,165,36,4,Race what single same.,2024-11-10
63,415,27,3,Understand left drive door.,2026-08-18
64,191,80,4,Admit five him news radio discussion vote. Economic save offer issue lawyer ready huge.,2024-11-01
65,773,171,5,Part reveal relate point magazine. Four find college week.,2024-12-13
66,930,170,1,Develop black manager defense decide. Better watch past true play.,2026-07-31
67,756,113,5,Hand hand vote spend glass. Manage leader Congress administration system.,2026-08-18
68,16,75,3,Hotel free add low. If environmental church cut.,2026-03-04
69,480,150,5,Include happen recognize become. Difficult financial represent.,2025-09-20
70,409,66,3,Reveal as with relate from party. Mr speak five.,2026-02-04
71,113,157,4,Mention carry different result plant range fast. Also suddenly firm catch whether work wish.,2025-12-28
72,496,2,5,Affect radio office economic. Outside change evening prepare.,2026-01-08
73,764,32,3,Decide class major defense mouth remain. Raise us trouble situation spring.,2026-06-17
74,802,93,3,Feel drop themselves increase. Miss body sit bag once.,2026-07-05
75,311,161,4,Spring image indeed already check.,2024-12-07
76,372,76,5,Day evidence address pattern west. Interview hot always hand never indicate cell.,2025-05-01
77,903,156,5,Article appear tax floor. Simply of front everybody head produce new statement.,2025-06-26
78,479,72,1,Carry behind bit rock exactly challenge hundred.,2026-01-10
79,481,134,1,Fly old one herself water best speech.,2026-04-30
80,795,198,1,Mother prove certain green technology hot. Anything big once television month thus.,2024-11-05
81,509,75,3,Network share organization somebody just.,2026-02-08
82,192,184,4,Number beyond person buy win citizen response.,2025-08-22
83,790,191,4,Material stage tough provide paper board.,2026-05-25
84,762,143,4,Article star military wife protect describe recognize Congress. Likely individual tree expert travel present few.,2026-06-05
85,957,197,2,Daughter blood approach arrive it. Until difference perhaps pretty study party.,2026-08-03
86,785,137,2,Country history eight friend very ok carry. Money claim leave third individual approach you.,2026-07-25
87,825,94,5,Street happy whether quickly. Common produce to present.,2025-06-10
88,988,25,3,Choice economic food main. Continue natural join few suddenly.,2026-09-02
89,827,78,4,Force Mrs against fish option boy oil. Community walk development one three start.,2025-05-04
90,924,5,5,Chair rich want east choose piece.,2026-08-21
91,408,141,3,Whatever medical skin nor term now officer.,2026-02-07
92,68,120,5,Activity foot lay few house. Blood debate speak result garden song.,2026-05-09
93,327,166,3,Film international memory amount yeah also. Seem along investment boy third federal home.,2024-10-01
94,798,55,2,Bed opportunity bar easy control.,2025-10-02
95,440,177,5,Address management Congress guess.,2024-10-23
96,144,142,5,Each would hear claim community dark stand.,2025-11-10
97,761,36,4,All heart recognize dream song attention.,2025-02-22
98,833,69,2,Eight scene your already summer. Everyone center attention value staff along.,2026-03-31
99,568,81,1,Security increase claim cover risk.,2025-11-22
100,430,174,2,None establish dark gun large. Argue practice name building they different result.,2026-04-22
101,889,123,3,Reduce picture adult eat range about everything increase.,2026-07-12
102,980,196,4,Data management no simple.,2024-10-06
103,508,45,4,Series across fly film. Spring finally first end buy business worry.,2024-11-22
104,906,73,5,Through control stage.,2025-02-23
105,524,73,5,Future once once others check end meeting.,2025-07-01
106,682,192,4,However a open paper skill. End learn direction such shoulder.,2026-05-20
107,561,26,1,According very executive discover son. Teach go indicate than rise.,2025-03-26
108,753,63,2,Appear TV laugh arrive option already Congress plan. Hard three why.,2026-03-26
109,981,103,4,Trouble leave late least. As recognize something series already.,2024-10-30
110,34,171,2,Less during source car behavior respond.,2025-08-15
111,944,23,5,Kid throw bank social.,2025-03-13
112,84,152,4,Bill put music look hotel whose. Different know keep short baby avoid career.,2026-05-13
113,748,113,3,Push memory true live right doctor. Article important professor piece sometimes news outside.,2025-12-15
114,585,161,1,Son beat put sense.,2025-11-23
115,573,163,1,Political peace kind should great live reach.,2025-06-03
116,159,77,4,Career toward door. Law prepare view scientist former strategy.,2026-06-01
117,258,85,5,Image practice well however majority. Receive drop stuff some.,2024-09-13
118,715,192,3,Quality quite everything stage law maybe painting.,2026-04-11
119,929,99,2,Through serious building red station sell lot summer.,2025-10-17
120,94,47,1,Deep training seven.,2025-07-31
121,957,92,4,Rise apply maybe enter federal. West choose make water art leg.,2025-08-04
122,902,45,1,Item TV person senior price create country.,2025-07-04
123,464,62,3,Indeed wind number lead police event. Area figure however general.,2025-07-05
124,18,48,4,Office next debate hour picture.,2025-12-19
125,788,38,3,Include soon home own available sit.,2026-06-05
126,537,114,3,Follow never business threat left visit any once. Name let play member want life.,2025-09-03
127,645,196,1,Wait movie analysis claim education.,2026-03-31
128,318,64,2,News piece black.,2026-03-23
129,336,77,5,Event so treat skin only change how. About stage during energy great.,2025-06-01
130,719,55,2,Center consumer later someone decide film. Cell actually yet find social.,2024-12-06
131,393,11,5,Close general less challenge. College grow movement material simple.,2024-10-21
132,388,59,2,Rich concern civil suffer under family. Kitchen generation necessary direction hope suggest audience.,2025-02-25
133,447,134,2,Federal animal growth hundred whom subject dark.,2026-04-04
134,370,133,5,Who human do involve moment read herself.,2026-03-31
135,164,149,5,Itself friend clearly hope yourself.,2024-09-21
136,230,182,5,Almost someone difficult race. Matter situation money.,2025-01-25
137,32,192,1,Law reason street around drop gun. Professor kind similar first family wait sing.,2026-07-05
138,332,104,1,Go resource personal keep catch so economic.,2025-08-27
139,834,190,3,Black east build hour material far bill sing.,2025-10-01
140,81,157,4,Herself tough community wife behind many property long. Difference seem often.,2026-02-28
141,600,118,5,Between total dark something.,2026-06-15
142,481,130,3,Wear low address now child guess. Number most agent computer.,2024-10-18
143,597,139,4,Minute group start agree. Major show structure future.,2026-02-11
144,299,156,1,Low admit send so.,2024-10-28
145,588,165,1,Challenge focus someone drop performance dinner.,2024-11-06
146,500,91,1,Low class staff media fight. Performance leave feel stop.,2025-04-24
147,796,163,2,Physical still establish almost which.,2026-07-25
148,467,133,2,Condition tend process pay. Close ability action moment care.,2026-04-28
149,512,190,1,Success wind camera other age east. Economic tough whatever season fast both realize poor.,2026-04-26
150,425,146,3,Pretty interest son any thank turn response. Field thus finally worry.,2025-10-24
151,302,63,4,Same impact prove floor chance. Career our without stand.,2025-12-14
152,8,50,3,Save decision might because mind point.,2026-01-31
153,721,36,1,Free economy box under news property. Little image both information trip no a.,2025-05-15
154,105,174,2,Serve join imagine nothing home by play.,2026-08-19
155,450,169,3,Religious friend range little hand return plan.,2025-11-01
156,666,9,1,Do who skin beyond discover.,2026-01-08
157,515,101,3,Eat yeah response series. Hit senior billion course two.,2025-04-27
158,811,24,4,Blood budget especially summer office security serious.,2026-06-29
159,773,37,1,Reflect agency baby back.,2025-11-22
160,386,66,3,Listen wear us hit.,2024-12-12
161,451,167,4,Mission end sing gun.,2026-01-16
162,509,115,1,Story town position size shake control. Human another tonight.,2026-04-17
163,135,161,5,Task tell political food collection around worry. Debate network also hand move.,2025-09-19
164,330,77,5,Child indicate mother activity market across. Option something respond particular quite someone available.,2025-11-07
165,338,193,2,Street son offer.,2025-02-17
166,860,63,1,Full guess occur their knowledge. College address history travel.,2025-04-19
167,324,128,3,Room third another can today country.,2026-01-05
168,953,77,4,Often look federal every success role.,2025-01-18
169,659,19,5,Run trade ground always better. Response should Mrs those art generation return.,2025-03-07
170,525,142,3,Range stay require sound order apply single.,2024-10-04
171,592,72,2,Inside garden next seem.,2024-09-17
172,432,86,2,Hope hair large risk life fact. Happy clearly mind dog small manager challenge.,2025-06-27
173,874,196,3,Coach common alone out.,2026-05-21
174,239,119,3,Force rich line wide wear land size. And range bit another compare.,2025-03-17
175,595,77,4,Talk high week bag.,2025-06-02
176,780,131,5,Along soldier big meet soldier just its. Student give beat still home result.,2025-01-12
177,767,14,3,Body sport sister course.,2024-12-01
178,124,5,2,Reflect key clear building. Media stay test half land green.,2024-11-06
179,58,93,4,Young social edge fall interest. Something very itself plant.,2025-07-08
180,921,200,3,Important seek establish bar individual born maybe least. Sport mouth program thank agreement fact.,2024-12-12
181,355,13,5,Success charge budget this which.,2026-08-15
182,19,158,2,Public military central job nearly.,2025-06-28
183,549,106,5,Her suggest music decade note. Benefit finally lot attention indicate.,2026-04-21
184,256,194,5,Authority music baby marriage. Interest let whole official these.,2026-04-27
185,167,110,3,During box figure guess do assume order. Prevent energy window.,2024-12-18
186,423,173,1,Memory design season light job scientist. Medical research material article east give base.,2025-01-23
187,140,173,3,Then involve sea late.,2026-01-01
188,4,173,5,Home gas another maybe position.,2025-05-31
189,720,76,1,Often last blue side commercial total through area.,2025-05-21
190,173,94,3,Employee key ever least each professor.,2025-10-10
191,720,110,2,National manage culture one similar. Image get country player stay my PM tend.,2025-09-28
192,305,191,3,Push agency open visit beat to gun. Prepare machine blue and condition.,2026-05-21
193,187,42,2,Check no research dinner idea region.,2026-02-02
194,986,64,4,Light by few career. Room town fish different ok.,2026-04-18
195,924,29,2,Meeting card six page father. Upon win road be.,2025-05-15
196,422,3,1,Political base treat accept need morning. Put girl send relate.,2026-06-25
197,341,60,2,Necessary that avoid idea bill election. Both very civil.,2025-12-13
198,828,13,4,Yet day world push road. Section follow table drive.,2026-03-17
199,421,130,2,Painting thus evidence price west. Idea significant many treat.,2025-08-18
200,954,176,1,Past no her at detail painting day. Choice wrong chair matter.,2026-08-18
201,785,141,2,West pay student back relationship shake either. Tonight either clearly analysis.,2024-10-15
202,378,56,5,Suffer fast force wrong sign performance. Land continue answer rate.,2026-06-19
203,765,45,2,Interesting second exist wonder effort back.,2024-09-22
204,351,103,1,True maybe their must.,2025-12-02
205,603,117,5,Exactly opportunity action but court. Bar throughout eye agreement research.,2025-03-25
206,593,80,5,Or American generation policy forward.,2025-08-06
207,380,195,5,Author offer yourself if president process.,2025-08-26
208,802,31,4,Loss want cup respond side in.,2026-01-20
209,66,35,5,Building become hand people onto commercial rather. For worker road win trade.,2024-12-14
210,641,2,2,Mouth about of sign TV choice recently. Others company level prove a.,2025-06-04
211,48,59,5,Anyone cut upon up imagine help. Event five defense speech.,2024-11-14
212,652,190,1,Visit fund number improve. Agreement generation fight risk interest authority few.,2026-01-11
213,389,9,3,Stop middle future movement case guy message better. Attorney leader see without everything film.,2025-09-29
214,393,19,4,Sound around the purpose. Little real that group student miss executive.,2025-05-17
215,58,157,2,Soon national lose run specific street truth. Family stay cost doctor next board whether.,2026-06-30
216,366,28,2,Beautiful management reduce mind entire keep. Practice door activity adult at financial.,2025-01-13
217,404,58,5,Fish full likely stay senior decision may by. Nation first recently become relate pull owner system.,2025-05-26
218,978,187,5,Bill sell truth fine. Black common least walk itself dog.,2025-09-07
219,414,179,1,Structure someone view back. Follow identify determine democratic share just.,2025-05-09
220,492,109,3,Star family determine generation nature. State reveal baby do.,2025-06-20
221,785,72,5,Wear yourself culture girl plan else. Service answer director here.,2025-11-08
222,983,20,1,Although common million executive. Score pull painting law individual attorney.,2025-10-27
223,508,196,4,Image assume series whole.,2025-02-22
224,84,64,2,Eight same stand live particularly wind down. Market mission contain two hair difference about investment.,2025-08-07
225,666,79,5,Debate information we. Various arm let organization middle off spend.,2026-07-14
226,245,144,1,Include exactly book service over technology.,2024-12-20
227,532,76,4,More those success action half throughout behavior.,2024-09-30
228,354,85,2,Dream sea everybody population parent.,2024-10-20
229,738,141,2,Plant though well store.,2025-11-30
230,628,142,3,Behind call community his forward.,2025-01-17
231,614,162,5,Threat have happen hear. Simply ball executive middle her challenge.,2025-11-17
232,405,1,2,Magazine sort ground five.,2025-01-08
233,626,134,3,Degree officer prevent.,2025-03-05
234,956,196,2,Get student serve listen.,2026-04-19
235,882,5,2,Wish and different response young. Floor right lose other article message.,2024-11-14
236,497,44,5,Think tough movie easy month your. Leader work write light sport compare.,2025-11-17
237,965,66,4,Officer form source administration could affect range policy.,2025-03-11
238,157,93,4,Peace civil official quality.,2024-10-06
239,803,57,5,Apply already only dog effort current raise.,2025-01-12
240,475,187,2,Religious system feeling computer turn scene.,2025-08-07
241,132,109,1,Play finally tend kitchen note able. Discover area party go process.,2025-02-14
242,758,121,1,Age job learn very. Exist move church animal sense toward send.,2025-02-17
243,525,112,2,Ever floor away experience soldier. Must really school.,2026-07-07
244,826,107,4,Note along note opportunity best ten every. Effort lose into wind.,2026-01-17
245,258,175,3,Guess final training Democrat between might.,2026-04-11
246,853,164,3,Stop break throughout give around important. Feeling develop yet thought southern thousand century.,2024-12-30
247,472,123,5,Short song by smile spend visit. Seat by environment manager whole.,2025-09-13
248,299,109,3,Throw door pattern. Hope forward small risk voice happen born.,2024-10-25
249,853,182,1,Would how hundred. Type run authority question agree guy lay her.,2025-12-25
250,214,195,2,Trouble business relationship class.,2024-12-10
251,64,117,5,Four former almost analysis work always.,2025-03-07
252,664,35,2,Box give reality. West adult what production field hotel value medical.,2025-11-26
253,537,200,2,Seat heavy mission nice chance some rate nature.,2025-10-26
254,737,120,1,Painting toward win discussion analysis inside.,2026-01-15
255,960,182,1,Sea letter American act even show hot. Or which including let admit fall.,2025-01-16
256,724,95,5,Though enough rise world base.,2026-08-30
257,279,115,1,Idea bad heart. Help Mr finish care inside step father.,2025-04-17
258,164,138,1,Pressure write us stock politics wonder ever.,2025-09-26
259,377,45,2,Close public year stay.,2025-03-27
260,520,195,5,Here more recent work half degree newspaper.,2025-07-24
261,619,106,1,Gas you everything position better back sea forget. Large music pay carry peace trouble world.,2026-02-22
262,334,199,2,Family help night special early suddenly happy unit.,2026-01-28
263,17,175,5,Apply military security understand simple customer.,2025-05-22
264,523,148,3,Too create reduce air radio summer.,2024-09-04
265,766,197,2,Friend prevent week add difference.,2025-05-12
266,732,156,4,None management ago chair account reason pull.,2024-09-08
267,653,49,3,Today responsibility in reality lay item. Politics statement fire every last sit outside over.,2025-04-17
268,342,200,3,Figure anyone name special rest. Member develop set herself.,2024-10-11
269,245,177,2,Worry peace of officer author.,2025-08-13
270,575,19,2,Night however stay beat. Blue through still off conference national specific kitchen.,2025-09-10
271,391,173,3,Visit pay store young edge. When surface expect direction.,2026-04-08
272,471,148,1,Couple goal organization color. Bank sometimes there consumer up election.,2026-04-08
273,551,127,2,Behind next authority kid poor.,2026-09-01
274,161,146,3,Talk will available again bed reflect rather so.,2025-04-09
275,523,169,2,Institution music thank environment save. Measure that strategy argue.,2026-06-21
276,286,156,4,Crime piece newspaper front.,2024-10-21
277,367,40,3,From minute again pick charge news.,2026-05-02
278,350,136,3,Fall arrive each seven wall western window door. Commercial customer decision vote.,2024-11-03
279,371,165,5,Affect source skill detail building.,2025-06-07
280,867,160,3,Choose often ahead rate since while himself.,2025-09-13
281,62,10,3,Commercial word people worry. Market record sea.,2025-08-01
282,881,153,4,Along this prove education.,2026-03-13
283,880,3,2,Data front second from thus. When project card can pick continue assume.,2026-07-28
284,936,154,2,Attorney natural whether even star play. Father fine approach professor send than nor.,2025-08-11
285,393,162,2,Teacher world better explain yard.,2024-12-01
286,387,67,1,West fish rule management place end decide.,2026-06-15
287,209,6,2,Section language dark animal happen become.,2025-07-28
288,926,65,1,Attorney change mother later seem. Six both parent security your coach direction issue.,2025-07-25
289,975,120,2,Past use special large knowledge.,2025-12-02
290,301,93,2,Such major second pattern meet marriage.,2025-08-03
291,265,26,1,Relationship back above time painting then explain. Recognize each indeed without five.,2025-08-15
292,989,132,3,Bar back if material however while arm.,2026-02-08
293,116,114,1,Factor here to thought short no. Place trip research political mean.,2026-03-10
294,916,66,4,Maintain professor ask western section house several.,2025-08-10
295,577,184,3,Center seem hit recognize her. City quickly in off answer carry.,2025-10-20
296,541,194,3,Improve without town news daughter unit tell.,2026-01-24
297,323,132,3,His doctor science share with difficult now. Become development deal never just.,2025-08-02
298,555,93,3,Everything compare assume strategy.,2025-01-13
299,364,25,2,Spring project I area energy position understand. Discussion push we could argue single into low.,2024-10-21
300,831,123,2,Sing include nation read keep threat.,2026-07-29
301,340,146,5,Finally on voice foot job.,2026-07-02
302,250,125,1,Often product sit understand home.,2026-03-05
303,660,170,3,Store dream whether environment agent ground. Thousand fire throw above consider in.,2025-11-09
304,812,132,3,Late end conference.,2024-12-07
305,514,171,1,Difficult practice future dinner conference. Whose season stand property idea room according he.,2025-10-10
306,30,44,4,Standard fact establish fall range. Reflect business live through.,2026-04-14
307,695,192,3,Pull evening draw. Too area mention daughter person.,2026-01-20
308,457,81,1,After evidence interest stock adult surface.,2025-06-08
309,695,102,2,Vote bar authority.,2025-05-31
310,112,194,1,Reflect take partner. Imagine benefit image measure opportunity environmental.,2024-11-26
311,764,14,5,Player economic by answer decide more relate ground. National clear us although say describe agency.,2025-10-11
312,371,147,4,Major situation remember list prove add. Society image attack avoid media eight together.,2025-10-24
313,111,112,2,Human entire less each manage yet. Society security tonight tonight relate bed.,2024-11-17
314,96,15,3,Officer doctor true church issue. Eight couple reveal.,2026-02-10
315,271,136,5,Price bag everything impact about. Some fight range different base.,2026-05-29
316,978,55,1,Spring crime start standard commercial join mission. Most mouth behind level.,2026-05-19
317,135,113,5,Country really state camera scientist start attorney.,2026-01-27
318,873,25,3,Bag role west week treat data.,2025-08-26
319,931,175,2,Author assume concern suggest similar.,2024-10-30
320,454,115,4,Attack decision produce feeling establish himself first. Near born may city claim argue.,2025-08-04
321,433,195,3,Democratic official share wrong bring peace thus.,2025-02-26
322,524,150,3,Star water administration force street response. Last majority because professional senior two resource ball.,2025-10-23
323,340,5,4,Community he budget account sit green product.,2025-07-20
324,526,193,5,Professional put here necessary. Work policy rest too.,2024-12-21
325,343,56,2,Argue series visit culture thus international get sport. Score sister above north exist contain.,2026-04-12
326,58,88,5,Create politics those oil. Central American perform score standard.,2026-06-16
327,362,48,5,For power anyone democratic. Three beat Republican create.,2025-10-03
328,713,136,5,Ago common interview nation.,2025-03-04
329,214,62,5,There up theory drug mention. Plant them meeting.,2025-01-13
330,260,54,2,Rest body girl customer model stand before military.,2026-08-30
331,285,96,5,Possible bad ball task minute color media find.,2025-05-29
332,865,137,4,Happen benefit national teacher fine article. Itself participant camera relate close begin president.,2024-09-08
333,183,169,3,Main take both guy plan tonight training. Memory hospital agree.,2024-12-13
334,290,147,4,Decade gun part wonder toward. Thus positive small his now.,2024-12-16
335,222,136,5,Very factor big to. Lawyer Democrat resource actually reason lawyer season.,2026-08-27
336,379,158,2,Lawyer charge case media account loss training.,2025-09-06
337,942,110,5,Short lose show option. Reach foot news per.,2025-04-29
338,48,17,1,Majority alone staff meet small and. Generation type win pay sport most special.,2024-12-11
339,478,131,2,Way range husband much time test. Culture find poor require relationship.,2025-11-29
340,457,23,2,Skill early southern everybody report throughout. Guess woman population.,2025-03-12
341,319,26,2,Space economy remain cold chance accept.,2026-07-16
342,800,152,1,Once cultural they likely. Position investment green truth.,2025-06-14
343,850,69,3,Bill floor good bad but.,2026-03-24
344,965,173,1,Responsibility himself effort dream. Paper economic yes purpose.,2025-01-02
345,806,166,2,Stuff record another end assume just.,2025-04-14
346,471,53,4,Western hot throughout partner listen.,2025-05-10
347,41,121,5,Who under soldier never company series more.,2025-08-13
348,386,140,1,House range professor early final. More guy half watch audience Republican network.,2025-01-10
349,632,171,2,Present magazine those those future note.,2026-04-05
350,244,26,1,Bar ball walk.,2024-10-08
351,234,182,2,Appear sign some look partner.,2025-06-19
352,464,164,1,System cold that reflect effect study environmental seek.,2024-11-13
353,32,170,3,Adult tell enter half.,2025-12-20
354,991,28,5,Base certain generation able.,2024-10-18
355,377,72,3,Well kind travel parent fight ahead. Program almost very government always per.,2025-08-24
356,457,66,3,Growth never entire before watch. Choose history choice attention western out full.,2025-08-19
357,121,76,3,Pay beautiful card now various pretty. Away together let toward close meeting.,2025-01-06
358,326,19,1,Establish husband begin including wonder by.,2025-06-03
359,979,48,4,Actually man time large record. Owner for someone.,2026-08-05
360,287,19,5,Including language place general share.,2026-08-27
361,601,160,3,Than question know want scene learn remember.,2026-04-29
362,121,154,2,Address stand best box such.,2025-11-06
363,37,1,2,Deal area into help consider. Lot same environmental account firm center.,2025-02-23
364,181,124,5,Nation middle last necessary rather certain local. Newspaper town pay draw good camera.,2026-05-30
365,907,162,1,Question task TV particular.,2025-08-04
366,923,174,4,Own business subject movie.,2026-02-13
367,580,40,3,Seat successful set glass.,2026-07-14
368,792,65,2,If candidate even customer loss. Item pass performance.,2024-09-11
369,724,127,4,Behavior note civil system citizen media yeah. Claim consider black improve.,2026-03-18
370,539,172,3,Produce political whom him.,2025-09-25
371,831,59,5,Carry book throughout likely student.,2025-06-11
372,498,12,5,Major him base international determine.,2025-06-10
373,588,196,1,News large century evening couple. Particularly wind agency glass idea civil study.,2026-08-25
374,89,70,2,According wait blue entire around reach five. Teach point body into personal rate.,2026-06-26
375,4,27,4,House walk blue future agree draw.,2024-09-26
376,132,125,1,Doctor action word account. Music no pick who newspaper.,2025-04-25
377,122,157,4,Outside computer hope lay beautiful should would music.,2026-04-04
378,840,59,2,Amount local surface each listen music. Body sometimes brother it seven.,2024-10-29
379,673,161,4,Cup street chair yard century room. National born after chair magazine eat.,2025-07-18
380,958,40,4,Travel need mother decision way successful hard.,2025-11-15
381,996,159,2,Little tonight section enjoy idea risk.,2025-02-17
382,38,31,2,Every will energy growth pattern.,2026-04-03
383,197,159,1,Wonder however effort. Page benefit can spend.,2025-09-05
384,345,154,5,Attention black hear partner mouth certainly. Sit fine treat floor here court address.,2025-06-29
385,481,153,2,Too vote score politics yard pay better. Possible himself response nation both though.,2025-12-11
386,397,174,2,Establish place blood prove next. Conference leg either network great itself.,2025-03-15
387,906,57,5,Professional board outside or town relate chance.,2024-11-17
388,520,171,2,Staff likely their kitchen. Fly with approach into where present.,2026-05-04
389,219,48,5,Gun cell sometimes suddenly wrong financial majority.,2026-03-04
390,750,11,4,Police nor church together. Foot group century store.,2026-07-06
391,365,131,4,Fly cold capital then offer watch. Campaign least number girl.,2024-09-05
392,91,75,2,Worry half avoid some right add often. Part international account avoid affect remain.,2025-12-23
393,889,200,3,Seat among apply make apply huge lot. Start gas require cultural agent.,2025-01-16
394,297,12,5,Approach forget agent control table goal land. Place no keep mention road.,2025-06-04
395,433,185,1,However room so data mention manager rate training.,2025-02-25
396,263,82,5,Short street still economic. Happen picture second generation similar run.,2026-02-05
397,281,91,1,Direction heavy boy official.,2026-04-01
398,601,178,1,Produce huge up kind window student.,2025-10-30
399,333,72,2,Tough mission body organization pull trade police.,2025-07-04
400,704,107,3,Treat study use full several including.,2025-01-19
401,529,121,4,Simply carry he. First hard in TV produce.,2026-02-25
402,951,82,4,Ever right experience. Poor far again choice.,2024-11-07
403,597,9,4,Fear city almost walk green together prove ask.,2025-07-12
404,124,185,1,Former same letter.,2024-12-19
405,724,25,2,Better environmental focus building.,2025-12-05
406,808,53,5,Model say short.,2025-05-28
407,927,169,4,Bill thousand become make. Reality quality firm every impact million reduce.,2025-11-14
408,522,48,3,Eat start radio Mr. Current mother research imagine doctor others.,2026-01-21
409,297,132,1,Arrive hundred success scene push before. Inside current pay face.,2025-08-26
410,259,159,5,Central source girl answer stay.,2025-05-12
411,443,190,3,Cell most much management according action issue. Price outside window rise Congress.,2026-01-01
412,249,64,4,Benefit investment occur media collection old leave. Edge blood stock more measure.,2025-05-07
413,254,169,5,Order husband season.,2024-09-12
414,589,104,1,Compare whose data phone my little.,2025-09-23
415,554,149,1,Everyone to ball spring film staff trip personal.,2024-09-02
416,549,148,3,Member may only American role account yourself finish. Necessary relationship partner report visit participant idea hospital.,2026-05-02
417,661,96,5,Body number and set effort.,2025-11-26
418,750,147,5,Respond sister notice chair for phone.,2026-01-22
419,494,199,2,Send surface care policy suffer since perform.,2026-03-30
420,80,145,5,Wonder forward voice several especially. Improve do study always teach somebody.,2026-04-24
421,506,78,2,Affect news science change worker.,2026-03-14
422,13,173,5,Task accept crime use guess pull past. Role church along that cause her ever.,2025-07-27
423,909,124,2,Dream such decide share hand.,2026-04-16
424,510,184,1,Have over wonder I visit. Group right international movie American reality eat.,2024-12-28
425,341,80,3,Pick media security law performance learn hand.,2024-10-27
426,365,189,1,Instead foot until white main. Meeting relate case believe.,2026-03-28
427,882,18,4,Part happy street also spring.,2025-04-08
428,567,96,2,Fill town dinner give whole check. Nation there many north everybody body.,2024-12-19
429,264,161,4,Wrong lawyer six environmental tax establish. Baby inside base guy rest finish send.,2026-03-03
430,98,73,4,They animal base space. Front threat a sound common present.,2026-02-20
431,95,84,1,Clearly support stay much. Away now center power building maybe simple group.,2025-03-19
432,944,155,2,Recognize source cut any popular though. Laugh blood white bit rise plan.,2024-11-01
433,674,1,2,Among decision ask training official art who speech. Continue fear above treatment set.,2025-10-19
434,606,148,1,Citizen southern everybody year specific kitchen check. Teach police out station past voice.,2024-12-26
435,437,98,5,Teach study study. Dinner show south argue free major above.,2024-10-04
436,543,197,2,Free recently wonder six with too. Education either wind rich opportunity.,2025-11-13
437,730,111,3,Fear wind figure open.,2025-05-12
438,611,48,5,Old first fall pull. Necessary theory four air executive.,2026-03-06
439,749,45,3,Identify artist attack old. Wife thing wall approach.,2025-01-02
440,699,74,2,Deal ahead which care after life play.,2025-03-08
441,433,141,5,State respond also property develop degree area. Look store story sell onto term might.,2025-12-27
442,596,188,5,Population but oil take actually. Bring remember candidate look give cost.,2025-11-15
443,485,46,5,Treat watch reach action everything night full.,2026-05-31
444,672,80,5,Property small join under state than tell oil. Before practice change education news.,2024-11-14
445,132,102,2,Case deep these future partner change.,2024-11-06
446,709,92,2,Plant though point reason. Case personal consider peace always knowledge.,2026-01-21
447,911,35,4,Phone trial economic court author poor feeling.,2026-03-06
448,569,75,3,Others of forward response well position. Upon change song out next fish heavy.,2026-04-20
449,198,146,4,Approach series be discussion. Feeling listen assume floor buy report again.,2026-06-22
450,834,88,5,Effect special now behavior rule family machine. Poor world responsibility yes.,2026-06-03
451,734,178,1,Even base business owner. Mouth management else language idea foot.,2026-03-25
452,710,124,3,Raise citizen especially down sure strong choice. Pm above environmental if personal middle tax.,2024-12-30
453,671,199,1,Of list prevent save. Travel development itself quickly increase.,2025-07-06
454,957,101,1,Democrat catch else easy common herself.,2024-09-09
455,20,56,5,Later travel official challenge another approach. Consumer but simple thought street once next.,2026-08-06
456,648,185,2,War remain five. If whether matter decide happy data card experience.,2026-06-20
457,413,73,5,Government authority grow fire position suddenly air. Crime customer begin another.,2026-05-02
458,619,71,1,Finish quality themselves year follow city. Price magazine visit foreign strategy throw.,2026-07-16
459,232,35,1,During similar baby reality land learn with south. Walk eight back.,2024-11-27
460,541,31,4,Day save other exist return page. Decision score listen court.,2026-04-30
461,871,97,3,Process affect maintain discover.,2024-12-16
462,990,85,1,Culture recently power fly. Keep thus among student official especially.,2025-08-13
463,342,123,2,Hundred fear realize happy example why our positive. Some whole produce me.,2025-02-08
464,406,45,2,Budget form bed better case.,2026-02-21
465,588,3,2,Leader lawyer according catch eight college would. Debate join million way Congress.,2025-08-28
466,431,59,2,Want trouble culture hundred. Race soon generation side.,2026-05-03
467,710,80,4,Plant too talk speak sport.,2026-06-26
468,319,42,1,Such strong candidate attorney answer themselves behavior. Four common cost throughout discuss.,2025-07-30
469,487,106,1,Provide live goal fund management knowledge.,2025-04-05
470,481,72,5,Pick standard be group figure. Find performance admit responsibility thing.,2025-10-28
471,695,195,4,Play interview open wife big listen western within. Himself like kind be wait black Democrat.,2026-03-03
472,612,83,4,Century card soldier so language. Eight much think spend student.,2026-05-31
473,285,164,3,Avoid machine four exist. Share lawyer data open against amount.,2024-10-31
474,217,11,5,Cut issue know fire brother tend north here. Model from wear group table medical character.,2026-01-15
475,762,136,5,Clear describe plant civil.,2025-05-12
476,985,31,4,Like organization debate treatment able. So federal over skin.,2026-03-04
477,968,56,1,Democrat old note third simple half.,2026-03-15
478,992,173,3,Defense attack least realize.,2025-06-03
479,316,187,1,Hour white with expert she visit.,2026-03-02
480,165,1,3,He allow policy tend impact Mr participant.,2025-05-12
481,20,125,1,Game wife keep. Him support hope choice seem.,2025-10-17
482,370,145,1,Forget generation high cause piece. Part step available budget.,2025-04-11
483,189,49,2,May spend system must other.,2025-01-04
484,791,108,3,Low account management ago.,2024-10-06
485,736,151,3,Sit probably push memory require. Usually conference become history guy eight almost building.,2026-01-01
486,719,10,5,Early evening customer citizen with be more. Night at speak action race ability many.,2024-12-18
487,112,74,5,Site find financial prevent.,2024-10-15
488,207,73,1,Already change test friend physical first front. Cultural evening would.,2025-08-02
489,273,48,5,Win cold some wait plan important suddenly.,2025-07-31
490,595,47,3,Stage market half bill answer poor production.,2025-06-24
491,705,119,3,Price drug from. Over herself hope agree exactly body tend window.,2026-02-06
492,958,115,5,Teach middle left than put.,2025-12-14
493,37,49,1,Per determine child past large my participant pick. View machine cultural pattern beat likely letter.,2026-04-25
494,41,60,1,Guess debate hotel meeting bit man never security. Respond behind why employee choice.,2026-04-16
495,680,124,4,Memory city make around thing.,2026-05-08
496,262,138,3,Generation charge home once.,2025-06-24
497,781,132,2,Leader computer traditional anyone country in.,2026-05-29
498,783,86,4,Which color daughter chance music. Director close debate across charge water film.,2025-10-06
499,652,28,3,Care change kind table my attention.,2025-07-20
500,757,19,5,Learn kitchen your treatment join. Class rather when tell determine performance television.,2026-08-09
501,346,142,5,We machine agency experience. Deal figure loss wind which provide threat.,2026-02-11
502,845,36,1,Game tough floor factor least where.,2025-10-19
503,648,125,5,Beat bank before few quite east. Sea change sometimes result protect bag offer.,2025-09-12
504,57,158,4,Share agreement lose save black example mouth body. Kid about another remember technology.,2026-01-06
505,838,69,3,Fear middle nothing century reach democratic. Board and world during perform.,2025-04-13
506,752,175,1,Bag for generation others feeling.,2026-01-10
507,165,192,4,Speak western off might yes.,2025-08-03
508,467,14,2,Eye sound economy organization good believe draw. Answer day effort opportunity fall try chair.,2025-11-25
509,605,122,4,Talk reach week group start local billion. Happen forget less four.,2026-05-10
510,938,14,1,Where question agent nice.,2025-07-25
511,180,136,1,Ground scene even only east find stage. Forward operation police growth total add leg.,2026-02-17
512,359,13,4,Light amount house north challenge here. Recent hospital set kitchen film physical.,2026-08-17
513,927,42,2,Free crime still behavior.,2026-05-28
514,305,60,1,Majority painting whatever happen. Federal church scene director.,2026-04-25
515,394,76,5,First detail job son size create I common. Upon keep process subject try.,2025-10-18
516,572,162,1,Citizen economy job professor seek couple. Tell what level stage carry scene own heart.,2026-05-25
517,99,20,5,Religious answer free smile computer grow very standard.,2025-11-08
518,738,25,1,Eat both first matter smile.,2025-08-08
519,525,96,2,Occur ever democratic economic several three. Doctor fact fear war be reduce enough sort.,2025-06-06
520,947,177,1,Mr manager hard eye seat radio. Parent or dog we dinner evidence.,2026-03-17
521,933,49,4,Government guy lot collection.,2025-11-20
522,823,113,3,Seven use tend. Poor hot recent information especially concern.,2025-07-05
523,624,151,1,Service situation change first interest attack.,2025-04-09
524,496,51,3,Skill prevent he military listen region.,2025-02-04
525,517,141,3,Laugh job responsibility. Final energy military cell later field response.,2026-06-10
526,154,158,5,Mouth world what up. Country be character play law fall.,2024-10-07
527,80,188,3,Nice professor explain south space agree get.,2025-12-19
528,723,22,3,Account sure record arm.,2025-08-22
529,779,141,2,Buy every dinner thing give edge. Specific down sound great high church.,2026-06-18
530,278,67,5,Month soldier citizen out nice change.,2025-03-04
531,69,148,2,Almost ready court first page authority. Thus analysis or contain show letter.,2025-03-21
532,161,129,1,Ask scene let threat money this energy. Where avoid receive example two similar.,2025-11-27
533,771,7,4,Foot wish cultural yourself into entire see. Explain body behavior those defense.,2026-05-05
534,352,38,1,Often break fish clear bring choice deep various.,2025-02-18
535,695,150,5,Pick study single. For job great front article.,2026-01-28
536,501,32,4,Truth matter cost year age. Job tell sell American.,2025-02-08
537,90,175,5,Animal amount five bag.,2025-01-12
538,645,87,3,Tough effect most husband compare ok. Add always anyone network.,2025-04-21
539,347,105,2,Civil now beautiful federal against.,2026-08-15
540,965,129,4,Realize thank only may rest. Mr campaign do off bank situation wife sport.,2026-08-03
541,872,98,1,Purpose because mother major the.,2025-12-08
542,807,184,5,Space dream avoid often he offer.,2026-06-20
543,752,112,2,Public support of relate computer. Prove responsibility charge stock market ball company.,2025-12-18
544,523,132,2,Can maintain spend worry occur. Summer front and claim challenge stand too admit.,2025-01-15
545,415,49,2,Effort high sport fly game consumer.,2024-09-25
546,814,90,3,Share week hot consumer money deal. Statement series international financial eye.,2024-12-22
547,872,143,4,Man week would I professional thought. Tax imagine those mind could rule statement senior.,2024-11-02
548,474,140,3,Check choice debate bar. Mention seek this late.,2026-06-05
549,821,14,5,Air full work must.,2025-09-16
550,104,11,2,School poor senior bar hotel. Box concern whom challenge source how.,2026-04-29
551,476,57,4,Admit spring cell stage.,2025-05-20
552,597,44,3,Make interesting responsibility owner certainly determine. Boy case rest.,2025-07-09
553,130,137,2,Include example sure discussion write appear.,2026-06-01
554,701,33,2,Listen environment and stop beat know.,2024-10-25
555,212,165,5,Owner thought act hotel. Miss within better police know long.,2026-02-13
556,76,132,5,Let arrive example plan probably as.,2025-06-20
557,842,139,5,Compare record case speech sort give product star. Since watch bring beautiful brother Mr.,2026-04-25
558,39,138,3,Program those truth eight all might order. Blood enjoy hold from.,2025-04-26
559,970,138,2,Cover collection rather fall local.,2026-04-15
560,897,71,1,Future wife home.,2025-07-22
561,903,188,4,To same worry training try city bag. Rise than participant hair forward tonight.,2025-12-16
562,577,182,4,Them magazine answer half range green account position.,2025-01-13
563,611,51,3,Important machine arm rise Democrat stuff stay.,2026-03-14
564,519,158,1,Poor line compare drop toward still specific executive.,2026-01-09
565,691,62,2,Nice buy me light education.,2025-09-16
566,131,67,1,Message top throughout once night various letter father. Economy for speak realize remember.,2025-10-24
567,751,111,4,Lawyer interest nearly understand. Through issue property action notice.,2025-12-26
568,978,61,3,Cultural sport news southern window.,2024-12-13
569,316,103,2,Floor far purpose option across.,2025-10-31
570,942,153,5,Blue case everyone enter idea reveal central. Fine region develop value give.,2024-12-21
571,794,123,1,Family central true study how tend. Father society say no.,2024-10-24
572,500,45,5,Dark now point home cut bit foreign. Physical we foreign concern tend important attention.,2024-09-12
573,666,69,4,Teacher though explain including hit kid anything.,2025-04-02
574,924,67,5,Office he key food never red court.,2026-08-12
575,317,200,4,Onto note ability their challenge officer design.,2026-05-26
576,709,43,5,According box treatment feel those economic.,2026-02-21
577,700,74,4,Four thank agency sound seat deep fine professional.,2026-01-08
578,78,9,1,Shake shoulder add push picture reveal.,2025-11-20
579,438,103,2,Key behavior country series baby early room usually. Market enough how quickly ask.,2026-04-28
580,264,171,5,Well over practice just full information upon above.,2025-04-09
581,239,171,3,Thank season ability call three. Appear someone probably.,2026-05-21
582,185,131,1,Budget truth box some body quickly improve house. Beat reason catch green common.,2025-05-26
583,99,185,2,Now pattern protect candidate care easy behind including. Including alone democratic here.,2024-12-16
584,354,117,3,Message response prevent middle enjoy stage.,2026-02-19
585,700,130,3,Difference begin bank not move happy. Eye radio talk either near PM.,2025-10-07
586,326,44,2,Court positive above wide man soldier article.,2026-08-08
587,433,105,4,Particularly student close even attention memory. Year season guess must will.,2025-05-21
588,392,117,4,Perhaps statement specific issue determine spring maintain.,2024-10-23
589,354,91,5,Each hope never property here meeting next.,2024-09-16
590,360,7,4,Edge within yet though throw. Foreign business when front clear wear.,2025-05-19
591,564,92,2,Young have business common appear sense tonight. Development good air senior contain western seven.,2025-06-10
592,580,3,2,Represent inside or son professional yeah song. Free plan table however energy it magazine.,2026-01-31
593,227,174,1,Southern couple speech three relate too.,2025-09-08
594,877,6,1,Create part realize official far safe local sell. Central word company wait sense.,2026-08-11
595,215,61,4,Despite item over own might standard.,2025-08-09
596,761,155,4,Eye money skin sing walk surface answer meet. Majority series together throw.,2026-08-10
597,980,133,1,Product among traditional least meeting call. Heavy detail effect guess open nature late.,2025-12-23
598,409,122,4,Energy throw good must increase they conference. Such people color leg significant alone.,2025-12-03
599,608,125,2,Direction help pressure main prevent. Choice attack mind manager finally boy.,2025-05-05
600,304,15,4,Sometimes determine degree apply everything defense. Become expert relationship let during.,2025-11-30
601,240,176,1,Cover guess hour however task whether politics.,2025-10-24
602,8,18,5,Crime hour would explain huge effort center.,2025-10-12
603,57,6,2,Prove door those animal. Growth against the fear.,2025-04-12
604,478,64,1,Center recognize these. Be charge create say group.,2025-01-15
605,779,170,5,Step likely southern life western.,2026-03-18
606,91,63,5,Day whole election car expect manager might.,2026-06-17
607,352,137,1,Recent ability sometimes carry along seat drop.,2026-06-20
608,186,191,2,Adult happy firm child.,2026-07-29
609,451,75,4,Under interesting leave politics be. Foreign consumer president child risk east.,2025-07-17
610,582,70,4,Media certainly issue church campaign there instead. Industry democratic and.,2025-08-07
611,390,75,4,Laugh whom various center. Suffer officer garden approach.,2025-04-24
612,726,181,4,Industry future part. Score charge assume forward magazine.,2025-08-19
613,720,62,1,Start show join two direction now trouble.,2025-03-06
614,749,12,1,Scene art call wear area response hit. Add now finally soldier against old.,2026-03-09
615,291,96,3,Town hour because.,2025-04-04
616,23,101,4,Everybody case shake color lay.,2024-11-05
617,690,44,1,Huge medical work but sometimes. Choice husband ok probably official stay.,2026-06-07
618,450,11,4,Across war claim collection chair blue.,2025-10-05
619,197,149,2,Head either myself shake.,2026-03-14
620,519,133,2,In allow customer provide ask life.,2026-05-22
621,625,180,5,Message hotel group career shoulder may yeah. Effort really woman increase attack real.,2025-11-17
622,542,140,4,Tree green try language part station. Tell thus still card.,2024-10-12
623,781,103,2,Wish occur south upon large.,2026-01-25
624,723,36,1,Task production factor protect.,2024-10-16
625,187,30,4,Defense begin large remember modern.,2025-05-18
626,547,108,3,Offer even pay same individual just sing.,2025-12-02
627,199,91,5,Hot speech view cut. Two little discover number.,2026-04-12
628,744,97,1,Off base also why measure east.,2024-10-06
629,873,130,5,Weight music board.,2025-01-14
630,88,150,2,During certain often Congress science national.,2025-12-10
631,941,70,4,Source prepare build. Pm rate inside main.,2025-06-04
632,113,116,4,Yard center over should. Amount over forget themselves feeling data.,2026-02-02
633,103,93,2,Her water threat kind too his.,2026-03-23
634,382,151,3,Traditional sit tough arm sport back. Impact even increase interest song expect draw explain.,2025-09-04
635,41,183,1,School garden affect former hospital. Stock identify mention find rich.,2025-12-16
636,786,132,5,Everyone another firm move loss. Among state investment night nice we action.,2025-10-24
637,191,144,2,Item fund discover each. Process firm show try.,2025-11-22
638,48,36,3,Region parent message our his beat remember then. Statement management possible seven marriage the budget.,2025-07-18
639,871,101,2,Executive as side job.,2025-02-17
640,300,27,5,Expect song leave relate. Table kind them event start.,2025-05-04
641,913,77,5,Around economy investment actually term though.,2024-12-20
642,65,172,2,Final find may better product fish suggest.,2025-08-30
643,233,69,3,Owner measure piece eat others music.,2024-10-03
644,620,128,4,Remember beyond forward bring. More product most suggest even soldier.,2024-09-03
645,17,191,5,New paper sort past son treat finally. Act prove stock so.,2026-01-09
646,346,54,4,People before street soon create. Red pick particular anyone.,2024-12-23
647,128,56,3,Take foot learn season under they development.,2025-10-06
648,841,12,3,Worry writer defense who about simply black. Turn would today.,2026-04-18
649,422,59,2,Find walk simply remain challenge save. Teach land floor personal surface us.,2026-06-28
650,914,22,2,Attorney respond light reality dog.,2026-04-15
651,510,17,4,Cultural civil process moment even available.,2025-02-20
652,4,172,5,Half kitchen particularly item order appear until.,2025-10-05
653,872,191,5,Whether center sport talk.,2025-02-19
654,552,3,4,Color sense over experience catch.,2024-12-31
655,914,168,3,Operation card director family true situation.,2025-09-10
656,689,96,1,Either arm data down security take.,2026-03-14
657,144,166,3,Coach tree item. Yet local allow.,2026-07-02
658,456,154,3,Believe color certain event.,2024-09-17
659,207,52,3,Part catch pretty southern political night professional. Onto quickly every direction than.,2025-12-31
660,342,99,5,Yet rich account perhaps. Company claim sound special half cause amount oil.,2026-02-28
661,569,85,2,Go see former finish.,2025-06-27
662,16,152,1,Work common might various quite.,2026-08-05
663,853,150,3,Effect already space billion student apply. Choice pretty or current either.,2025-01-15
664,448,116,2,Job true wind organization physical. Leave use other entire unit give medical accept.,2024-10-19
665,766,174,2,Own sort often hour your simply. Evidence strategy improve he.,2025-08-10
666,685,170,5,Quickly now city others throughout offer. Early maybe growth.,2025-11-17
667,88,182,5,Player summer common set check. Clearly soon capital appear young here five.,2025-05-03
668,237,57,3,Her right mention will pass human imagine. Southern soldier drop bill.,2025-11-03
669,690,134,2,Social father guy.,2026-07-04
670,788,107,1,Shoulder under democratic protect.,2025-11-23
671,285,20,2,Source particular machine result believe almost.,2025-12-31
672,205,136,1,Focus glass training home foot themselves particularly. House picture popular deal quality commercial boy.,2026-03-14
673,415,39,2,Body situation their option figure wish. Usually assume south natural song share beat.,2025-12-09
674,273,134,2,Truth development might then high more.,2025-04-24
675,50,74,1,Tonight team remain kitchen than cup.,2025-05-27
676,335,39,3,Support relationship than instead require pressure.,2025-06-15
677,454,171,1,Really seem manage under loss. Method he use.,2025-05-26
678,903,5,2,Lot ask follow couple.,2025-07-08
679,38,185,4,Year movement push technology must.,2024-12-05
680,337,158,2,Front accept reality property. Note after relate program.,2026-06-13
681,71,185,5,Bank our civil science thing effort home its.,2026-07-04
682,923,103,1,Deal value have base agency.,2024-10-21
683,13,148,1,Worker view brother weight agree however. After share sure American look.,2024-12-11
684,576,50,1,Attention politics front question.,2026-02-16
685,271,122,1,Attack away I leave reason. Shake to region world.,2026-04-30
686,30,76,4,Board though television itself station like. Start hand fall adult.,2026-04-14
687,367,117,2,Prove continue discussion meet. Trip parent capital crime hit.,2025-05-18
688,111,97,3,Quickly forget hot eat large remember knowledge rich.,2025-08-21
689,190,176,2,Style describe poor social college in.,2025-10-08
690,255,22,5,Can page hope far can item.,2025-09-26
691,688,148,1,Material easy try reach. Meet tough task type.,2026-03-25
692,452,102,4,Between large especially rule mother sense fish.,2026-01-26
693,730,62,1,Former clear yourself evening Mrs tell energy. Evidence seem society stock trip tonight relate.,2024-10-05
694,353,153,2,Current event past.,2026-07-29
695,195,34,5,Modern sort with hot glass realize.,2025-09-10
696,130,37,1,Last too hotel behavior by.,2025-11-14
697,751,157,5,Amount television with show body.,2025-02-13
698,304,187,1,Race kitchen yeah.,2026-02-01
699,189,101,4,Friend others production one military be cup. Recent determine crime relationship lose would.,2025-05-15
700,88,124,2,Join push understand.,2025-07-15
701,188,3,5,Approach report region walk industry cup. Grow space mission west surface scene.,2024-12-31
702,280,135,1,Group late little beautiful series who.,2025-02-21
703,478,63,2,Friend daughter inside time.,2025-07-30
704,384,164,1,Herself perhaps field responsibility structure set. Loss line successful close since tough guess.,2026-03-15
705,407,127,1,Involve physical service training without.,2025-01-15
706,599,69,4,Down century various local whatever yourself card.,2026-07-17
707,422,17,2,Last beyond outside recognize even decade.,2024-11-11
708,511,117,3,Popular detail deal send claim at bar. Seem road something these while.,2026-04-02
709,246,11,3,Thus focus million Democrat. Consider produce store only result partner.,2026-08-28
710,656,182,5,Chair money responsibility she reflect. Provide structure eye.,2025-03-11
711,546,110,3,May front none accept.,2025-03-03
712,918,8,3,Outside bar each you production whole can.,2024-10-01
713,788,89,5,Effect board board someone.,2024-11-04
714,342,118,4,Story pressure as most major speak. Per step trade color southern.,2024-10-22
715,660,136,1,Until someone those degree wish paper eight attorney.,2024-12-30
716,389,165,2,Item certainly happy window my.,2025-03-09
717,278,163,4,Type later trade control. Third fact friend suffer age apply.,2026-08-23
718,320,35,4,Husband where mind think three challenge industry knowledge. Under student certain drive expert attack different.,2024-11-25
719,222,101,2,Yet hand see ten cut down.,2025-08-12
720,57,194,1,Result son forget far. Responsibility cell most event.,2026-07-22
721,698,92,4,What since certainly offer.,2025-01-28
722,554,194,4,Financial west particular fall need audience eye where.,2026-05-17
723,592,50,4,Week matter fight him church picture.,2025-06-27
724,957,175,2,Film like not happy never.,2026-03-10
725,400,98,5,Kitchen far across. Technology already discover evidence local international.,2026-04-27
726,282,159,2,Mouth simply send three. Data development want cut professional outside.,2025-10-14
727,694,163,4,Successful board beat democratic apply. Too commercial tax list.,2026-01-06
728,594,50,3,Summer money bill. Beat blood during let.,2026-02-25
729,798,152,4,Technology natural great. Onto least turn success example form recognize.,2025-02-11
730,529,79,1,Cell each know agreement about all base.,2026-08-31
731,526,182,3,Station top check them send firm hospital news.,2026-01-04
732,495,160,4,On stuff speak look me employee investment short. Financial like Democrat produce increase understand.,2025-02-24
733,652,137,1,Only with four use help.,2024-09-14
734,884,75,5,Tree able look.,2025-04-25
735,516,52,3,Environment generation on identify kid.,2025-01-17
736,64,2,5,Able heart commercial show tell war yeah. Can push address first lot.,2025-01-23
737,917,155,2,Everybody piece lose situation national enough marriage.,2025-01-27
738,887,186,2,Nation ago carry then.,2025-03-15
739,344,24,5,Heart enough environmental analysis media education effort.,2026-01-14
740,536,176,4,Southern term little.,2026-04-08
741,986,52,5,Everyone throughout fine yes level last difference. Chance fear together every style economic.,2024-12-16
742,585,16,5,Half school hit thank tend cause.,2026-06-07
743,956,140,2,If know traditional relationship hundred side subject. Country glass continue assume line.,2024-11-09
744,814,60,5,Factor age it most civil behind window time.,2025-12-06
745,76,96,1,Window writer thus nothing per star offer.,2026-04-06
746,211,3,1,Four event evening give.,2024-10-13
747,42,164,3,Alone life still free increase. Just international light great at.,2026-06-19
748,942,127,2,Event involve main center deal behind. Those leave most impact understand break before side.,2025-07-03
749,600,101,1,Likely most remain else find in.,2025-04-18
750,199,57,1,Call into control.,2025-04-26
751,734,65,5,Not particularly pattern save share. Society one yourself see thing.,2025-06-07
752,935,58,2,Same magazine fact class economy. Glass guy many.,2024-09-21
753,258,188,5,Job serious yourself station service since. Artist form short deep news where.,2025-03-25
754,572,21,3,Attorney political year environment. Choose play someone become rather.,2025-05-17
755,89,31,1,Partner discover doctor matter difficult management everybody. International analysis difference around across.,2026-08-08
756,317,149,3,Teach resource environmental hit scene increase.,2025-05-07
757,693,171,1,Gun staff seem customer.,2026-01-11
758,704,34,5,Throw country ok building behavior.,2026-05-07
759,738,78,1,Herself PM senior worker.,2026-08-15
760,816,160,2,Soon something mother character. Sea themselves check will produce western.,2026-06-06
761,339,13,4,Market water south tend board.,2025-08-04
762,811,163,4,Wait owner in minute.,2024-09-04
763,530,47,1,All however Republican central whose bill. Rich prevent find spring me subject issue.,2025-06-15
764,525,171,3,Example maintain view short stand executive. Trip herself cut wonder agree design morning.,2026-06-29
765,218,91,4,Outside growth north movement well article. Practice improve rich sell subject everything clearly election.,2025-12-03
766,94,74,4,Become identify cup table point small.,2025-02-12
767,327,128,2,Arrive after cold know hour affect laugh.,2025-07-04
768,553,50,4,Turn give piece try for there prove southern.,2026-04-18
769,279,178,4,Set although imagine action. Plan maybe analysis brother.,2026-04-01
770,747,2,2,International interest up specific look increase.,2024-11-03
771,669,162,4,Get herself investment world major.,2025-08-24
772,675,96,5,For some professional take. Consider half standard.,2025-01-22
773,410,159,5,Foreign against too into. Say able base baby add reason many.,2026-05-25
774,742,99,3,Voice official kitchen fast material.,2024-11-19
775,697,17,3,Such fact red service. South rule student line cost society.,2025-02-01
776,705,77,2,Glass market culture country why once consumer. Face responsibility pull up entire behavior explain stay.,2024-09-12
777,223,55,1,Nothing thought election.,2025-07-11
778,208,72,3,Book notice than blue try current stand.,2026-03-07
779,259,158,4,Republican five wonder small ten. Eye difficult bad almost customer reflect PM against.,2025-01-14
780,236,62,4,Blood behavior memory. Simply present ground local challenge.,2026-08-13
781,371,149,1,Later truth apply better significant candidate.,2024-10-03
782,790,186,4,Able different travel. Plan safe fly record.,2025-01-28
783,845,110,5,Successful term impact teacher study some those attack.,2026-03-31
784,507,41,4,Even public several career western so.,2025-09-23
785,902,180,3,Staff price true plan. Pull visit view modern sign hot.,2025-06-14
786,713,92,1,Computer during music how must scene huge.,2026-02-27
787,944,60,2,Reflect simple side sea.,2026-02-03
788,281,137,4,Discuss book claim among hot trip player. Make hope he total wife recognize receive.,2025-07-17
789,980,99,4,Section really create open west song today.,2024-09-08
790,220,58,1,Also body sister now when ever.,2025-11-28
791,187,95,4,Per use something we student number study few.,2026-06-04
792,335,133,2,Despite popular yet. Culture trial reflect draw office bed him.,2025-06-25
793,390,33,5,Dinner successful open kid.,2026-06-16
794,302,117,1,Become response television move read. People why prove exist here participant include successful.,2025-02-08
795,480,179,1,Language ask cup poor create though behavior tree.,2025-02-20
796,697,39,1,Table strong city during yard.,2025-10-10
797,389,3,1,Possible appear base economic talk require fire.,2025-03-07
798,89,20,2,Moment although approach history sometimes anyone machine similar.,2024-10-23
799,490,65,1,Create official down near.,2026-07-17
800,932,28,4,Play about so role according alone audience.,2025-10-18
801,249,190,1,Throughout time build seem enjoy raise different.,2024-09-12
802,573,192,4,Short everything big media set.,2026-06-26
803,427,135,5,Certainly table international land step. Property watch word memory.,2025-05-30
804,376,33,3,Maintain civil security piece safe attention certain. Owner year because specific region.,2025-07-11
805,743,32,1,Drop avoid home student believe.,2025-09-21
806,134,39,2,Consider build heavy technology thousand.,2025-03-21
807,232,13,5,Once white quite attorney little talk.,2025-06-16
808,855,192,4,Answer test crime.,2026-02-17
809,998,82,2,Trouble miss tough ten huge ground. Order that fact grow father.,2025-08-08
810,615,158,3,As kitchen close any her board.,2026-07-21
811,892,14,4,Develop score experience. Of off physical subject southern industry how.,2026-05-02
812,111,134,5,Certain its child crime play box available including. Officer allow left citizen model.,2026-08-15
813,852,10,4,Almost reach bring top along. Hair mean three task show.,2026-03-27
814,906,184,5,Our discussion girl assume environment history. Million be relate realize mind.,2026-05-24
815,204,66,1,From watch site campaign house action former. Kind forget we arm conference special friend.,2025-10-27
816,915,140,1,Must product kind.,2025-12-29
817,181,44,4,Age huge history company rest discover break.,2026-07-19
818,204,68,3,Stock letter drive here.,2025-01-10
819,327,188,1,Tell first several above.,2024-09-20
820,794,183,3,Tell almost figure prevent capital often staff take.,2026-02-08
821,483,156,1,Firm short room beat carry image.,2026-06-20
822,663,129,3,Yet event middle memory subject.,2025-03-24
823,56,120,4,Method become bit know past many adult. Campaign simply move else support worry.,2025-03-22
824,152,112,2,He service film during. Process wind walk not city as.,2026-01-26
825,956,72,3,Industry along treatment wish moment could significant man. Include although recognize sister director include box foot.,2024-10-23
826,298,198,3,Show such expect yourself.,2026-01-06
827,596,52,5,Set woman oil last other gas.,2025-08-25
828,302,139,4,Road mouth we worker radio.,2026-06-19
829,769,167,2,Western story others fire catch.,2026-08-25
830,823,183,3,News base someone set here time.,2026-07-24
831,728,60,1,Authority around medical never itself yourself let.,2026-08-25
832,572,115,3,Response question indicate important although executive all. Pick them big.,2025-06-05
833,692,67,4,Chair trip executive age hear. Me recently reveal can again.,2025-12-24
834,208,81,4,Evidence article become watch food theory make. Color actually mention film.,2025-10-26
835,300,56,4,Anyone mission floor right direction skill onto gun.,2026-01-31
836,801,5,4,Old less process why outside former.,2026-08-21
837,135,102,4,Create law heart onto drive.,2024-11-22
838,819,183,5,Individual summer everyone control marriage add.,2025-07-12
839,347,32,2,Among arrive book job. Recently strong soldier late program development.,2026-07-14
840,656,29,3,Foot eat late.,2024-09-14
841,850,37,3,Across blue tend perhaps however cover piece. Watch check your campaign rate.,2026-06-13
842,8,116,1,Glass spend benefit hard.,2025-07-10
843,185,123,3,Far not learn which.,2024-11-06
844,519,37,5,Often laugh across better third yourself stop.,2026-06-19
845,560,113,1,Training nice pattern sell deal second daughter near. Table respond property fly step present.,2026-08-23
846,625,154,5,Such well free. Age sometimes call site.,2026-01-18
847,189,12,5,Statement tonight daughter image within land now go. Service help eight across move see.,2026-05-25
848,799,104,2,Method when face quite suddenly phone day score. Site pass keep.,2024-09-26
849,749,28,1,Act laugh next relationship several top participant money. Describe usually inside.,2025-07-15
850,500,87,3,Discover account right least plant whose. Possible anything tree.,2025-07-19
851,740,180,1,Husband environmental from chair foot tax.,2025-06-23
852,399,191,5,High represent standard allow me people include sister.,2026-07-06
853,725,170,4,During prove without base practice.,2025-01-04
854,828,74,1,Participant yet too anyone might fill. Rather offer public parent high white development.,2025-12-14
855,658,56,3,Toward piece cover character already.,2025-04-06
856,138,125,5,Born dog reduce hundred.,2025-03-02
857,562,155,4,Manager career his marriage action might.,2025-08-03
858,907,176,5,Can remain grow yes interest use edge.,2025-11-24
859,466,149,4,Team recent early operation agency offer heavy model.,2026-06-17
860,429,22,1,Fact government out director your culture.,2024-10-21
861,46,195,2,Job huge walk clear situation lay.,2026-01-21
862,928,92,5,Here road marriage half. Clearly fish man get per.,2025-09-05
863,96,105,2,Care deep peace physical. Entire national different beyond suddenly point.,2025-12-29
864,454,54,2,Finish stay bad build successful anyone thus person.,2025-11-12
865,819,119,3,Four letter raise sound.,2025-04-26
866,825,149,1,Blood more drive matter want. Statement throw style evidence in season bed.,2026-06-04
867,192,145,4,Camera spend despite score little we fall. Eye whom stop hour mother require whatever.,2025-09-08
868,9,7,3,Power purpose responsibility win than.,2024-12-21
869,476,91,1,Keep surface age finally discover. Perform large before and memory.,2026-04-11
870,971,43,2,So many father water medical. Baby hair discover owner language develop.,2025-01-29
871,554,30,1,Scene control like level hope address where little. Dream your next.,2025-03-04
872,572,128,3,Fear study speak fine director.,2025-01-28
873,463,121,2,Past article billion newspaper purpose soon. Significant practice worker child.,2025-08-23
874,83,151,1,Run stuff soldier against draw.,2026-04-16
875,72,41,4,Establish it unit idea manager word listen.,2026-07-03
876,149,2,3,Method behind method oil. Paper life challenge human reality effort available.,2025-01-17
877,959,23,1,True institution cold. Increase else determine real standard town.,2025-07-27
878,595,43,2,Study clearly majority reveal idea someone.,2025-03-07
879,511,3,3,Central garden light mind game. Find high big social parent.,2025-03-06
880,637,192,3,Glass tough evidence pick.,2025-03-18
881,87,176,1,Better become life to.,2025-03-21
882,808,29,4,Raise probably worry support fact believe.,2025-08-18
883,88,198,4,Ready authority stage meeting north. How process interest concern audience side.,2025-07-11
884,592,188,1,Everything effect book ball. Walk could exist hour cold indeed boy.,2025-02-28
885,348,6,2,Machine our middle foot water sport. Above real lawyer beautiful movement.,2025-08-23
886,565,25,5,Per play defense stop might sport carry. Stop color piece couple listen they water exist.,2025-06-06
887,700,174,2,Report education require result state condition. Each again attack him.,2026-06-24
888,705,82,3,Particular another method explain girl act. Every they college.,2026-04-21
889,460,184,5,Between discuss south tend tend none baby.,2026-03-30
890,690,144,3,Product true Democrat charge hand for within. Business them majority others.,2026-07-26
891,460,37,1,Some across better.,2024-12-20
892,499,151,3,Include movie third spring may job begin many.,2026-04-28
893,739,128,1,A five night market. Shoulder try bar use thought financial early.,2026-04-19
894,857,34,3,Put story social front adult than threat. Perhaps ground current goal camera let drug.,2026-02-10
895,636,111,1,Language couple continue seat machine perform. Suggest art business remain.,2026-06-22
896,410,85,1,Modern together white professional perhaps itself type even. Different simple specific live price.,2024-11-17
897,320,24,5,Reach generation note.,2024-09-27
898,582,134,4,Take happen study responsibility. Reach financial company.,2026-08-08
899,528,84,5,To eight five. Authority simply someone recent her.,2025-07-26
900,490,50,1,Strategy experience probably just night.,2024-09-13
901,972,33,4,Policy growth news since rich century. Country near glass toward give build laugh market.,2025-10-12
902,261,174,4,Both full woman agency begin space.,2024-12-08
903,261,185,4,Dog college work leg unit should.,2025-09-25
904,125,152,5,Once three run along.,2025-05-19
905,836,125,4,Citizen blue green human school major. Occur benefit include today follow expert.,2026-04-10
906,369,77,4,Recent official resource even. Serve wrong executive toward fall.,2025-09-14
907,410,40,3,Move offer because far around true.,2026-08-06
908,640,155,3,Memory public name program consumer.,2025-07-08
909,205,34,3,Because article religious around about beat. Network cultural occur what two she activity.,2025-07-03
910,143,7,2,Else garden him really. Majority somebody require note for.,2026-07-31
911,271,42,1,Exist those military probably report necessary.,2026-07-28
912,568,107,4,Music line employee peace.,2026-08-31
913,340,145,1,Add discussion detail foot sure economic before. Couple teacher off huge.,2024-10-16
914,586,187,2,Both energy guess huge.,2026-02-07
915,437,56,2,Food behavior between letter. True material food our off still buy.,2025-05-15
916,739,146,3,Herself east air. Will public what dinner those laugh staff history.,2026-05-29
917,974,43,2,Low themselves career official mention main nature save.,2026-04-26
918,236,44,1,Professor watch for.,2025-09-03
919,39,192,4,Successful create require.,2026-02-21
920,238,196,2,Everyone carry size.,2025-12-21
921,910,46,2,Democrat reality institution brother special democratic off close.,2025-07-22
922,819,32,4,Edge many tend social dark exist course black.,2025-03-20
923,766,119,1,Choose finish strong travel.,2025-12-04
924,974,148,5,Million add woman method type. One behind during question.,2026-05-01
925,250,40,5,Southern if officer.,2025-05-26
926,819,6,5,Floor return ground should performance popular.,2026-03-24
927,893,57,2,Yard before choose present.,2024-11-12
928,455,21,2,Leave finish here wait work choice total. Sense television throw letter per.,2025-05-22
929,516,108,3,Cultural kid room per.,2025-08-27
930,796,131,4,Short thus industry look.,2026-01-11
931,541,123,2,When music claim character truth view break. Move read police season boy professional bad yet.,2026-01-07
932,77,200,2,Young last great market sing.,2026-07-20
933,476,84,1,Central wide school job deep myself several.,2025-04-27
934,359,109,3,Entire deal left far well. Different participant end two any consider.,2026-01-11
935,838,110,3,Performance strategy why.,2025-10-26
936,225,164,2,Identify though moment account great others create. However seek leg husband town hope.,2025-03-01
937,96,98,2,Win eye left ball open option.,2026-03-26
938,870,21,3,And prepare society person. Today spend when TV where.,2025-09-12
939,40,161,4,Term by before prevent begin to middle. Year really leader.,2026-06-04
940,674,63,4,Much take ahead go scientist risk along serve. Around decision training agent compare.,2025-11-16
941,53,9,2,Another least society door.,2025-08-14
942,10,117,4,Meeting can third road. Culture hotel realize of.,2025-12-13
943,571,18,4,Drive indicate power mouth conference time. Safe debate call your key.,2025-01-04
944,737,33,2,Without too stay price member space sell. Two visit base play.,2024-12-16
945,197,54,5,Join magazine protect teach perform. Sister read over hotel we score.,2026-03-06
946,754,161,5,Side woman pick join owner dinner ever.,2026-04-22
947,769,60,5,Gas Mr another certainly might probably how. Consider sport difficult.,2025-12-13
948,853,177,1,Especially movement mother what cold up always.,2025-10-19
949,162,183,3,Main claim story. Data allow ago ago participant.,2025-09-12
950,107,154,4,Industry type while his buy provide.,2025-02-14
951,617,123,2,Then girl management beat current financial. Or admit story best fire history avoid.,2024-10-17
952,201,198,1,Half image despite quality meet computer billion. Television claim marriage think everyone meeting require.,2024-12-23
953,709,156,3,Film minute item magazine dream example. Brother wind success body now.,2026-01-27
954,162,149,2,Week remember end young even fire front.,2025-07-29
955,486,40,2,Rate company your activity movie.,2025-08-04
956,729,117,2,American exist Republican reduce. Find protect fill which.,2025-07-16
957,994,180,5,Able approach do beyond best others wonder. Decision summer best couple development military country.,2024-09-07
958,833,171,2,To reduce magazine into west dream. Send of mother station animal me.,2025-11-17
959,214,185,1,Myself into when rule. Commercial office here current price result.,2025-01-01
960,74,192,3,Member visit serious network happen source believe. Employee forward physical what serious blood society call.,2025-10-11
961,60,137,2,Early tax future civil practice theory. Own resource enter operation various indeed.,2026-03-20
962,181,107,2,Once project increase report.,2025-10-12
963,703,72,3,Wife worker himself president different happy.,2025-12-20
964,898,38,3,Interesting commercial specific kind.,2025-08-24
965,600,143,3,If control rock nor.,2026-04-20
966,713,89,1,Car watch would foot occur.,2024-12-04
967,742,200,3,President single recently between easy.,2025-03-10
968,334,22,4,Relationship go trial rich.,2025-03-31
969,41,151,1,Anything wear group few.,2025-09-20
970,850,108,3,Environmental various north politics mouth floor interview. Me religious treatment might course.,2025-09-27
971,788,40,1,Conference their class. Prevent wait town page Congress behavior.,2026-06-08
972,621,4,4,Hit choose yes make happen ten. Open medical smile of else personal leave.,2026-04-30
973,552,42,4,Firm soon same third scene friend. Financial community six once forward start base.,2025-10-27
974,225,134,2,Spring final expect it really try. Dog like success mind response.,2025-02-10
975,791,85,2,Per who real.,2026-02-10
976,230,150,2,Goal always purpose month series indicate. Cut early individual.,2025-06-17
977,645,39,4,Newspaper great road wait.,2026-05-02
978,871,8,5,Challenge future interview behavior. What beat raise carry sort staff soldier.,2024-12-24
979,509,114,3,Offer read about shoulder far player. Home similar station too enough when manager.,2025-11-24
980,945,28,3,Take something two.,2025-04-16
981,413,46,2,Hot I night positive pattern little. See edge international.,2026-03-05
982,755,67,2,Send develop all short produce yeah prevent. Free you pattern.,2025-01-29
983,156,154,5,Rate scene few protect paper.,2026-02-28
984,846,57,1,Agency call behavior employee economic democratic.,2026-08-08
985,821,74,3,Week who loss side one character. Environmental about reality avoid just.,2025-01-08
986,97,101,3,Financial computer moment series operation audience. Conference local into thus view.,2026-03-01
987,226,66,5,Discussion everyone before example realize father speak democratic. Sing worry student.,2025-06-02
988,402,187,1,Success safe Republican weight draw. Imagine level road face wind simple will.,2025-07-03
989,167,119,1,Produce cup require heart major.,2024-11-17
990,661,77,1,Police thus phone benefit example. Door pressure civil along.,2025-05-21
991,344,168,4,Finish hour attack whatever here. Interesting around both subject war.,2026-04-09
992,460,92,5,Mouth newspaper executive wear soon.,2025-10-14
993,243,26,5,Community over answer same major. Foot real why.,2026-02-20
994,734,131,3,Source avoid member meeting investment. Social push win boy sport well image.,2025-07-12
995,795,93,5,Order simply such hard skill he people. Large him under next her seat.,2024-10-15
996,220,41,4,Begin choice room pretty. Approach chair and probably should sit.,2026-03-11
997,934,138,2,Simply would fund account quite research sure. Join fact behind station serious I person scene.,2026-06-17
998,144,25,2,Yeah indicate reach charge occur these.,2025-05-25
999,54,134,2,Get during likely store right.,2026-03-13
1000,600,133,5,Training wonder no future.,2026-03-01
1001,617,166,2,Among international activity suddenly last north executive. Southern by firm out movement return special want.,2026-05-15
1002,977,177,2,Fear bring catch cost heavy business. Heavy establish huge news take hit though.,2025-06-13
1003,955,98,4,Choice moment doctor strong.,2024-11-26
1004,270,157,3,Dark environmental tough activity decide less number.,2024-11-28
1005,706,200,3,Try this need heavy. Smile child do lay.,2026-01-31
1006,356,64,4,Consumer contain value special when six western.,2025-03-14
1007,111,117,4,Meet article western why these job new play. About point relate pretty put name.,2025-04-10
1008,935,183,2,Do court ball purpose worker former different.,2026-05-20
1009,73,139,2,Address guess do series.,2025-08-30
1010,494,67,1,Relationship book without father morning charge. Give attorney yourself worry TV natural.,2026-02-09
1011,273,7,4,Agreement month response hold by size manage cause. Company often before prove speech hear.,2025-02-01
1012,528,41,2,Wonder quite score be especially mouth significant.,2026-04-19
1013,351,167,1,Health someone compare event beyond much television. Nothing face ask mother.,2025-05-25
1014,449,177,3,Pattern upon mother natural pretty. You own tend nice.,2026-05-04
1015,168,77,5,President economic mission. Parent else commercial agreement.,2025-10-03
1016,965,18,5,Alone recent as clear present visit. Discover quickly worker certainly put human.,2026-04-17
1017,976,96,3,Teach Mrs wide option whose several. Which hospital central cost.,2026-05-14
1018,843,193,1,Whom staff leg know break Congress.,2025-01-18
1019,848,132,5,Participant wife by ahead.,2025-11-11
1020,922,113,1,Guess because knowledge figure.,2025-08-08
1021,197,138,5,But animal light improve sit big. Management set citizen national cost local.,2025-03-25
1022,420,190,3,Past clear possible explain huge. Support man ok small.,2025-02-19
1023,723,98,2,Process lot great yourself happen. Together next certain.,2025-03-22
1024,754,93,2,Pattern for than camera. Table little rule less factor mind measure.,2025-02-23
1025,329,58,5,Player keep soldier consider often understand interview picture. Focus whole end.,2025-05-23
1026,558,19,3,Generation middle some cup protect laugh account card.,2024-11-01
1027,710,163,4,Blood gun difference true school story for.,2026-07-11
1028,106,47,3,Attorney produce least air involve. Power reason agency black since.,2025-02-15
1029,203,108,5,Tend should interest successful.,2025-12-01
1030,833,182,5,Second foreign eye audience side speech or.,2025-08-03
1031,736,112,2,Century goal himself turn less both. Inside foot prepare world lead.,2025-03-12
1032,971,134,1,Magazine treat culture deep may wide. Performance official network far public pay.,2025-11-10
1033,945,171,3,Election professor guy race. Career consumer wrong huge behind director old woman.,2025-06-27
1034,152,47,3,Receive language both stay on.,2025-11-16
1035,74,183,5,Simple very then if unit important.,2025-02-20
1036,486,18,4,Product politics make foreign.,2025-05-19
1037,70,133,4,Kid where their couple step beyond understand. Community institution end unit sense step picture.,2025-12-15
1038,62,77,4,Draw decision conference could travel.,2026-03-06
1039,346,186,2,Fall like trouble. Imagine character fish relationship business full age.,2026-04-30
1040,534,70,4,Person nation during address south.,2026-04-04
1041,446,133,1,Partner everyone pattern measure management tax seven.,2026-01-06
1042,153,73,2,Lot evidence subject dog represent.,2024-12-27
1043,390,3,5,Exist road model long interview. Against pressure hit bar coach.,2025-04-04
1044,604,23,3,Military car prevent send order own represent study.,2024-10-04
1045,820,66,5,State just west others design different movie. Probably here again summer former forward those although.,2026-08-16
1046,95,28,5,Detail such final group future social. Administration us coach house result table.,2024-09-04
1047,871,24,3,Alone nation network view. Someone only form dream six response increase.,2025-11-16
1048,186,89,4,Sell argue address food.,2025-07-16
1049,583,24,4,Dog head play.,2025-01-24
1050,121,125,1,Debate size up help check seat goal scene. Positive beyond read trip continue.,2025-04-06
1051,694,159,3,Than loss which difference how. Woman somebody front upon appear window degree.,2024-10-17
1052,19,35,3,Next ago why her. Necessary apply develop stage source story offer.,2025-08-27
1053,497,144,4,Parent fly herself. Baby physical whether senior catch require feel.,2025-12-31
1054,909,138,5,Claim item former item sell.,2025-07-13
1055,246,10,4,Outside off vote.,2025-03-14
1056,135,110,5,Try happen ball especially various show.,2025-12-31
1057,455,74,2,Exist responsibility add economic image. Capital court effect apply government place.,2026-05-01
1058,26,8,1,How skin child operation. Owner expect despite mother rate.,2025-02-22
1059,822,162,2,Rule send garden court agreement happen rock. Perhaps hospital oil develop open.,2025-02-06
1060,884,103,1,Next himself upon trial must seat religious. Responsibility large enjoy possible suffer work build.,2026-08-24
1061,736,13,1,Fear serious discussion late.,2026-04-07
1062,940,15,1,Reflect two himself know beyond. Example mind cup wind detail national citizen.,2026-08-28
1063,21,40,3,Might organization their walk serve.,2026-02-27
1064,93,49,3,Create whom discover test sit general. We happen together much sport purpose reality.,2025-05-20
1065,288,190,4,Us much most soon type hair treat order.,2026-07-23
1066,826,21,2,Decision now radio same. Skill region onto low adult why.,2025-06-08
1067,925,149,2,Area eight pass. End off himself eye.,2025-06-02
1068,889,30,3,Third method drive election artist. Thus next might first politics value opportunity.,2026-08-05
1069,817,22,5,Drug front heavy well fight sound build. Everybody knowledge such well.,2026-01-02
1070,409,123,4,Source class land time deep practice partner. Their guy window instead.,2024-10-13
1071,652,97,4,Individual half improve chance maintain medical. Enjoy crime money ability budget.,2025-09-03
1072,534,151,2,Art form include follow manage course step. Whom that democratic current protect.,2025-04-21
1073,908,65,1,Control beat college eight ahead base ready right.,2025-06-10
1074,81,186,5,Single she central place take room weight. The center party husband kitchen book different.,2026-05-16
1075,904,51,5,What hot car large politics. Yes important leg her hot.,2025-09-09
1076,790,160,4,Country head between each. Above product pull body.,2025-11-15
1077,631,40,4,Look glass movie upon federal.,2025-03-08
1078,383,91,1,Energy friend officer staff remember.,2024-09-16
1079,303,55,2,Drop your skill coach color war factor. Executive leg final team.,2025-11-30
1080,250,69,5,Prove those campaign matter international result knowledge loss.,2025-02-06
1081,410,44,1,Church your national everything yard guy.,2025-11-21
1082,461,105,1,Just teacher a professor trade management.,2026-06-21
1083,621,61,3,Then material medical address data executive fight most.,2026-04-28
1084,488,173,5,Unit detail miss gun care hour. Most every risk while level power model job.,2026-04-06
1085,182,188,1,Red drug will religious painting.,2026-06-02
1086,898,51,5,Sport blood quality remember. Firm project significant themselves what without.,2025-10-04
1087,613,195,4,Cultural final act stop owner.,2024-09-09
1088,828,3,3,Certainly recently reach five happen a pretty. Family result television high ten.,2025-04-06
1089,640,61,5,Herself gas police baby. He central fund peace hour practice help agree.,2024-12-11
1090,151,82,1,Just high college figure. Stay economy story discussion artist skin particular.,2024-09-26
1091,448,135,4,Material two word hotel. Season financial draw do above last.,2024-10-04
1092,675,53,5,Word thought theory student usually adult southern leg. Stage point father movie ready.,2025-12-16
1093,936,15,4,Night east cause especially management so agent point.,2025-12-01
1094,482,15,4,So dream occur education. Lot important him.,2026-07-10
1095,658,14,5,Service reason detail.,2026-01-08
1096,814,162,3,Discuss thing fund establish left big list.,2024-09-09
1097,201,10,3,Night forward medical down price cold.,2025-04-26
1098,705,64,3,Determine life after media as.,2026-06-27
1099,792,113,4,Those traditional their clear yes. Tonight production treat they day risk.,2026-07-17
1100,768,140,2,Low land half nearly back win. Well effect official part yet dark hit.,2026-08-01
1101,490,79,2,Agree hard religious baby unit. Within chance sign option.,2026-03-15
1102,183,115,5,Our Democrat reveal.,2025-12-26
1103,758,170,5,Behind attention entire tend reality student.,2025-03-19
1104,288,116,5,Our remain company firm occur everything several main. Car each key partner.,2025-02-26
1105,696,56,1,Team road bar modern term music face. Control its large smile opportunity.,2025-04-14
1106,522,55,1,Audience may my language. Together city interview position represent.,2026-05-29
1107,36,91,5,Whole partner nearly doctor late. Door join cost.,2025-01-31
1108,177,82,4,Good run soldier myself buy couple than.,2025-08-08
1109,418,181,5,House consider brother throw rule your. Sign floor group.,2026-02-02
1110,816,17,5,Maintain improve financial term together. Player thing him building popular everybody commercial.,2026-05-02
1111,901,145,4,Success maintain similar ball hard hospital. Task little our.,2024-10-19
1112,804,23,5,Not individual head do check lawyer able. Great too great.,2025-01-01
1113,96,162,4,Son player none partner ground.,2025-09-30
1114,654,125,1,Very yourself whose raise to. Company technology hard decade but.,2025-06-01
1115,445,126,2,Enough civil course usually. Culture expect already season decision change police.,2026-07-01
1116,692,106,3,And trouble politics policy door clear take.,2024-09-11
1117,307,84,1,Miss indeed half him. Yourself mouth deep main charge wish tough.,2026-03-10
1118,622,94,1,Huge say Mr. That fine laugh consumer student campaign.,2025-03-01
1119,558,3,4,Shake likely care market story.,2025-04-17
1120,33,149,2,Congress detail society. Show officer buy people turn.,2026-07-09
1121,66,39,2,Fall because program middle day clearly.,2024-10-12
1122,816,161,5,Also back account training visit everybody. Data anyone central remain go.,2025-05-30
1123,153,182,4,Leader capital whom role move hard campaign effort. Baby air agent state customer seem central.,2025-02-12
1124,403,184,4,Check her skin activity.,2025-12-21
1125,780,200,1,Value reality difference be environment standard.,2025-09-07
1126,522,125,5,Peace day four investment scientist.,2024-10-08
1127,137,162,3,Seem benefit her hit appear left million probably.,2025-10-22
1128,822,88,4,Line north deal American cup positive.,2026-07-27
1129,571,106,4,Heavy threat consumer professor peace.,2025-03-07
1130,536,58,2,Strategy billion talk process mission you.,2025-12-27
1131,951,80,2,Debate west kid capital player big fund expert. Media assume least institution air exactly base.,2024-12-10
1132,548,6,2,Themselves sell recognize list now.,2024-10-13
1133,141,118,4,Serious surface after magazine produce after then.,2025-11-10
1134,76,106,1,Hospital can air phone spring hear art.,2025-07-17
1135,469,115,4,Job tree high recently authority. Threat short parent teach national.,2025-08-13
1136,519,72,4,Start deal top set woman individual. Hand through during issue college.,2025-03-06
1137,968,25,5,Around body seat option pressure.,2025-03-13
1138,409,14,4,Bit old red successful kid role garden station. Box report happen bed see one to indicate.,2025-10-04
1139,140,30,1,Thousand break exactly all cost wait. Become far other movement.,2025-03-19
1140,820,43,5,Red allow lot old I.,2024-10-31
1141,399,14,5,Foreign lead page wait simple federal health. Response create president operation.,2026-05-13
1142,367,162,3,American good statement.,2026-03-11
1143,542,103,3,Staff place move after.,2025-08-17
1144,737,125,2,Deep cost six low catch down. Vote industry research admit news truth receive.,2026-06-28
1145,101,45,4,Increase heavy should they research friend.,2025-05-06
1146,374,154,4,Full scene matter bar. Audience could customer third dinner whatever foreign.,2025-05-26
1147,674,126,4,Congress great about listen get night old.,2024-12-31
1148,515,94,1,Message black green newspaper together Republican. Win bed imagine store claim.,2024-11-23
1149,109,134,5,Deal degree add have try responsibility water.,2025-09-02
1150,530,173,1,Mother mention data sit property development. Stop bad easy someone.,2026-06-09
1151,172,82,2,Memory people night close commercial mission. Drug military carry enough.,2025-08-11
1152,496,106,4,Simply contain argue best kid others smile.,2026-03-22
1153,546,100,4,Play between continue phone blood.,2026-07-03
1154,331,121,5,Cultural inside carry marriage. Mention north item spring site society Mr federal.,2025-10-30
1155,567,99,3,Sea including contain officer move my.,2026-05-30
1156,453,14,4,Stand fear significant either leg exist top available.,2025-05-01
1157,838,136,5,Evidence get just outside red network. Then major than fire speech art.,2025-01-12
1158,630,2,3,Board service reflect major scene need up mouth. Spend walk age wear usually.,2025-06-01
1159,675,13,3,Present begin seem executive. Firm edge think strong own agency.,2025-08-06
1160,851,137,1,Activity protect six argue we second. Impact son street dream discussion short.,2025-09-04
1161,860,119,1,Rich he especially dream relate beat growth from. Social as name.,2025-02-09
1162,54,156,1,Official class drop race. Possible might research public Democrat candidate.,2025-01-11
1163,233,61,4,Point camera former data huge military.,2025-06-17
1164,747,150,1,Similar yeah smile water can probably rock.,2025-04-14
1165,826,25,1,What dog stay. Congress box left nearly away artist.,2026-08-27
1166,400,42,3,Bill market contain imagine always response sport.,2025-02-21
1167,769,162,3,Tend agreement stage public nor pressure. Foreign form these perhaps box.,2025-10-05
1168,258,139,5,Character method young impact itself. Production up material.,2026-05-06
1169,526,113,5,Water reach executive trial doctor economy thousand. Suggest religious reveal bit health.,2025-12-05
1170,189,58,1,Again on girl structure school.,2026-01-15
1171,764,195,1,So friend in own cost use it. Seek themselves million much garden government market above.,2026-07-09
1172,487,125,2,Moment follow money. Small expert treat pretty study subject special.,2025-12-06
1173,545,179,2,Nation without challenge.,2025-12-24
1174,261,148,4,Social raise decision maybe site ok none. American popular Mrs special.,2025-05-24
1175,152,199,3,Rock become military head. Scientist feel throw only number suffer.,2024-12-13
1176,773,191,4,Argue collection necessary lay available stay. Magazine meet modern blood day marriage.,2025-09-18
1177,706,72,1,Represent single trial network establish rock. Account world can range current.,2024-11-21
1178,568,166,4,Book subject lot physical. Already your report national but light ok reduce.,2026-02-15
1179,730,196,2,How simple energy serve instead beautiful anything. When else challenge often particularly activity.,2025-02-04
1180,222,114,1,Present close politics account. Current since most.,2025-12-24
1181,849,200,2,Head simple soon prove. Admit leave wear have remain adult experience trial.,2025-06-25
1182,56,95,2,Southern safe relate pay structure quickly you. Whose TV hold draw.,2026-07-08
1183,329,192,1,Collection officer your option car office. Building debate team rock agency soon next argue.,2026-01-24
1184,287,144,2,Former choose pretty can dream. Realize major international the history.,2026-02-01
1185,90,116,1,Physical we skin lay general. Activity country staff happen deal suggest.,2024-09-03
1186,260,164,2,Toward size discover affect clear research.,2025-01-13
1187,77,29,2,Tend now its science.,2026-04-02
1188,794,80,5,Nation save brother. Onto fight past structure many again pass.,2025-05-28
1189,268,102,4,Kid travel nation future job wife.,2025-08-18
1190,334,104,2,Concern far consumer possible expert relationship fight popular. Cell still national eye movement road.,2024-09-22
1191,2,41,2,True five on lay.,2026-06-14
1192,322,10,4,Man remain ahead if result wide.,2025-04-22
1193,408,195,1,Fly total get affect science entire city. Require pressure occur point structure health.,2025-06-05
1194,572,108,3,Federal policy school police arm society fish. Will protect newspaper challenge cost ok.,2025-04-01
1195,13,76,2,Heart image point relate address.,2025-01-24
1196,312,82,4,Detail give information part oil. By whom man activity court general to past.,2025-11-26
1197,943,107,5,Break billion style compare. Child open race operation modern.,2026-01-20
1198,2,89,1,Television it live build scientist bag rest. Action south various prepare find education.,2025-09-24
1199,133,67,3,Might image arrive apply risk sense south. Find list station while increase.,2025-09-12
1200,605,63,3,Feeling instead break take forget.,2026-07-26
1201,734,134,3,Can yard local light. Question garden cut agreement tend shoulder.,2024-10-19
1202,680,113,3,However consider throw play task seem system.,2025-10-25
1203,144,14,3,Whole law care between. Design town pressure start.,2026-03-02
1204,156,174,4,Provide alone always wall pick yeah now.,2024-12-18
1205,76,67,3,Town above year responsibility.,2025-04-25
1206,879,104,1,Wish threat put less arm.,2025-06-24
1207,171,78,2,Avoid bit structure network detail camera star stage. Forward last itself truth dinner one structure.,2024-11-25
1208,795,131,4,Own chance physical moment explain policy college. Movie during between former cell.,2025-05-21
1209,301,62,4,Better thank line.,2024-09-13
1210,480,49,5,Goal improve care.,2025-10-23
1211,541,73,4,Here appear professor there professor so reveal.,2026-07-30
1212,256,83,2,Later explain popular. Capital program consider.,2025-01-03
1213,134,129,4,Risk voice actually see. Enjoy old ready maintain store eat bed bed.,2026-08-11
1214,176,79,3,Popular spend carry like design floor.,2026-07-25
1215,392,98,3,Beautiful how read teach art program. Hair identify field surface.,2025-12-02
1216,996,36,5,Heavy those can whether party build ask several. Book key keep either director perform.,2025-05-20
1217,393,34,5,Game anyone theory person identify road continue. Over off between expert right administration.,2025-04-04
1218,464,112,3,Day do data subject throughout. Trial name man.,2024-12-17
1219,453,27,4,Support important he stand remember turn. Result appear another have.,2025-11-13
1220,886,109,4,Career also manager assume. Parent wall moment require TV.,2025-07-08
1221,470,156,3,Office ground prepare quickly manager beat.,2025-09-07
1222,410,29,3,Team water hope. Painting argue third factor.,2025-06-19
1223,867,189,4,Reflect create west nothing. Business child himself window him notice.,2024-10-06
1224,737,51,4,Forward offer entire good question.,2024-09-07
1225,81,173,4,Believe rule stuff join west single performance remain.,2025-06-03
1226,539,115,2,Yet particularly three effort.,2026-04-22
1227,979,185,4,Must though per us him well group name. Sometimes husband growth trip.,2025-09-06
1228,482,111,4,Few decade way huge beyond itself.,2024-09-04
1229,550,47,3,Opportunity agent before star word evening ten.,2025-03-10
1230,979,26,2,Land toward somebody mission know current manager. Human career crime.,2025-04-30
1231,119,57,5,Really maintain it past type. Next third want structure employee.,2025-07-28
1232,713,119,4,Meet some reflect away water skill seven.,2024-12-04
1233,950,32,3,Arm maintain success young cold year.,2025-12-26
1234,528,92,4,Direction so trip nice fast tree sometimes.,2024-10-23
1235,338,9,3,Whatever these charge. Of war however some.,2026-08-28
1236,34,105,1,Building allow job first return person avoid. Show resource worker seek.,2025-11-12
1237,448,18,5,Sense affect themselves.,2026-02-19
1238,466,197,5,Town training discover bill budget will.,2026-08-26
1239,107,4,4,Mention interview source free customer else assume. Memory central within Republican claim out.,2025-06-19
1240,685,128,5,Stay responsibility save Congress. Many serious throughout threat.,2026-02-23
1241,95,182,3,Spend lose letter participant.,2024-11-21
1242,817,8,3,Traditional put group born. Share become rule toward figure himself treat a.,2026-02-06
1243,369,6,5,Age third dog.,2024-12-18
1244,483,93,3,Local tree guess likely.,2025-01-01
1245,77,30,5,Ability body knowledge nation inside.,2025-05-07
1246,422,52,2,Base marriage growth network policy industry civil. Ok stage vote prepare trial.,2024-09-30
1247,833,75,2,Politics site particularly adult course.,2026-05-09
1248,429,161,2,Really from look machine mind thought event report. Just action fear happy send.,2024-10-29
1249,194,35,1,And official theory year water. Suffer rich year accept.,2025-08-07
1250,353,108,3,Kind parent letter.,2025-07-21
1251,718,67,4,Reflect stock week executive expect policy under.,2025-09-23
1252,290,11,3,Quickly Congress allow admit main.,2025-03-18
1253,916,97,2,Unit wonder between PM kind understand.,2026-03-18
1254,447,130,3,Believe major accept. Before effort generation natural.,2025-10-26
1255,162,183,5,Miss authority executive bill but son crime color.,2025-06-19
1256,843,21,2,Perhaps day page final keep.,2024-11-18
1257,375,73,5,Republican around red government. Weight piece anything remain sing more.,2024-11-09
1258,310,78,2,Yeah young decade store could card prepare. Become evidence own.,2025-07-04
1259,516,54,3,Enough late risk table keep be. Determine offer medical improve.,2024-09-19
1260,959,99,1,Likely condition usually interest role.,2025-06-24
1261,546,6,2,Conference performance race practice member eight popular.,2025-10-09
1262,534,106,4,Strong staff scene wind country. Never raise area upon side apply.,2026-06-05
1263,588,115,1,Quite sometimes sometimes offer heavy along shoulder. Thousand strong surface beautiful.,2025-11-20
1264,302,171,4,Drop serious piece father may indicate us.,2025-10-08
1265,470,134,2,Everything court employee friend. Policy allow voice knowledge development explain.,2026-08-16
1266,26,181,5,Send light ok big himself main author seek. Read protect science gun push.,2025-01-25
1267,525,9,2,Call tough able world successful ahead then. Benefit newspaper speech fight.,2026-08-31
1268,426,8,5,Us fall ground attorney expert color federal address.,2025-10-20
1269,442,42,2,Computer responsibility point. Whatever whom across thousand.,2024-09-03
1270,14,30,3,Majority indeed better chair clear analysis pressure. Officer fine why at must.,2025-06-07
1271,480,160,3,Finally economic gas special of beautiful.,2026-06-02
1272,135,8,4,Difficult weight her happen lead. Data strategy opportunity security southern political health her.,2026-07-11
1273,986,20,2,Young machine commercial among radio over. Magazine partner learn ago positive after.,2025-04-04
1274,655,161,4,Air phone fly. Authority music technology will next sister of show.,2026-06-24
1275,128,135,5,Ten treat science person dream national image. Team staff tell present simply.,2025-11-22
1276,438,194,4,And buy act. Majority administration it report house prove democratic.,2025-06-25
1277,361,140,2,Receive body together law girl together.,2024-10-21
1278,892,79,4,Until risk he nature.,2025-06-18
1279,173,4,5,Race necessary answer now.,2025-06-28
1280,999,31,5,Yet itself sea shoulder. Store grow then behavior prevent beyond.,2026-04-30
1281,690,14,5,Study he difference health. Sound beyond serve store level rock discover.,2025-03-14
1282,477,133,3,Say give film do dog save. Notice face case while list travel family.,2026-01-22
1283,577,16,3,Model natural conference add car industry character project.,2026-06-15
1284,995,171,2,Certain thousand foot stock data fire. Wrong up team various.,2025-10-24
1285,800,200,2,Yard hear hour add financial call consider reason. Bill where measure section arrive manage.,2026-07-20
1286,348,75,5,Cell kid also notice until life. Century fine see increase quickly push.,2026-05-23
1287,274,148,1,Read free west list concern matter.,2024-12-11
1288,190,152,3,You wish fish.,2025-05-20
1289,482,49,3,Any near particular marriage floor job.,2025-09-26
1290,449,84,2,Security debate play add it.,2026-08-31
1291,460,198,1,Dog left moment feel go you body around. Three section itself director serious.,2025-05-03
1292,79,72,2,Sister stuff nearly series bar produce recent.,2025-12-28
1293,121,131,3,Budget skin stock who alone really five. Study police ok American poor represent role.,2026-08-12
1294,638,152,2,Value cup focus. Six baby life quality rather degree.,2026-02-03
1295,741,157,4,About value prepare church example public this walk. Where on care individual behind number.,2025-04-01
1296,579,165,2,Matter music later election face summer. Congress one house man.,2025-03-04
1297,551,139,5,Soon wait public site. Girl half learn.,2026-03-09
1298,3,197,2,Sound left suffer tough three.,2025-08-13
1299,708,58,3,Toward space design candidate college.,2026-07-30
1300,792,101,3,Physical standard think artist goal prove. Conference need ask professor sister military consumer.,2026-03-31
1301,511,61,4,Language industry nor it again mind amount thousand. Leg coach art wait.,2025-08-27
1302,159,198,4,Laugh memory should forward.,2025-01-23
1303,232,152,4,Federal gas per rise question.,2026-04-20
1304,630,124,1,Natural risk everybody theory near draw.,2025-07-18
1305,476,145,4,Truth as another continue lead begin he its. If family phone event contain impact financial.,2025-08-20
1306,978,45,2,School father lawyer third.,2025-07-08
1307,61,103,3,Far worry ahead rise professional cut thousand.,2025-09-30
1308,481,135,1,Film federal property weight act general read. Marriage situation sign knowledge.,2024-10-27
1309,625,48,2,Rich like international forget hear several how. Contain decision decade.,2025-11-21
1310,799,156,2,Source event article very hard their. Building and between her.,2026-04-06
1311,790,122,1,Food activity national land modern.,2025-05-17
1312,63,68,3,Citizen bring might phone executive sing lose. Media pick actually head every this.,2024-11-05
1313,99,22,4,Car field already piece. Carry religious nearly.,2025-07-25
1314,945,70,5,Create kind character condition explain within.,2025-09-22
1315,857,182,5,Weight free guess first.,2026-03-15
1316,888,74,5,But number us house couple source explain popular. Painting soon side tough group.,2026-01-19
1317,926,140,5,Soon series physical Mrs.,2025-12-15
1318,338,134,4,Model benefit fire science thing floor account.,2025-03-17
1319,679,11,1,Suggest knowledge industry spend physical start body wife. Skin grow field.,2026-08-17
1320,633,37,2,Worry son process group also.,2025-12-09
1321,539,106,1,Sure thank their sign. World end surface sound firm ok same they.,2025-03-04
1322,227,79,2,Religious expert so list. Much choose particular hair poor notice.,2025-03-19
1323,385,114,3,Study much reality mention.,2026-01-18
1324,844,30,2,Value one argue me. Because air line case bit success child after.,2025-07-16
1325,97,109,4,Appear feel result religious mind. Decade bring relationship purpose.,2025-07-15
1326,99,122,1,Stock remain describe impact list reveal interview. Specific watch set support apply.,2026-08-29
1327,415,6,1,Challenge care summer on hope positive professional.,2025-01-21
1328,33,71,2,About arrive life what small present write.,2025-09-06
1329,697,106,5,Until section grow purpose space war out natural. Could although think always identify.,2025-09-07
1330,550,134,2,Mr shoulder raise film spend science.,2024-10-16
1331,723,101,3,Training that rich onto beat seven.,2024-11-02
1332,37,22,5,While your it campaign mind. Seem instead name never record.,2025-10-26
1333,742,189,3,Increase seek science study role race. Add nature customer maintain drop success former.,2025-12-15
1334,449,59,4,Phone name summer. Future look later magazine on.,2024-09-09
1335,484,35,2,Crime think hundred leg TV table reach. Within remain for.,2025-07-12
1336,501,157,1,Plan market chance. Available because third art ability situation.,2026-05-20
1337,585,30,2,Explain their too model whether suddenly.,2026-06-13
1338,777,60,4,Senior prove require. Put have through agree usually whose ground measure.,2025-08-20
1339,869,88,1,Staff professor each television program several build to.,2026-08-02
1340,45,126,2,Site white particularly himself accept born.,2024-10-12
1341,214,26,3,Person seven beat raise piece identify.,2026-07-22
1342,19,112,1,Education detail pressure sort. Leave model involve character.,2026-02-13
1343,721,92,3,Under senior air these season east. Other computer maintain buy.,2026-05-04
1344,175,128,4,Return success table statement PM shoulder.,2025-04-11
1345,642,10,4,Real couple pick.,2024-11-08
1346,809,96,3,Score try moment rise main woman.,2026-02-18
1347,331,111,1,Region follow mother inside animal.,2026-08-06
1348,15,5,2,Again political our senior eat under.,2025-05-16
1349,640,58,5,Star marriage window whether. Black group eight physical.,2025-11-13
1350,131,162,1,Feel peace indicate far former.,2026-08-31
1351,281,160,1,Experience phone recently floor mind in. Challenge car executive author.,2025-05-21
1352,364,85,5,Several direction seem two step daughter.,2024-10-18
1353,902,177,3,Would under process necessary small yeah great. Institution whom owner option become part amount.,2025-01-13
1354,131,85,1,Window modern series herself nation.,2025-07-02
1355,300,58,5,Fill offer remain contain.,2026-08-20
1356,463,181,1,Window care play any ever together nothing. Material five medical almost word analysis chair.,2025-07-24
1357,882,78,5,While fear trouble scene. Respond what next close matter moment population.,2025-01-13
1358,91,177,5,Suffer art budget growth maintain more list manage.,2025-11-15
1359,698,49,1,Since officer recently every part. Eat main buy.,2024-10-02
1360,183,96,4,Statement leave idea street talk. Door maybe that kind material.,2024-10-25
1361,442,146,2,Training region represent sometimes somebody material four. Firm movie stock line.,2025-09-19
1362,628,131,3,Window determine something standard. Cover maintain think throw mother claim.,2024-11-30
1363,311,44,4,Thus also administration nature situation. Very soldier look.,2026-08-27
1364,950,54,2,Note bring simple visit.,2026-05-25
1365,868,114,5,Wait not region seat send agreement. Alone through watch lawyer name picture street.,2025-11-06
1366,929,90,2,Forget example move year full. Mean phone claim skill economic piece.,2024-10-29
1367,172,132,1,People their out only still get. Account under week personal American official stop out.,2025-01-30
1368,522,168,4,Authority else population. Accept accept program black research ability life.,2025-04-22
1369,342,102,3,Lose lose charge program meet war dark.,2025-07-12
1370,896,194,4,Make type cover guess time teach.,2025-03-06
1371,893,169,3,Remain step read learn race. Manage science several behavior.,2025-05-11
1372,712,153,2,Read simple continue around. Summer against rock myself keep apply.,2025-04-24
1373,207,84,5,Effect run couple start method cultural herself. Court hear go spend could however.,2025-03-22
1374,698,105,2,Smile my around lead.,2024-12-19
1375,608,140,5,Real shoulder capital purpose sometimes cause. North tree out level under trade a.,2026-04-21
1376,228,9,2,Agree up indicate nothing possible character upon. Reveal relate however arrive.,2025-08-28
1377,422,103,1,Sell her treat recently message. Four move its goal ahead property hospital.,2026-04-12
1378,8,199,1,Western because soldier house save understand. Little but father sport factor responsibility child.,2025-07-16
1379,184,71,2,Public hotel interview throughout yourself myself.,2024-12-19
1380,367,34,2,Per right real end something community. Day dream whose character floor.,2025-11-20
1381,209,106,3,Evidence bit tax source wear own.,2026-05-24
1382,433,126,2,Push actually high military receive election. Wind notice camera direction painting kind believe.,2025-05-02
1383,872,123,2,Cultural garden fire reach same.,2025-05-16
1384,754,176,2,Exactly left report price could knowledge. Service with involve best.,2025-08-10
1385,705,90,3,Yard ever house or national. Those their source prove.,2025-12-24
1386,645,149,3,His sea according different science television manage.,2025-03-03
1387,239,164,3,Head society economy should right charge explain hour. Player past own break billion relate national.,2026-07-13
1388,219,76,3,War truth center cost. Ask probably cut catch traditional.,2026-05-10
1389,234,49,1,Radio senior color beyond seven. Morning class person far second.,2025-07-18
1390,747,164,4,Fall speech cover general enter watch. Material series wide hundred phone return.,2026-06-03
1391,81,7,1,Citizen then treat reach left the.,2024-09-19
1392,222,170,2,Reach team officer past Congress ask. Pm represent officer Congress.,2025-04-30
1393,1,137,4,Add policy seem happy mother. Simple dinner still seek scientist.,2025-03-04
1394,22,119,1,Down hundred newspaper theory.,2026-07-09
1395,626,190,3,Politics take exactly down.,2026-02-14
1396,36,169,2,Long property that.,2025-05-07
1397,300,106,5,Drop some recently account their employee respond.,2026-07-10
1398,334,30,2,Human garden specific buy. Study no agree.,2025-12-07
1399,938,139,3,Pattern guess let color hand reach goal operation. Low better dream pay wind chair.,2025-02-01
1400,157,122,2,Million themselves commercial population position relationship week.,2025-03-25
1401,801,161,5,Memory government attack contain office.,2025-06-27
1402,773,13,2,Brother need until institution sign decide treatment. Once including number less sign participant may people.,2025-06-24
1403,503,134,4,Meeting employee it close. We wait serious occur heart and ground.,2026-04-09
1404,910,91,5,Respond owner six return peace thank serious. Natural baby activity.,2026-01-27
1405,92,55,1,Sound early campaign present anything forward start. Fly every hundred.,2025-10-23
1406,67,134,3,Example hard wide why simple.,2024-10-01
1407,236,25,3,Sister hot present teacher red source. Decade paper company street seven everyone personal.,2026-05-27
1408,912,138,2,Result administration here.,2026-04-20
1409,27,191,3,Whole everything charge car.,2025-01-06
1410,531,109,4,Color plant against each management minute put. Research professional ten box everyone often.,2025-11-28
1411,959,55,1,Exactly born else say. Top involve popular pattern use young.,2025-10-17
1412,651,6,1,Learn my go line degree huge.,2025-01-08
1413,257,180,4,Good customer mention different administration.,2026-06-13
1414,409,66,3,Main adult car military drive.,2025-02-24
1415,756,26,5,Professor side design daughter player. Plant southern seem develop movement.,2025-01-20
1416,301,56,2,Along data live theory almost weight research.,2025-02-24
1417,659,154,4,Condition daughter fine very watch owner fact. Can above join into.,2026-02-19
1418,718,87,3,Bit network vote environmental discuss among teach.,2025-05-20
1419,997,92,5,Generation seat behavior fly politics her serious. Agent foreign without question mother data.,2025-01-13
1420,579,104,4,Exist clearly other.,2024-12-26
1421,129,113,1,Rate still sure spring sing responsibility citizen. Attention particularly describe two think front.,2025-12-26
1422,115,46,5,Off stand city media sign.,2025-05-06
1423,345,24,4,Weight bit wonder type.,2026-03-03
1424,470,191,4,Return really account meeting year firm along.,2026-01-19
1425,926,141,4,Summer education owner role field bar seek.,2025-04-20
1426,415,54,4,Day free increase live doctor.,2026-07-20
1427,259,47,4,Tree him improve. Green arrive owner course participant find.,2026-04-18
1428,746,72,2,Finish hope leader office.,2026-01-22
1429,714,40,5,Education turn event. Himself model power thank.,2026-05-10
1430,309,19,3,Fill enough since information summer plant purpose consumer.,2024-11-24
1431,531,97,2,Practice mouth area relate must television true cell. Trial nearly crime cover along notice.,2025-10-06
1432,524,122,3,Four approach forward institution current nation. Student both care.,2025-01-05
1433,217,143,3,Can game better practice.,2026-08-07
1434,366,24,5,Condition usually agree activity boy hear set. Notice there marriage church dream population white.,2025-10-20
1435,634,22,5,Eat father contain class drug word.,2026-04-07
1436,470,33,2,Great music economy news party fight church. Age safe pressure office produce tree.,2025-12-18
1437,639,168,2,She administration field Republican. Cause student of find miss would.,2026-07-25
1438,133,49,5,Not left describe major.,2026-05-20
1439,984,117,4,Generation big bag fall.,2026-05-21
1440,608,133,5,Manager even skin next skill later art. Support listen whole college traditional.,2026-05-29
1441,894,9,1,Third would story include might blood.,2025-12-28
1442,214,124,2,Agent wife total sport. Born prevent indicate similar best international morning.,2025-08-02
1443,653,184,3,Reflect whether factor single federal. Guy thing hear few police worker win.,2025-06-08
1444,50,155,3,Physical spend team hit.,2025-06-29
1445,270,104,5,Hear send another community.,2024-11-09
1446,441,147,3,Arm speak star government upon. Head plan avoid find yard add.,2024-12-19
1447,608,66,3,Few positive fill. Prove perform yet decade action.,2024-12-16
1448,520,130,4,Recently employee director each design. Hair image seat image.,2025-03-17
1449,366,85,5,Cause thank think entire sister need.,2025-01-29
1450,973,55,1,Ready dream newspaper concern group another form different.,2024-12-15
1451,705,23,1,Reason physical choice bag before. Yes week treatment including partner.,2025-10-20
1452,231,184,1,Entire attention voice thus rule teacher home.,2024-10-04
1453,464,15,4,Story when fight rich. Stuff for in something cup.,2024-11-14
1454,464,52,4,The ground beyond artist.,2026-05-18
1455,643,193,1,Seat animal according matter body bill. Once especially gas standard.,2026-04-24
1456,42,90,5,With data sense even.,2024-11-24
1457,391,21,3,Tonight past score rich memory between. Say minute arm hit never white today.,2026-02-11
1458,23,162,3,Behind center indicate argue animal receive pattern indeed. Network nearly across us politics through.,2026-04-08
1459,321,70,5,Agency operation because than.,2026-07-07
1460,871,37,2,Card trip mother group eight experience.,2025-11-11
1461,855,10,3,Do series until magazine executive population. Lose safe goal.,2025-01-18
1462,867,114,4,Job support game not perhaps continue north what. Ever since visit would get inside prove.,2024-09-14
1463,749,30,4,Citizen poor practice exist enjoy process. Bag offer structure health quite world together.,2025-07-24
1464,943,22,4,Performance throughout yet number hair blood by technology.,2024-11-24
1465,773,94,3,Between wear assume approach.,2025-04-29
1466,680,2,3,Action arrive build. Month their another short despite over.,2025-05-27
1467,486,98,4,Difficult join recently say represent baby soon. Dream song expert world east.,2025-02-09
1468,981,53,1,Approach wish perhaps walk program include team. Before may up stage seven knowledge organization.,2026-01-06
1469,381,172,2,Operation also leave could.,2024-09-14
1470,515,122,1,First race age something. Under stand painting sound.,2026-08-27
1471,851,135,5,Answer hour teacher main myself cost clearly.,2025-11-03
1472,588,159,2,Why reduce since understand trial my.,2025-05-06
1473,903,17,5,Fill drug whole black teach operation baby.,2026-08-08
1474,261,104,4,Fall director down or hair wind.,2025-02-21
1475,725,151,3,Scene brother white.,2026-08-11
1476,109,92,3,Stand attack full born. Lay little ability marriage someone.,2026-04-03
1477,121,3,3,Government door prepare subject nice growth. Choose field unit forward girl.,2024-09-25
1478,622,12,1,Sell institution first.,2025-11-06
1479,805,40,5,Whatever everyone performance plant. Let media race answer name hear religious.,2025-01-14
1480,205,74,2,Their training certainly time environmental much scene.,2025-11-05
1481,960,34,3,Artist social great foot about clear around.,2026-04-06
1482,353,16,3,Body especially write girl source. Method car six ball shake note.,2025-04-06
1483,263,21,2,Future white particular less color check light.,2024-10-22
1484,164,140,1,Market item risk occur.,2024-11-07
1485,607,26,1,Cup father various agent particularly. Resource whatever information anyone may conference.,2024-11-27
1486,712,195,2,Figure discuss television hope whatever green.,2025-06-08
1487,124,122,1,Line big sort shoulder. Record analysis majority special almost pressure hand.,2026-02-20
1488,414,80,4,Pretty off almost risk member compare. Because make also church.,2024-12-31
1489,954,86,4,Us skill air turn.,2025-09-28
1490,640,185,5,Great pick it camera order foreign. Better authority debate relate board policy.,2025-08-16
1491,994,187,5,Front line approach mean yeah today management film. Similar performance wish despite amount or.,2026-02-13
1492,772,33,4,Off yard break human.,2026-01-13
1493,831,129,4,Difference floor size speak space.,2025-01-14
1494,519,155,2,Among table rock raise TV charge hit. Mouth daughter herself alone.,2025-04-23
1495,127,119,5,Right writer discuss truth leave increase one.,2024-10-07
1496,791,11,1,Road put PM dinner side. Process leg across good.,2025-02-02
1497,872,173,2,Position report color central.,2024-10-31
1498,625,58,4,Call positive ahead. Social start event ever discuss successful partner.,2024-10-01
1499,957,55,4,Wear manage central in south. Determine several accept ball beautiful culture increase.,2024-12-18
1500,685,25,4,Well treatment garden none particular order give.,2025-03-14
1501,104,148,3,Stage happen him parent letter.,2025-05-06
1502,288,152,3,Relationship language contain arrive can buy exist.,2025-10-11
1503,728,187,5,Girl light remember difference.,2025-03-27
1504,633,152,3,Data their rather option me life. Ago near seem determine need.,2026-02-04
1505,765,27,1,Thought cost try week happy.,2025-07-04
1506,549,69,1,Perform miss sell firm hair skill. Realize century off report leg history.,2026-05-03
1507,986,70,5,Capital evidence beautiful father. Challenge consider list expect whatever.,2025-03-30
1508,334,10,5,Oil respond television. Know factor trip prove you.,2025-11-04
1509,277,68,1,Onto Mr easy style tonight if purpose remain. Size blood vote necessary.,2025-03-06
1510,137,133,1,Through buy hour modern.,2025-08-22
1511,823,196,3,Although bed degree among senior natural impact. First then despite husband grow.,2025-04-18
1512,93,64,3,Which late might you better bank call health.,2025-10-12
1513,682,105,2,Personal young thousand many. Serious serve stop budget audience girl.,2025-09-12
1514,664,149,4,Late face test big. Sit for could can or design a.,2025-02-18
1515,885,183,5,Way agent they pay final day usually. Perform learn deep include itself movement age.,2025-07-11
1516,526,129,3,Prepare key administration expect. Another week finally others.,2025-03-21
1517,80,165,2,Bring gas level account nor.,2024-10-30
1518,75,119,3,Take analysis east issue.,2024-09-14
1519,978,60,3,Outside happen image Republican power edge.,2025-01-13
1520,467,190,5,Hour wall phone above produce describe.,2025-09-01
1521,2,57,5,Accept business can tax.,2024-10-04
1522,698,58,4,Let ever yeah leader newspaper marriage cut. Question movement can week system.,2025-11-27
1523,251,134,2,General act design ball about several there maybe. End five available front very.,2025-05-26
1524,805,89,4,Their fast from relate prove. Risk still event media.,2024-11-16
1525,65,81,2,Develop measure least seven.,2024-12-13
1526,760,156,4,One effort boy lay president cost. Board probably weight order admit.,2026-01-04
1527,507,49,5,Matter natural decade beautiful right bank beyond.,2026-07-07
1528,605,43,5,Could produce hour card.,2025-02-27
1529,327,26,2,Per someone seek away high easy.,2025-04-21
1530,371,110,3,Try industry feel end arrive study.,2026-03-22
1531,899,64,1,Probably become beyond spend force however. Guy where try necessary move.,2026-01-05
1532,715,6,4,Politics same tough hospital free within surface.,2025-01-04
1533,796,152,2,Film air program attention that. Through high field research.,2026-04-14
1534,116,40,4,Recent consider car above. Good yeah claim career their.,2025-08-28
1535,602,77,5,Rate have financial ago seem. Big expect power mean.,2026-01-02
1536,477,108,1,Name quite student might now three.,2026-05-23
1537,900,51,1,Second himself return analysis value save. Collection share particular drive manager improve.,2026-06-08
1538,86,130,5,Modern quickly west effect whole. Cut reflect less government raise.,2026-03-29
1539,55,7,1,Low land find present. Bag reality thank analysis want tax cost.,2024-12-30
1540,11,148,3,Sign they threat opportunity several draw. Upon indeed on hand force public tree.,2025-06-14
1541,210,15,4,Herself very those today. Yet stop season conference image red.,2024-09-30
1542,402,163,4,Mrs cost appear type.,2025-01-22
1543,769,123,3,Free pick as issue woman. Issue kid team not keep.,2026-08-07
1544,445,138,2,Example receive meeting book.,2025-10-02
1545,203,121,5,Necessary teacher administration despite fall sea change. Central five certain.,2026-07-30
1546,33,59,2,Process decade window side.,2024-10-06
1547,844,34,1,According reduce painting full along partner yard.,2024-10-13
1548,55,119,5,Teach order expect here cup.,2024-11-17
1549,555,31,4,Board per ten consider throughout something watch attorney.,2025-01-24
1550,349,75,3,Player ask hit almost condition stuff better.,2025-08-15
1551,772,192,3,Build who issue response call.,2026-03-12
1552,627,148,5,Consider hot describe interview some.,2024-10-27
1553,20,134,2,Focus expert sometimes still board just. Military occur situation care simply staff student.,2026-03-26
1554,560,162,3,View model back true mission house say national.,2025-09-14
1555,678,141,5,Way may seem third rest wide. Example effort theory difference.,2025-10-23
1556,157,191,2,Modern agreement put daughter ball. Both reality last call theory.,2025-07-13
1557,639,123,4,Outside use officer rather. Food body industry matter maintain fly.,2026-08-19
1558,603,12,1,Why collection structure. Production so kid mission majority fish speech piece.,2025-10-27
1559,535,49,3,All among pressure name word.,2025-06-03
1560,290,91,2,Almost interesting organization would baby. Soldier approach candidate reflect off play.,2025-03-03
1561,111,74,5,Anything entire improve way order result dream term. Prove goal organization down.,2024-10-08
1562,926,11,3,Test present blood husband. Street world media though owner.,2026-07-14
1563,828,196,1,Program of memory perform among so despite. Suggest air home fight image bank.,2025-10-31
1564,951,104,3,Hundred main task.,2024-09-29
1565,537,44,3,Week maybe ever. Assume career hotel know think.,2026-04-13
1566,875,43,5,Who wide before.,2026-07-09
1567,858,173,2,Group film foot start list mean available.,2025-10-14
1568,612,160,2,Exist ever early as.,2026-09-02
1569,400,153,3,Room mission that bag.,2026-05-30
1570,915,45,2,Industry why final hope memory positive.,2025-07-10
1571,375,192,1,Sure itself space answer which yet.,2025-03-30
1572,635,148,4,This a avoid future. Skin spend light current second executive operation.,2026-08-20
1573,707,188,5,Daughter democratic center ever themselves better. Everyone step happy work position agreement want.,2025-07-01
1574,355,164,3,Hot teacher issue beautiful light defense.,2024-12-11
1575,962,5,2,Senior admit something popular. Well whom group off bag.,2025-08-30
1576,959,143,5,Keep western line beautiful get company. Specific entire very notice education treat customer situation.,2026-06-24
1577,97,83,5,Memory nor town prevent process. Likely green wife law trade common.,2025-09-17
1578,38,137,3,Together industry hair candidate practice job. Around they team.,2025-07-31
1579,233,177,1,Wear lay support country democratic modern do. North until home model approach relate.,2026-05-09
1580,566,190,3,Talk share occur both hair large long.,2025-06-15
1581,230,60,3,Success each near market allow produce wear.,2026-06-13
1582,632,125,5,Argue public industry newspaper word. Parent fill energy professor treatment appear message off.,2024-12-09
1583,232,28,1,From arrive reflect break. Safe record field understand when talk she.,2025-07-21
1584,791,185,2,Music experience send man building rich or.,2026-04-22
1585,382,96,2,Capital instead toward goal only.,2024-12-28
1586,132,117,4,International believe scientist one become represent control. Mention worry check major.,2025-01-07
1587,820,146,3,Beat certainly school laugh ahead because from color.,2025-10-11
1588,18,74,3,Fast admit whole argue law draw article.,2025-03-31
1589,136,5,2,But training per job. Parent natural according the one.,2026-01-15
1590,827,189,2,Yard job debate beautiful production.,2025-03-24
1591,75,118,4,Moment pressure yes deal easy. Late surface clearly accept organization.,2025-09-18
1592,71,80,1,It race military least production so clear sometimes.,2026-01-27
1593,213,87,5,Game mouth office country.,2026-06-18
1594,576,137,2,Have agency happy process Congress power experience.,2025-04-04
1595,749,190,2,This issue change have area. City foreign actually accept.,2025-10-23
1596,60,17,3,You husband west national. Economic court box.,2025-05-05
1597,207,144,3,Financial finally popular option blood own then. North that voice according strong.,2025-05-09
1598,227,112,2,Might may condition rich population field poor from.,2025-11-22
1599,142,75,4,Sister item Democrat government maintain nation interest. Thing mean wrong pay government hot.,2025-06-06
1600,518,174,1,Short training responsibility can. Indeed several them like phone.,2026-07-30
1601,541,62,5,Opportunity seven sign much number. Choice off behavior together still seek affect.,2025-12-29
1602,942,60,1,Action magazine nothing across exist walk trial each.,2025-09-04
1603,315,89,4,Firm official strategy night. Similar point nor may several address group town.,2026-01-04
1604,798,170,2,Page lot start without senior skin. Behavior sport wish chair.,2025-12-20
1605,584,198,5,Yes Republican Mr. Wonder behavior institution myself democratic because.,2026-01-01
1606,946,137,2,Worker what run who than the better.,2025-12-24
1607,305,189,1,Hotel quite guy amount try tend.,2026-03-10
1608,356,121,1,Fund financial beat raise church learn.,2024-11-09
1609,486,31,5,List away rise suddenly career debate indicate.,2025-03-14
1610,703,147,2,Morning seat finally apply one economic. Leave tree say.,2026-01-03
1611,800,81,5,Author three skill economic.,2024-11-26
1612,591,190,5,Successful drug bit their. Face which four media.,2025-11-19
1613,500,168,5,Lose parent test consumer hair know. Support result financial generation sometimes nation about.,2025-12-18
1614,35,106,4,Choose week information must occur. Back technology must cold crime join.,2026-03-03
1615,59,192,1,Inside leave local if big become.,2026-01-31
1616,869,52,4,Issue agency property under. Painting stand short never attack fear kid.,2025-07-31
1617,53,140,4,Behavior radio lead author old eat board field. Involve factor measure card.,2026-05-01
1618,809,121,4,Look effect trade sea. Student arm dark carry dinner.,2025-09-15
1619,791,28,4,Imagine pay get minute.,2026-07-03
1620,157,2,3,If total environmental show positive. Off film civil much.,2026-08-25
1621,776,32,2,School well man bring drop accept. Listen eight easy painting year water mission.,2024-10-04
1622,646,51,2,Sound policy happen word improve leader sister share. Life drop watch few long indicate.,2025-10-27
1623,546,126,2,To nor game record race else.,2025-05-16
1624,664,117,3,Place picture argue project stuff across process I. Toward leave structure student herself seem quickly.,2026-03-21
1625,325,46,3,Building product white because allow. Natural become generation.,2025-04-06
1626,262,192,5,Entire information others might true front across. Cultural set population several.,2026-02-01
1627,729,67,3,Offer speech one owner case pick whether. People would light next mean despite them.,2026-02-03
1628,691,21,4,Letter development property be. Middle eat human gun.,2026-04-21
1629,262,182,1,Together design group decade remember.,2024-12-28
1630,677,131,5,Too cover he buy. Market subject perhaps few discover plant when.,2026-02-23
1631,87,194,5,Trip help lose generation four floor.,2025-03-30
1632,394,120,4,Surface watch as bag trade test identify family.,2026-05-01
1633,917,182,5,Safe according home person bad public.,2025-02-07
1634,883,110,5,Make sport memory challenge investment. Authority bad head idea front memory leg.,2025-07-11
1635,457,139,1,Last expect rather sound. National reduce quickly put matter.,2025-02-26
1636,519,34,3,Society well could box international.,2025-08-18
1637,825,43,4,Phone still begin activity begin second. Level office society sure sign difficult.,2026-08-17
1638,577,78,4,Parent sometimes change example past. Need happen account option chair stage fly.,2025-08-24
1639,737,117,5,Tree law mind responsibility action show. So buy wrong carry.,2025-05-10
1640,455,168,5,Newspaper wonder sport.,2026-01-05
1641,891,99,5,Any fast his serve. Leave statement summer front positive although.,2025-01-14
1642,576,96,5,Subject measure play several.,2025-03-16
1643,80,74,1,Almost kid scientist thing design.,2025-05-29
1644,546,88,2,Space allow range space hard just painting.,2025-08-21
1645,670,127,5,Card different daughter especially difficult why guy. Deal surface involve note part grow base while.,2025-05-26
1646,905,52,2,Itself plan push blood report how must. Boy home ground.,2025-08-07
1647,569,48,4,Person help set ready history him.,2025-05-20
1648,462,133,3,Red court keep. Environment own voice strong baby animal community almost.,2025-05-30
1649,954,36,1,Little rich most suffer need set here through.,2025-03-08
1650,327,64,1,Our door beyond store. Could Mrs house notice international fund.,2024-12-06
1651,344,45,1,Cup next series road pay north effort.,2025-12-05
1652,418,136,2,Which office like wind above movement will.,2024-12-04
1653,837,154,4,Type claim everybody gun contain human. Top simple without from my.,2026-05-25
1654,463,187,2,Occur positive month.,2025-07-25
1655,820,87,2,During few record voice forward trouble suffer.,2024-10-20
1656,4,184,1,Maybe view tree yet beat occur.,2025-03-05
1657,116,127,4,Investment woman continue.,2025-08-11
1658,829,155,5,Cold whole hundred other recently law.,2026-02-20
1659,437,79,5,Create everything scene wonder deal. Bit participant chair door quality whose.,2025-08-26
1660,700,142,5,Feeling new order ahead far travel decade.,2024-11-06
1661,148,100,1,Involve help teacher various environmental. Whether western not in wind.,2024-11-20
1662,246,95,1,The bit purpose.,2024-12-23
1663,297,61,4,East he radio sing certainly.,2025-08-08
1664,717,196,3,System have business tend off information candidate position.,2026-06-30
1665,553,63,4,Hit name two address. Care exist collection student cultural perhaps.,2026-02-05
1666,383,124,5,Result some report test instead music catch. Cover collection plan door seven social.,2026-07-16
1667,832,85,5,Yes imagine happen explain.,2026-07-31
1668,12,147,1,Base I wait job lose friend.,2025-08-23
1669,311,173,1,Heavy near indicate.,2024-12-29
1670,708,123,2,Court long person test response while stop.,2026-08-27
1671,936,75,1,Free memory policy well. Executive top economic drop wind.,2025-06-06
1672,110,171,1,Break quite base glass.,2025-10-07
1673,986,1,4,Government me per test meeting.,2025-02-17
1674,670,18,1,Him democratic shake case must result.,2026-08-07
1675,917,129,2,Two while century major. Kind fine same training bag woman local.,2026-03-23
1676,93,134,3,Country seat successful at marriage outside ok.,2026-01-15
1677,215,88,4,Fact pass southern PM although. Future within major television.,2025-01-29
1678,809,59,3,Participant including three short race contain all pattern.,2026-04-12
1679,73,94,2,White board protect decide.,2025-11-04
1680,394,7,3,Way fact any like yard. Plant learn live style.,2026-05-16
1681,809,56,4,Economy with scene within any.,2025-11-27
1682,487,57,1,Society family parent down wide.,2025-03-04
1683,904,177,1,Herself easy bar authority others performance. Response call wish newspaper.,2026-03-27
1684,253,39,1,Mouth trade likely no most final. Before across future thought send.,2025-11-29
1685,398,93,4,Take produce base majority increase.,2025-04-30
1686,663,1,4,Pay woman big at.,2026-08-19
1687,65,105,2,Various we what main red environment teacher several. Hold least tree teach toward decade man.,2026-07-31
1688,825,150,4,Point strategy reveal animal standard end.,2025-05-12
1689,99,178,2,Team interesting maybe garden population. Maybe couple relationship watch dinner kitchen your.,2026-03-09
1690,19,108,2,Way she decision thought. Require PM blood.,2026-07-21
1691,747,133,2,Daughter middle word voice interest people law.,2025-08-16
1692,656,184,5,Thank agency most direction reality. Community three any know through not.,2025-10-15
1693,522,134,3,Role small threat by statement. Same about reduce watch speak.,2025-03-19
1694,626,166,1,Force eat among president where democratic question.,2024-11-22
1695,844,190,4,Concern send through bill.,2025-02-21
1696,710,100,1,Person law popular article choose picture factor. Live until prevent.,2026-08-26
1697,238,50,3,Process color city security executive indeed. Why former old almost natural ability recent.,2025-12-31
1698,763,50,2,Nice do guy allow main. Speech us majority unit rule.,2026-03-01
1699,658,154,4,Vote tonight deal.,2024-09-22
1700,50,93,2,These camera commercial TV clearly.,2026-08-16
1701,381,108,2,Cell method win our.,2024-12-31
1702,588,178,2,Property game us outside audience.,2024-10-06
1703,225,34,5,Thought miss election could.,2026-02-21
1704,58,197,4,Coach industry writer positive suffer compare.,2024-12-09
1705,213,73,4,Onto because live they manager for score.,2025-08-13
1706,878,157,1,Agreement live east indeed phone role machine.,2026-05-27
1707,27,94,5,Firm market PM.,2025-11-23
1708,510,109,5,Financial box dog wall ago trouble more. Company security eight fire music.,2025-09-18
1709,273,32,5,Theory job nor nation hundred land interest. Side doctor tell describe.,2025-05-14
1710,520,97,5,Theory act goal get executive would. Interest minute when many example expect end hear.,2025-08-22
1711,441,127,3,Work effect trouble couple rich.,2025-02-09
1712,448,40,1,While couple window yard sing great social forward.,2024-10-28
1713,800,133,3,Unit authority good set fine cut member we. Inside prepare politics forward before might.,2026-03-29
1714,528,127,2,Prevent parent free across minute. None it very establish.,2025-07-25
1715,680,192,5,Approach positive hour language expect standard. Agree civil agreement.,2025-07-25
1716,784,112,3,Impact lot these sport service should gun himself.,2024-09-21
1717,280,93,1,Authority sometimes go change no.,2026-08-09
1718,420,190,5,Life alone service chance. Too environmental environmental experience beautiful.,2025-07-27
1719,354,49,3,Scene movement live situation dog top out industry.,2026-08-21
1720,828,125,3,Note scene herself central stand.,2026-08-24
1721,145,151,1,Woman book without attorney national serve produce. Way practice risk quality.,2026-05-15
1722,463,8,3,Public compare important. Address she approach analysis.,2025-02-28
1723,167,174,2,Energy happy natural development leader.,2025-06-03
1724,506,127,1,Develop far reflect look source. Hold door message.,2025-04-04
1725,550,18,2,Onto unit cell.,2025-10-01
1726,636,105,3,Why step nice voice shoulder less service.,2025-01-17
1727,401,123,5,Dog suddenly them trial.,2025-04-16
1728,3,83,1,Significant between choice care benefit lot. Watch agency collection find.,2026-08-21
1729,163,7,4,Traditional board ask nation always available. Car something something rest.,2025-08-27
1730,444,99,1,Know season business until.,2025-12-31
1731,125,62,3,Good entire else fact long lose. Feeling wife happy follow gas end note four.,2024-10-23
1732,970,73,2,This quite should.,2025-08-07
1733,327,84,1,Concern child nor soon rich author her. Today late collection.,2026-07-03
1734,276,104,3,Personal raise plan little then Congress.,2026-01-25
1735,463,18,4,Present answer well.,2025-03-02
1736,701,22,1,Alone her baby mouth end century once. School institution system fall include nation.,2026-04-08
1737,416,65,2,Rock good top hope still station. Resource market power push.,2026-06-03
1738,731,49,3,Serve rise after tough picture again. Everybody affect news position.,2025-10-12
1739,619,58,2,Through out fight million happy wish operation however.,2025-12-06
1740,189,46,1,From black treat actually major consider others.,2025-07-29
1741,186,23,4,Our pay director shake few strategy. Degree another yeah war really catch number.,2024-11-14
1742,139,200,1,Action store space rich stage both table. Western check arrive body less.,2026-01-21
1743,129,34,3,Understand model become campaign. Their young pay.,2025-01-28
1744,455,35,2,Wear condition time soon senior news north. Attention peace democratic property.,2026-05-29
1745,485,52,4,Really agree major eight view. Among happen follow imagine market tend.,2025-06-09
1746,326,83,3,Although boy easy race determine phone result be.,2024-09-30
1747,760,55,1,Peace final treat decade bad poor study. Worry either physical another.,2025-04-03
1748,580,19,1,Organization scientist sport positive even billion.,2025-12-15
1749,57,49,3,Chair response record energy oil him require. Blood officer letter beyond leg first may.,2025-08-04
1750,243,2,1,Community term work wide.,2026-03-07
1751,37,2,4,Present president trip image society but service. Even industry force letter.,2026-03-23
1752,17,194,2,Result may performance fight environment system.,2025-08-04
1753,23,137,4,Last hope investment list toward continue. Song we establish order he.,2025-11-17
1754,159,194,3,Recent sing risk. Magazine cause black off pull deep model.,2025-04-06
1755,557,158,3,Number represent wall thought brother. Total choose range consider friend manager.,2026-07-26
1756,219,44,3,Outside agency mouth.,2024-10-14
1757,338,97,3,Stand put project hospital decision.,2026-07-07
1758,660,173,3,Majority fall poor strategy nation behavior bag. Market where hand vote.,2025-12-16
1759,399,58,2,Ten century west degree.,2026-06-09
1760,875,64,4,Social always direction quality goal. Machine eight so would to significant.,2025-01-12
1761,35,68,3,Address gun up nor mission billion.,2026-03-06
1762,205,8,1,Paper president hand step hope well ask. Fly three walk century real.,2025-08-05
1763,665,52,2,Value sport possible Mr.,2026-08-25
1764,8,34,1,Oil war keep determine hold focus. Job product writer fast.,2024-10-27
1765,615,117,3,Life resource level discuss peace bad.,2024-11-01
1766,483,12,3,Water guy animal cause another send night.,2026-02-04
1767,850,117,4,Goal why leg director system specific.,2026-07-15
1768,782,49,3,Yet travel site industry how including so. Less agreement news mind thing employee fact hot.,2026-08-27
1769,2,128,5,Base or not three any identify better reach.,2026-03-28
1770,850,6,1,Room state green.,2026-05-22
1771,154,183,1,Choice reflect near traditional. Middle smile keep key meet nothing.,2026-02-23
1772,392,9,3,Might spend catch. Why respond record international instead brother.,2026-04-27
1773,223,109,4,Push animal score office. Possible bank very.,2026-04-23
1774,832,64,3,Effect story education baby stay. Remain side professional enter perform life ask.,2026-01-10
1775,465,122,4,Ready bed time night. Begin green parent enjoy floor player.,2024-10-20
1776,69,21,3,Better interview lawyer their lay yeah.,2026-08-16
1777,424,125,4,Foot cost detail answer go none. Wall interesting career professor number.,2025-04-05
1778,233,197,1,Head however man billion. Leave dream today.,2026-06-09
1779,49,116,5,Forward speak treatment many middle worry. Force quite along win just.,2025-09-14
1780,211,11,5,Own upon student speak size account defense.,2024-12-14
1781,73,19,1,After strategy me behind speak. Down factor instead job fine.,2025-04-02
1782,719,155,3,Level vote south anything ability admit professor. Continue wear story fly whatever.,2024-09-06
1783,586,166,5,Now hear full day. Artist hit avoid physical once message.,2025-04-14
1784,993,39,3,Small class investment much the.,2025-07-02
1785,171,104,4,Too lose north. Step alone a institution girl audience.,2025-11-12
1786,848,21,4,Assume outside direction face serve enough evidence.,2025-05-28
1787,971,10,2,State keep likely address whole. High anyone store truth develop media important.,2025-04-10
1788,541,51,4,Subject go put ability story real. He total end why.,2025-01-11
1789,505,89,3,Why participant explain become.,2026-05-16
1790,865,113,1,Charge exist miss team specific large oil. Can cover area including so show agency century.,2024-10-25
1791,766,69,5,Girl game stage candidate easy parent difference college.,2026-09-02
1792,966,88,1,Drug develop fact free late.,2025-01-09
1793,373,196,1,Minute most worry pattern. Entire cup production who door challenge.,2026-06-21
1794,392,163,5,My student live face painting at right night.,2026-08-03
1795,234,179,5,Mrs movement worry city admit grow.,2026-05-03
1796,577,200,5,Help identify dream performance culture maintain or. Stock more key my.,2025-11-13
1797,857,191,1,Trouble pretty citizen a method say pass.,2026-03-11
1798,366,99,2,Role several clear billion chance response goal million. Scene speech reveal.,2025-06-05
1799,601,87,5,As believe general. It very think occur along.,2026-02-01
1800,620,10,5,Standard amount money.,2026-03-16
1801,203,180,1,Reach apply mind bill law provide population position.,2025-08-24
1802,185,40,4,Phone inside window least from society prevent. The only sort activity personal old or.,2025-12-22
1803,569,47,2,Statement of past determine start art.,2025-11-29
1804,723,9,1,Everybody dinner magazine yeah.,2025-09-10
1805,407,174,5,Perhaps before since health old with.,2025-03-16
1806,37,124,4,Society he already food.,2025-03-01
1807,263,82,2,Method material five cost attack. Its mission history figure phone.,2026-06-18
1808,267,72,1,Property lay option citizen chance.,2025-07-04
1809,342,102,5,Large doctor inside fall two leader. Explain material computer threat occur.,2026-05-11
1810,126,13,2,Present computer hour. Become sense time would cultural indeed cover.,2025-08-12
1811,331,8,5,Run collection sign human ever so tax.,2025-11-24
1812,623,102,1,Democratic through close four.,2024-10-16
1813,242,134,5,Actually experience really this ago discuss.,2024-12-01
1814,733,122,1,That surface wall trouble.,2025-12-06
1815,137,106,1,Challenge usually determine special water care.,2026-03-28
1816,604,55,1,Address source long. Institution actually ahead to realize need top.,2026-07-28
1817,349,137,2,Of prevent capital indeed animal yard.,2026-02-23
1818,293,107,2,Daughter ready manage nor ask.,2025-04-29
1819,551,179,2,Rest site teacher who.,2024-12-17
1820,184,45,3,Who even compare half usually state same.,2025-01-10
1821,378,177,4,Director when sister.,2025-12-28
1822,998,178,2,Avoid upon on day treat set.,2024-09-12
1823,570,20,4,From fall life dream staff indicate boy. Because water third parent fight feeling goal set.,2024-12-03
1824,337,19,5,Determine she suddenly center least middle prevent. Our under power.,2025-01-19
1825,524,145,1,For save recognize specific trial.,2025-01-19
1826,90,11,5,Institution visit skin half institution relationship ability clearly. Student whose service wind red.,2025-01-03
1827,819,186,2,Source lay actually. Attack admit continue project.,2025-03-14
1828,196,135,4,Artist population finish hit. Price worker feeling.,2024-11-17
1829,907,171,2,Even marriage because anyone. Detail bar follow decide pressure.,2024-12-01
1830,917,150,1,Dog heart great forward smile. Design off agreement well rather brother discover build.,2024-09-24
1831,614,68,5,Ready surface cost blue. Suggest charge late us class name.,2024-12-08
1832,138,14,1,Enjoy season send who approach than. Decision field let level generation reflect choice.,2025-09-17
1833,820,190,2,White relate human.,2024-12-24
1834,930,122,3,Specific part end film thank situation. Single eight court reach.,2024-12-20
1835,879,156,4,Billion strategy fast never. Water wonder fall watch interesting choose.,2025-08-09
1836,110,73,3,Push especially a stage month same scientist. Wide bit because item.,2026-02-16
1837,389,155,4,History watch huge experience.,2025-09-18
1838,469,150,5,National certain first either condition suffer.,2025-08-07
1839,801,124,5,Indeed air bad. Outside toward take six factor election.,2025-03-27
1840,425,96,1,Research address drop deal. Stand international film who somebody while.,2025-09-07
1841,716,132,2,Activity feeling environmental stage price might.,2026-07-25
1842,998,112,2,Listen candidate above I indicate thus. Best fall none before.,2026-03-29
1843,405,160,3,Interview nice long western discover pay store.,2025-05-20
1844,940,8,4,Couple arrive throw. Scientist country require leader decision.,2026-07-11
1845,888,129,3,Keep themselves tend.,2026-03-14
1846,870,68,1,Difference who edge until throw boy fire.,2026-08-08
1847,640,99,1,Especially somebody fire forward agree wind food. Fight special month read.,2024-11-06
1848,602,162,4,Partner least economy full kid candidate near writer. From fine economic though whether official investment.,2024-09-14
1849,82,142,5,Affect medical house this. Perhaps image green no push first bad.,2025-05-28
1850,995,15,3,Hot admit Republican discover trip manager.,2025-07-18
1851,945,107,2,Boy maintain growth middle soon party. Employee firm care around travel surface huge.,2024-11-08
1852,627,185,5,Paper leave book long step behind. Big practice particularly west character wrong need.,2025-07-15
1853,364,132,5,Then throw guy woman suffer third nature.,2024-10-23
1854,591,69,5,Million each perhaps fall real camera skin himself. Lawyer move million capital occur less.,2026-05-24
1855,542,13,5,Career only day age role smile.,2025-05-01
1856,403,101,2,Yourself forward bed after story.,2025-04-01
1857,482,54,2,Cold usually item drop.,2024-11-12
1858,307,192,4,Majority mother from capital network who his.,2026-03-27
1859,399,139,1,Second training office suddenly chair deep. Interview tough matter issue bill beautiful activity.,2025-08-05
1860,139,161,3,Blood thought scene tend. Exist care moment create.,2026-03-03
1861,232,50,5,Away agent even produce six any. Catch toward upon answer.,2024-09-08
1862,217,166,3,Model every subject Congress. Threat bit generation brother between.,2025-06-17
1863,239,105,2,High indicate bag response southern list doctor move. Adult it ago join believe ask strategy.,2026-05-14
1864,624,160,3,Whether under school happy room particular mean current. Theory day drive particular.,2025-11-20
1865,408,41,3,Candidate record huge form.,2026-05-15
1866,132,1,5,Since important might bar cost. Along sense dark since reveal week.,2025-04-27
1867,857,95,2,Couple one individual painting understand window try. Audience who central southern.,2025-05-01
1868,176,149,4,Just thousand reach vote clearly down. First build gas gun public.,2025-05-13
1869,333,15,4,Hold president sea behavior her partner. Allow opportunity hear again.,2025-01-17
1870,298,61,5,Bank consumer need check important.,2025-06-03
1871,354,102,5,Have music game skin. Son send environment investment five small mean same.,2026-01-18
1872,389,183,4,Official or edge long structure.,2025-08-21
1873,210,82,4,Standard charge war cover land dog fact.,2025-06-10
1874,900,10,1,Tv bank American wide wide.,2026-03-03
1875,35,149,5,Nor capital that.,2026-06-24
1876,743,136,5,True sometimes activity participant speak throw sound.,2025-07-31
1877,983,69,5,Nearly PM stand leader ahead.,2025-07-26
1878,474,187,3,Player score sell later near hour.,2025-10-31
1879,413,18,5,Account ask threat push himself door. Reason about military.,2026-01-27
1880,372,36,2,Address sound leg drop build those bag. Board poor list sort significant bag sit star.,2025-02-12
1881,451,73,2,Training expert difficult left truth until.,2025-02-21
1882,446,17,5,At cut debate think. Feeling surface itself attack modern speech science note.,2025-05-16
1883,910,64,4,Media night serious join. Maybe measure matter environmental reason TV level ask.,2026-07-05
1884,150,200,1,Indeed sign staff win including whether occur. Beyond effort so cup theory pick.,2025-07-28
1885,152,29,4,End quite across myself learn if business. College sound company college fund.,2025-04-26
1886,407,17,3,Low allow fire person energy.,2025-10-04
1887,645,71,2,Government it lose media listen anyone. Security toward explain it.,2024-11-17
1888,856,194,1,Law attorney catch man. Party probably often.,2026-01-11
1889,484,45,1,Arrive number nearly international too list.,2024-10-08
1890,243,4,5,Economy article mind Mrs moment goal party.,2025-02-26
1891,441,96,5,Keep really say. Third employee cut their surface.,2024-09-27
1892,589,26,3,Everyone act treat every.,2024-10-19
1893,937,144,4,Enter career even building American movie. Whole enjoy traditional person drive before anyone.,2026-03-08
1894,847,175,3,According try thousand operation available write us. Environmental address have list.,2026-08-10
1895,869,7,5,Bag always system key. Throughout five arm responsibility nature positive.,2025-03-29
1896,101,197,3,Generation sea say indeed.,2026-05-30
1897,593,151,5,Board soon send thousand make environmental. Not resource everybody within off.,2025-03-05
1898,116,172,2,Door staff difference everything person million leader. Available step ever movie suggest.,2024-12-18
1899,358,73,3,Hear father own Republican. Fire their south effort yourself him citizen section.,2025-09-08
1900,705,155,4,Region adult build himself situation theory fight.,2025-07-03
1901,340,172,2,Rule kid smile analysis everybody page. Successful question military.,2026-05-17
1902,168,7,3,Dream fish significant consumer Mrs find.,2025-01-04
1903,995,195,4,Part number film. Wife wide cup sometimes you want.,2025-09-27
1904,977,187,5,Suggest with feeling. Letter tough audience road discover what call.,2024-09-20
1905,14,133,2,Item soldier provide why include far. Have off want seat marriage happen end.,2025-03-05
1906,878,55,3,Large air standard pay. Lay may degree fire.,2025-12-09
1907,965,13,2,Best individual determine perhaps although yeah.,2025-11-15
1908,590,113,3,Play total seat practice cut hundred college.,2024-12-09
1909,653,131,2,Accept keep manage worry management similar. West property entire child begin report.,2026-01-24
1910,351,78,3,Hour with Congress.,2024-12-21
1911,542,76,3,Special item plant check magazine factor rise.,2026-04-13
1912,473,95,2,Policy else son early own move president.,2024-09-13
1913,684,44,1,Bar story serious parent.,2026-05-12
1914,248,185,2,Room measure hotel cause. However art bed lawyer indeed issue soldier identify.,2026-04-22
1915,727,69,5,Ground allow goal may talk red.,2025-04-02
1916,335,59,4,Gun east away strong those put money. Week field someone sound.,2025-08-10
1917,995,138,1,Down south without big fear into social.,2025-05-08
1918,328,6,4,Condition both training.,2026-01-13
1919,413,152,4,Base product stand begin pass hair.,2024-09-08
1920,849,189,2,Movement area may sea teacher specific money.,2025-12-29
1921,484,8,1,Listen hotel onto ask never. Any stock explain past you try cell.,2026-08-31
1922,878,41,5,Type skill whom student window us.,2025-09-16
1923,619,22,3,Including leave however history he one.,2026-07-17
1924,335,105,5,Data officer ground old.,2025-10-01
1925,157,81,2,Character or above much all black something attention.,2025-08-07
1926,19,3,1,However always wait get thank ground. East east wear like parent open many.,2025-02-28
1927,588,17,4,Already daughter so grow political his. Fine process gun now.,2025-04-05
1928,28,161,2,Purpose well street early rather.,2026-04-08
1929,547,125,4,Pressure southern surface miss leg.,2025-06-13
1930,909,62,3,Yard field about police. Us make interesting town interview behavior couple either.,2026-04-17
1931,746,108,3,Relationship financial entire determine claim.,2025-10-01
1932,606,100,4,Reason hear huge today mother series. Line mission party few member.,2024-11-08
1933,136,109,3,Most create seven. During term various allow near.,2025-11-24
1934,351,55,3,Shoulder performance adult condition.,2025-11-11
1935,781,123,1,Type almost ball water. High major sense test position feel risk black.,2025-08-14
1936,484,7,1,Statement style after way. Southern make approach laugh with involve series wide.,2025-03-13
1937,111,145,3,Much team fact professional fear win wait. Actually more become three church idea.,2026-01-17
1938,652,108,2,Change concern world modern have.,2026-03-17
1939,23,67,2,Start increase role policy as painting take.,2026-04-05
1940,428,20,3,Agreement unit society hospital lay. Apply bill compare but occur consumer.,2024-11-06
1941,145,159,4,Live change feel detail involve foreign candidate nor. Study drop such training half its very write.,2026-05-17
1942,502,200,3,Serve sometimes against seven.,2025-02-01
1943,129,23,3,Stock cell finally later win item Democrat. Instead chance class economy sound.,2025-08-04
1944,707,127,3,Series sort political without agree get mother.,2025-11-10
1945,792,149,5,Job people produce red whom discover coach. Forward general international soon call interest.,2026-08-01
1946,485,60,5,Law participant experience more risk long hard.,2025-07-17
1947,500,41,5,Too score than minute.,2026-03-01
1948,250,117,1,Since leader beautiful modern.,2025-05-29
1949,379,93,3,Mr good democratic central office drug. Another success art thank case knowledge out suddenly.,2025-10-10
1950,340,107,4,Ready since response will.,2025-10-16
1951,42,94,4,East husband major. Statement fly home whole type analysis.,2026-08-08
1952,20,163,5,Couple finally enjoy rest someone hope.,2025-01-19
1953,974,17,2,Often fish involve magazine. Dinner begin magazine.,2025-09-17
1954,383,141,2,Card future decide sign. Raise already organization yes clearly.,2025-01-01
1955,948,90,4,Or understand miss respond color forget.,2026-02-24
1956,199,170,3,Option feeling send generation range the project. Red soon heavy air standard.,2026-07-23
1957,345,6,5,Trip son break writer card.,2025-12-16
1958,246,139,5,Chair look risk reality whose within agent social. Hot knowledge friend population authority night.,2025-11-18
1959,440,128,3,Difference leader happy structure. Believe pay discover information.,2026-01-17
1960,527,55,2,I per knowledge tell side black.,2024-09-20
1961,254,106,5,Range enter whose best choice money.,2024-09-02
1962,362,152,3,Most police certain above.,2025-02-02
1963,83,142,3,Cup Republican section any. Sing but address easy hope usually.,2026-02-05
1964,208,89,3,Effect young past focus.,2024-10-23
1965,664,8,2,Because base involve effort audience morning.,2025-10-28
1966,419,90,2,Us same feeling whose result.,2025-03-09
1967,438,149,4,Sell summer student medical weight.,2025-11-22
1968,818,150,1,Security before traditional way. Big include toward boy.,2025-03-12
1969,613,32,1,Eat scientist lawyer reduce money. Source expert key physical.,2025-08-02
1970,807,107,3,Soldier see reduce she.,2025-09-16
1971,523,179,2,Research investment develop successful.,2025-01-29
1972,527,119,4,Remember discuss gas up all. Check wind recent.,2026-03-17
1973,499,187,3,General film since no sign.,2025-01-07
1974,689,82,2,Company another beat behind this boy. Environment list check benefit bring once.,2024-11-03
1975,745,60,2,Control write many behavior policy since. Hold man always rise report plan page.,2025-10-06
1976,608,46,5,Run themselves reality network.,2026-09-02
1977,895,136,3,Exist require human book admit chair. Mention some step together home above value.,2025-06-09
1978,514,23,5,Toward as smile each. Far compare shake theory morning.,2025-08-21
1979,36,83,3,Member investment total news begin perform.,2026-03-26
1980,39,178,1,Score family discover resource figure. Soon safe plant environment car.,2025-10-08
1981,571,4,5,Smile way cause bring free.,2026-08-23
1982,673,115,3,Somebody court cold again tonight. Section budget live few view because.,2025-06-05
1983,223,198,2,With doctor past society. Debate total gun turn.,2025-01-05
1984,447,75,1,Husband follow close subject. Stock including thank.,2025-04-17
1985,511,187,4,War traditional religious character science police.,2026-06-26
1986,946,160,3,Inside simple poor white level none. Weight organization green amount.,2026-01-03
1987,571,165,3,Get wind huge just hotel nothing.,2024-10-25
1988,687,146,1,Difference nation ago simply page. Their for individual treat only be never.,2025-02-10
1989,538,115,4,Role notice civil bad crime then author. Middle election send approach likely focus.,2025-10-29
1990,695,28,2,Side race nearly doctor teacher strong study better.,2026-07-31
1991,620,181,5,Seek when determine. Be knowledge hour street camera.,2025-01-18
1992,420,124,2,Sign guess common for.,2025-11-20
1993,271,115,3,Fear near city.,2024-11-17
1994,240,135,2,Answer campaign clearly. Already exist build create minute.,2025-05-27
1995,963,4,2,Agree property hot great.,2026-01-13
1996,302,190,4,Nearly without realize trouble. Model wrong image remember.,2025-06-13
1997,370,71,2,How bag attention thousand mention long identify.,2025-02-24
1998,644,41,4,Reduce without conference grow recently write bit third.,2025-03-31
1999,94,146,5,To every politics line. Drive scene change dark realize national affect.,2025-02-03
2000,327,179,3,Contain this detail agree world.,2025-07-20
2001,282,132,1,Lead kid also both rule ago loss control. Recognize live prepare.,2025-05-10
2002,6,130,2,Hundred business finally likely born agent result window.,2025-01-11
2003,937,107,1,Appear particular toward protect single include seem. Mean that material.,2025-10-18
2004,171,135,2,Although listen discussion see. Dream receive late quality.,2026-05-16
2005,368,146,5,Yeah professional sell.,2026-06-30
2006,772,98,5,Around clearly assume stuff. Sell door maybe hand.,2024-12-14
2007,360,181,2,Like eight road sport nearly couple.,2024-12-07
2008,695,41,5,Capital hold remain. Argue analysis increase live full say.,2026-06-07
2009,465,181,4,Not all training teacher.,2026-04-17
2010,296,12,1,Clearly need something teacher home back employee exist.,2024-12-09
2011,377,71,2,Money interest important late dinner bar. Seem Republican tonight indicate strong seven western.,2025-11-23
2012,715,149,3,Eat my threat page.,2025-10-01
2013,47,47,4,Use study age side home many challenge. Main surface around thousand prove tax attention store.,2025-09-28
2014,571,91,2,Director across first candidate street democratic base.,2026-08-05
2015,116,121,5,Take ready too war strategy recognize exist.,2025-03-13
2016,68,74,4,Name may feel feel business.,2025-12-10
2017,643,144,4,Thus nation simple Mrs. Account five leader soon skill increase.,2026-07-17
2018,111,4,1,Central support religious professor.,2025-06-01
2019,765,161,3,Create dream street century.,2025-01-20
2020,304,109,2,Less none director tough treat along left.,2026-05-23
2021,536,137,2,Relationship carry new police.,2026-02-09
2022,555,60,1,Morning or under politics political whether vote oil. Magazine same when bag.,2024-11-20
2023,442,51,4,Somebody imagine sit.,2026-08-14
2024,794,164,5,Stand address participant.,2025-12-18
2025,951,66,4,World specific page effort middle manage especially rather.,2026-05-08
2026,17,87,1,Focus discover until crime weight land. Mr still detail fall them same.,2026-03-19
2027,366,96,1,Contain international less purpose. We mission anyone plan.,2025-04-07
2028,232,75,5,Same about finally indeed left compare. Seek past structure door.,2025-03-31
2029,477,62,2,Production short yard cause opportunity write.,2025-10-01
2030,906,122,5,Born thus year economic. Standard whatever grow note suggest security laugh.,2025-05-13
2031,834,88,3,Moment possible throw imagine firm military.,2025-07-13
2032,75,90,1,Town ok everybody investment positive turn process probably. Moment fine fly open sport little tree.,2025-01-04
2033,649,71,1,Build behavior prove name.,2025-09-05
2034,872,33,1,Method quite consumer radio decision.,2026-08-02
2035,823,105,3,Else suffer outside night deep cost cause.,2024-12-04
2036,686,124,2,Discover subject visit over.,2024-09-22
2037,978,18,1,Miss well suddenly today water through. More subject remember standard early ready.,2025-08-25
2038,46,51,3,Southern for cultural cover specific create election.,2025-04-02
2039,614,86,2,Watch article pretty challenge writer well role. Physical interest appear easy page firm challenge special.,2026-03-24
2040,199,122,4,Though fast tend force build toward. Scientist few thing try culture item.,2025-10-06
2041,150,80,3,Make benefit test participant drug.,2025-04-18
2042,695,157,1,Past area upon say. Against safe movement modern south eye pay letter.,2024-11-19
2043,287,200,2,Get those mention current.,2026-06-27
2044,731,170,5,Surface current majority cold.,2025-09-06
2045,502,17,2,Space front data sort responsibility. Television cover thing education stand bag land phone.,2026-04-22
2046,945,162,4,Or town occur television Congress career.,2026-01-19
2047,55,62,4,Always hospital move baby pressure floor.,2025-07-07
2048,74,94,2,Race card American body likely natural plan. Beautiful nature cultural red official outside.,2025-03-23
2049,38,98,3,Daughter first total both author yourself. Education loss consumer.,2025-03-26
2050,231,51,3,Hotel impact security push star.,2026-03-06
2051,534,31,2,Language spring bank at between town. Cause child against respond.,2026-08-11
2052,59,18,4,Land they green outside law thank law. Always grow detail attack.,2025-10-09
2053,113,30,4,Great past laugh.,2026-05-11
2054,46,121,3,Old enter town ten simple serve beat.,2026-02-26
2055,981,165,1,Difficult where scene sea money. Indeed likely live message.,2025-08-12
2056,282,184,4,Role position thought economy free do.,2025-01-04
2057,289,38,4,Fish general discussion discussion father book above.,2025-04-21
2058,223,13,2,Team reveal avoid model them join west. Section size watch out member instead marriage.,2026-01-24
2059,299,150,3,Card fish everything either.,2026-07-31
2060,912,9,2,Just seat increase. Theory show boy movement science wonder alone author.,2025-01-09
2061,792,108,3,Show keep skin right major southern major.,2024-11-23
2062,415,13,5,Hour perhaps draw road well remember understand.,2025-10-07
2063,337,70,5,Nothing call theory new. Level before point national government note clear.,2026-02-21
2064,331,91,3,Why against feel position tree professional. Citizen to whole across address particularly.,2025-09-29
2065,544,2,1,Pay grow fine air they different.,2026-05-13
2066,877,170,5,Final who student staff. Realize person including.,2024-11-09
2067,704,114,3,Parent adult toward hot military.,2026-04-29
2068,710,15,2,Moment western develop American decision partner arrive. In visit issue here baby draw.,2025-05-18
2069,227,60,5,At member six southern thousand. Admit deep value couple later.,2026-01-13
2070,65,178,1,Treatment teach enough call never. South day poor get pressure inside.,2026-06-19
2071,344,135,2,Chance brother from happen hundred development.,2026-07-14
2072,870,20,4,End population defense. Boy fish traditional sit.,2026-03-13
2073,656,41,1,Democratic agent bed plan several that experience.,2025-10-31
2074,862,195,5,Future investment key today run sea property.,2025-10-03
2075,834,60,4,Country support pretty television choice whole.,2025-09-17
2076,487,130,4,Contain nature discuss strong.,2025-07-26
2077,14,46,2,Involve son until himself rise reflect staff. Fine again money house rule.,2024-09-24
2078,630,83,5,Message save score under short. Without figure white service.,2025-01-21
2079,531,53,1,Stay candidate attack glass easy list. Form whose record series I clearly about.,2026-07-28
2080,719,39,4,Bed baby still low. Actually soon live agree what agent loss increase.,2025-02-12
2081,39,53,2,Until record care look. Trade push car.,2025-01-11
2082,880,97,5,She scene out north difficult medical understand.,2025-05-11
2083,694,19,1,Save nation response term budget. Drive whatever seven.,2026-07-12
2084,369,85,5,Individual ever record region try daughter.,2025-09-24
2085,994,127,2,Buy your debate each similar cost.,2026-01-12
2086,229,165,3,Program beat later chair information.,2025-09-03
2087,941,174,4,Population wall whose state game.,2026-02-01
2088,183,138,4,Choose difference project also. Suddenly grow others six.,2026-06-04
2089,718,109,5,Those reason of human.,2025-10-17
2090,702,131,4,Third rise ok poor lot.,2025-12-22
2091,778,2,3,Choice weight Democrat none level theory. Fine prove doctor.,2026-02-18
2092,787,108,2,Boy either interesting make. Mr bar certain.,2025-02-21
2093,134,164,5,Hospital rock partner law tonight public. Training measure field necessary.,2025-08-23
2094,265,172,5,On key us southern begin. Cause pattern one bad.,2025-09-10
2095,986,42,4,Difference throughout help production office form. Yard arrive agree pay.,2025-07-02
2096,583,74,4,Blue how prepare sister.,2026-02-19
2097,738,86,3,Step approach far leader. Before air leave voice within.,2026-02-13
2098,517,107,3,Teacher last hot party herself grow. Generation can suffer account quality arrive.,2024-12-04
2099,28,143,4,Focus loss nor player organization herself amount.,2026-02-09
2100,737,174,5,Open may do radio mother.,2025-04-02
2101,980,138,1,Thousand president involve last ever recent. Town long late day fill.,2024-10-26
2102,37,104,5,Hot song anyone every. Throw assume anyone little until cultural little week.,2025-12-25
2103,289,155,1,Listen suggest realize over enter. World air loss wrong easy main lot.,2024-12-09
2104,545,200,3,Cut member need.,2025-03-11
2105,68,195,1,Low nature article senior identify share career of.,2025-12-09
2106,736,123,4,Old live model series traditional face right.,2024-12-15
2107,310,6,1,Gas lay matter where college. Side last new wrong everything.,2026-02-11
2108,377,35,2,Early series easy else president most. Painting data father admit class through culture any.,2026-02-08
2109,660,188,2,Tell travel big event attention. Much strategy size here across you common break.,2024-11-16
2110,340,156,4,Magazine force join compare part tend draw employee.,2025-09-22
2111,32,64,4,Bar attorney baby yeah former.,2026-01-03
2112,745,127,4,Coach three always base above able economy. Own approach understand daughter season pick.,2025-01-02
2113,403,145,3,Several exactly bag government manager. Raise wall sort star state.,2026-03-23
2114,696,97,5,Final word yet my conference.,2026-07-03
2115,445,30,3,Leader him someone spring. Class under gas decade modern continue whether.,2026-09-01
2116,730,182,1,Particular bad arm it network wall. Perform what especially.,2025-05-20
2117,328,106,1,Stand arm pass receive nice happy coach charge.,2026-03-17
2118,513,99,3,Argue these prove position six yard party. Candidate some western return simply design hold few.,2025-04-04
2119,170,118,2,Environment near true PM research. Order parent anyone drug for possible close.,2026-01-14
2120,586,103,3,Physical modern material son radio.,2026-07-28
2121,767,22,3,Exactly recent case. True both fact sense.,2026-06-05
2122,484,136,4,That represent line use stay. Fear lawyer school determine.,2025-11-16
2123,281,108,1,Study kind eight west close. Easy I option also rock word.,2025-09-04
2124,61,199,3,Area include Congress effect. Must take since attack.,2025-02-21
2125,841,63,5,Sea trade baby.,2025-07-15
2126,838,99,1,Add key team change. Heart start discussion boy public clear find if.,2025-09-07
2127,931,136,3,Require market memory our event.,2025-04-07
2128,627,69,4,Film can face or after fine address. Economic arm course present.,2026-04-03
2129,197,89,5,Exactly sport site compare.,2024-09-26
2130,427,122,2,Continue main owner that represent safe general. Sit pass hand give nation more low.,2025-06-24
2131,203,135,1,Way risk value join.,2025-07-27
2132,484,37,5,Then value hit set economy glass. Give structure trip her.,2026-05-09
2133,308,49,3,Difference important my reveal. Recent can gun remember.,2024-10-25
2134,789,118,2,Affect civil particular yeah prove reflect or.,2025-11-19
2135,571,153,3,Support blue oil fund century degree chair.,2025-07-08
2136,426,19,1,Study a job ground. Young many student both husband late change from.,2025-06-03
2137,714,125,5,Even institution feel national think people inside believe. Million view who must.,2024-09-25
2138,191,3,4,During decade baby practice.,2026-06-03
2139,172,154,1,Agent few should body free deal change soon.,2024-09-04
2140,683,179,1,Road owner according.,2025-02-25
2141,914,42,2,Natural peace factor mention.,2024-11-07
2142,820,123,3,Former option become list middle act court.,2025-11-29
2143,904,7,5,Down order money difficult. Far game size treatment group season born support.,2025-07-21
2144,375,113,2,Movement head kid never product positive song. Rate base suggest future identify job.,2026-02-04
2145,675,185,2,Fund eight little social ago world whom. Especially here bill back reality.,2025-03-30
2146,826,200,4,Strong lay candidate price news specific.,2026-02-15
2147,77,45,4,Better news important camera administration recent hold. Force get poor out second produce.,2026-03-25
2148,377,167,3,Easy design over about standard issue.,2026-08-26
2149,627,148,4,Trip past stay future science.,2025-04-12
2150,970,82,2,Big rock item wide young pressure someone.,2025-11-14
2151,273,47,2,Attention require deep next wish they while check.,2025-11-14
2152,910,70,1,Speech trial respond soldier itself include others.,2026-07-15
2153,734,74,3,Sea magazine positive themselves letter.,2024-11-05
2154,616,29,5,South its knowledge shoulder without race.,2025-11-24
2155,115,90,4,Chance court former.,2026-04-11
2156,11,169,2,Outside just system remain west hospital huge your. Be there return almost attorney benefit these.,2025-06-18
2157,700,50,2,Once leg culture. Material network deep bill away test physical.,2026-03-13
2158,477,153,4,True involve hit he. Modern other interest street.,2025-10-07
2159,759,83,5,Few safe Republican my appear a condition still. Democratic third fire seek something sell.,2025-04-06
2160,45,164,5,Address power identify item street.,2026-08-22
2161,280,87,1,Station get than something.,2025-03-31
2162,880,69,2,From worker since including. Five gun part common radio other.,2026-08-05
2163,639,2,2,Position civil situation view blue president.,2025-04-16
2164,463,16,1,Themselves up rest.,2026-05-03
2165,923,166,2,Sit himself among discussion people. Lot as economy poor chair doctor word garden.,2024-12-20
2166,207,125,4,Me record thousand house able.,2026-08-19
2167,350,151,5,Model must stop opportunity down.,2026-07-28
2168,65,47,5,Buy these star center worry music. Ago manage possible figure arrive task.,2024-10-25
2169,498,45,5,Affect marriage trade administration shoulder.,2026-06-30
2170,177,176,3,Interview everyone boy word study long according. See security rather class bit.,2024-09-07
2171,388,62,2,Three little subject appear again character its.,2025-09-24
2172,437,95,1,Environment else me knowledge. Identify serious white season over good treat.,2026-02-24
2173,815,15,5,Cause law picture option. Road drive Republican five.,2025-10-31
2174,189,36,1,Whether knowledge evidence bring detail may sure design.,2025-05-20
2175,120,147,4,Discussion common heavy present accept message bit another. Everything help same determine although rate compare.,2024-11-25
2176,789,25,5,Poor identify whether relationship think full.,2025-07-19
2177,817,2,4,Drive public several. American and agency economic.,2025-02-15
2178,897,87,1,Impact near decide left prevent television.,2025-05-27
2179,589,170,3,Four writer report dinner yard.,2026-02-02
2180,761,32,2,Gas main explain field seven material.,2026-08-28
2181,147,167,3,Throughout make trip anything however wait family.,2025-05-04
2182,408,200,5,Risk director authority. Billion relationship city responsibility put tell medical.,2026-06-08
2183,846,173,4,On less year identify bill quickly.,2026-07-19
2184,52,44,5,Interview cultural billion personal source popular everyone.,2025-10-01
2185,171,181,3,Improve its like speech they. Fall talk walk home style.,2025-07-17
2186,742,161,4,Hit thank girl program building.,2025-04-05
2187,246,101,5,Professional later mean ok. Consumer enjoy quite new agent.,2026-07-16
2188,971,26,1,Majority remain grow cultural raise research. Four he notice anything.,2025-12-06
2189,550,166,2,Event table listen capital big participant score skin.,2026-01-13
2190,330,127,3,He action from show edge. Wish staff tough security news.,2026-03-27
2191,536,18,2,Measure keep west thus yourself price. Sister think one.,2025-10-26
2192,436,154,2,Herself enjoy participant question consider teach inside commercial.,2026-01-20
2193,174,48,5,Visit while spring machine.,2025-02-21
2194,475,36,5,Yard which ball true stock country enjoy. Federal level product discover result forward rule.,2026-04-30
2195,229,191,4,Sport watch wall blue personal senior change weight. Garden leave meeting where article song.,2025-05-11
2196,767,15,1,Increase myself issue answer head effort. Debate red media say their eight chair.,2025-01-23
2197,673,64,3,Less support site federal.,2025-02-20
2198,806,115,2,Me church rest run behavior lot indeed. Economy about great option defense matter short.,2024-11-26
2199,659,171,2,Theory almost why team say yeah.,2024-12-03
2200,92,101,4,Whose fire senior. Machine church care second.,2025-09-25
2201,156,150,1,More executive before. Image decision pick most least in provide.,2025-03-07
2202,272,97,5,Election part kid late police dinner. Standard fish radio move part hot fund.,2024-11-27
2203,863,122,1,Figure degree Democrat politics. Car wall relationship knowledge modern family.,2026-03-16
2204,371,6,4,Perhaps house single minute key ball. Feeling interesting trade they including catch.,2026-03-14
2205,97,194,2,Far same couple against hair whether.,2026-06-22
2206,102,141,2,Mission test deal.,2025-08-24
2207,963,195,3,There hit drive perhaps. Doctor politics discuss pass exist him information key.,2026-05-28
2208,26,194,1,School end television how.,2024-10-10
2209,663,52,4,Win woman activity month.,2025-08-22
2210,983,10,3,National watch conference alone attention the west single.,2025-12-11
2211,34,141,5,Firm become ok policy by sense.,2024-09-14
2212,749,101,4,Industry off two none. Course national will wide risk.,2025-08-01
2213,902,41,1,Performance arm listen become investment this contain same.,2026-08-20
2214,82,146,2,Decade black mission visit. Notice would least still impact dark military.,2026-07-19
2215,658,158,4,Smile move without there its wall situation.,2026-03-01
2216,432,188,3,Mr long foot call chance. East contain pass apply foreign.,2026-03-19
2217,349,134,3,Glass grow response affect reason then. Somebody use difficult wide entire hold country.,2024-10-11
2218,241,180,2,Mouth imagine often base man phone single. General understand fast.,2025-02-20
2219,750,172,2,New drug peace spend story.,2024-09-02
2220,491,171,3,Share follow pressure upon eight together. Near wear her.,2026-04-29
2221,453,109,4,Third reason matter shoulder cost close. Enjoy trade type.,2025-07-07
2222,270,165,1,Watch allow star range avoid.,2026-03-13
2223,684,178,5,Important none involve else any expert. Administration start popular sign decade travel.,2026-08-16
2224,360,51,1,Wear young rise want education everything.,2025-01-14
2225,85,49,2,Type lead dinner and series interview list.,2026-07-22
2226,536,186,2,Similar two air other section above girl walk.,2026-02-23
2227,377,187,5,Culture beyond form think line loss class.,2025-04-15
2228,533,132,2,Body some begin floor control music rather.,2026-08-28
2229,710,125,3,Sort skin cell perhaps last baby student middle. No where amount TV.,2025-08-08
2230,135,192,2,Election build actually whose call whom entire.,2024-11-17
2231,681,40,3,No available local.,2025-11-11
2232,44,117,5,Choice return high. Feel professional price small reach too technology them.,2025-07-10
2233,696,164,1,Everything beat good parent TV.,2024-12-13
2234,59,173,3,Significant difficult spend military.,2025-06-29
2235,29,69,2,Less raise education save current guy mean. Long help soldier story on shoulder people.,2025-04-20
2236,620,54,3,Card argue benefit effort crime church. Herself amount rather conference.,2025-07-19
2237,615,3,1,Step happy key page blue police together kind.,2025-07-20
2238,535,71,5,Reveal bank mind reduce name study customer simple. Record exactly cause.,2025-04-25
2239,310,183,3,Every attack case pay best possible.,2026-01-13
2240,495,32,2,North ten matter similar listen four. Society a loss feel under production free meeting.,2024-10-16
2241,392,107,5,Five night range past sell. Sea though against structure within bed ball.,2025-08-31
2242,166,109,4,Life share near clearly land art very.,2025-05-15
2243,385,95,2,Example painting character manager official measure meet.,2026-07-13
2244,759,58,1,South industry red man.,2025-10-02
2245,517,32,4,Democratic especially moment cover author.,2026-06-27
2246,286,22,4,Research collection bad recently apply program industry.,2026-06-29
2247,903,147,3,Bed story movie.,2025-08-22
2248,650,24,3,Issue reflect later decision type. Image not federal.,2026-08-18
2249,612,83,3,Military reduce as else image sing.,2025-01-11
2250,639,153,3,Baby catch enough back seat marriage.,2025-03-16
2251,189,38,3,Various shake population early anything part. Believe region usually onto now now.,2026-08-25
2252,91,80,2,Indicate hundred Republican really carry some production central.,2025-09-25
2253,734,55,2,Loss season range beautiful because game rock price. Rock side interview common event phone.,2025-08-21
2254,148,119,1,Message magazine kitchen believe protect argue national study. Attention first of.,2026-04-11
2255,175,126,5,Blood for idea part.,2025-07-05
2256,262,99,4,Put instead of painting account sing. Difference day last surface thought.,2025-12-19
2257,485,86,4,Spring why level cost pay.,2025-12-06
2258,960,70,1,Example question same. Plan ten can identify style.,2024-10-20
2259,633,143,5,Early style beyond international wear measure.,2026-04-12
2260,607,75,3,Together year hope.,2025-09-18
2261,966,61,1,Decide ground behind other region guy. Resource rise finish anyone but still.,2024-10-28
2262,359,117,3,Small study matter until program us car.,2025-02-19
2263,799,34,4,Step region cover rather wind. Goal carry history yet.,2024-09-24
2264,190,87,5,Quite wear know consumer seem system. Seek team southern difficult whatever between.,2025-11-04
2265,802,35,5,Effort article black girl water name avoid. Do surface talk yourself thing write as.,2026-07-05
2266,255,191,2,Believe task build environmental.,2025-02-14
2267,979,83,1,Institution onto our sound detail both control everything. Assume much word make those board.,2025-11-10
2268,123,60,1,Soldier week management.,2026-05-03
2269,89,179,2,Life local thing.,2026-06-17
2270,62,139,5,Career spend account great style TV nothing.,2025-12-31
2271,960,91,1,Catch population speak state example third their. Training maintain soldier sing although someone.,2025-04-07
2272,18,159,2,Fall push cultural current east police matter.,2024-09-07
2273,536,128,4,Rest reveal think book. Democratic happen century my happy win.,2025-08-30
2274,920,125,5,Big production wrong friend hold last take.,2024-09-23
2275,607,22,3,Class hard method value force argue. With never lay various surface capital room.,2025-01-07
2276,935,23,1,Discuss often purpose interest since fine great. Against sometimes partner artist instead difficult force.,2024-10-21
2277,138,22,2,Work information industry subject reflect. President practice top job.,2024-10-21
2278,856,180,3,Conference himself military thank near side.,2026-09-02
2279,283,26,2,Off wonder usually anyone leave voice sense. Tough author also bank rich.,2025-01-27
2280,737,122,4,Join represent treatment cut. Skin nature once goal always skill everybody positive.,2025-02-17
2281,317,114,2,Name start piece bar quickly.,2024-10-16
2282,31,109,1,Represent eat and kid. No everyone interest.,2025-04-06
2283,241,138,2,Raise right community include technology. Worker school family card customer.,2026-05-12
2284,460,185,4,Young difference power mother.,2026-07-23
2285,286,165,5,Leave road finish almost.,2025-09-03
2286,256,108,1,Job job time until.,2026-01-25
2287,808,113,2,Not push without reach outside who form. Treatment any those president.,2026-01-08
2288,28,152,4,Agent bag design green. Best discover heart even tonight better total.,2025-02-03
2289,637,50,3,Director industry whole risk choose.,2026-06-06
2290,641,22,5,Cultural road his water usually forward. Bank speech market natural occur television.,2025-10-13
2291,699,191,2,Wish fight affect agree your support challenge training. Look interesting such your process network but cost.,2024-09-22
2292,461,114,5,Its international century board rule deep out would. Month collection move citizen simply likely picture.,2025-08-16
2293,218,129,5,Participant statement pressure small brother positive discussion available.,2026-07-12
2294,796,17,2,Where you community.,2026-07-12
2295,878,187,4,Bed set here finish.,2026-08-01
2296,598,195,1,Truth get result effect.,2024-10-16
2297,49,195,2,Concern resource product training skin. They admit somebody begin know.,2024-10-08
2298,239,159,3,According how rest away quite air beautiful.,2026-06-07
2299,727,68,5,Receive bit able course western offer.,2026-08-30
2300,828,61,1,Partner order establish throughout discover school. Happy color however ahead parent forward wall.,2025-10-20
2301,85,81,5,Save something ball car between.,2026-01-23
2302,826,167,2,Career treatment truth full thank decision part. Between the oil.,2025-02-17
2303,899,196,2,Blue national send director far. Field wish father.,2025-07-15
2304,165,14,1,Data administration ask can.,2024-09-18
2305,264,197,5,Often also risk teach.,2025-03-07
2306,518,8,5,Dog away treatment white them worker smile.,2025-11-14
2307,803,107,2,Majority reach party turn.,2025-12-03
2308,910,80,4,I force Democrat hundred and writer none.,2026-05-26
2309,469,44,5,Network environmental about first community during. Your old responsibility high food cause meeting.,2025-08-02
2310,549,29,3,Green research home help.,2026-08-28
2311,679,33,1,Will cost morning rule listen. Give mind account make natural paper.,2025-11-29
2312,651,68,1,So hot daughter attention. North item figure should sometimes.,2026-05-21
2313,977,75,4,Pressure eat than catch. Who generation focus service way dinner out.,2026-04-07
2314,707,57,5,Measure town mission democratic sound either when still.,2026-01-04
2315,628,193,1,Apply by drug husband month read war still. Age no base art film.,2024-11-27
2316,219,107,4,Message experience say general decide loss.,2025-05-01
2317,545,70,1,Dark community TV better.,2026-04-02
2318,498,92,5,Board walk either let audience yes. A time exist option support ago.,2025-09-10
2319,171,87,2,Mouth some court political heavy. Pay bring walk but become offer word.,2025-02-15
2320,735,17,5,You kid require sign. Course sister rise consumer worry few conference.,2025-08-10
2321,822,146,4,Term sort strong look major exactly huge.,2025-11-21
2322,317,31,5,Personal information possible defense moment.,2025-10-19
2323,333,137,2,Color contain nearly anyone trip. Tv pick dog PM listen radio animal.,2026-04-11
2324,609,174,5,Wrong matter enough. Suggest we thank election direction think contain let.,2025-12-07
2325,117,78,5,Top trouble its it throw.,2025-07-30
2326,225,119,1,Western run item citizen huge necessary.,2025-04-02
2327,562,130,2,Fast charge song stay.,2026-05-25
2328,33,126,4,We American second police. Certainly behind child listen country interesting write.,2025-12-08
2329,535,100,5,Our foreign population girl field. Fish both smile cultural particularly American unit degree.,2026-05-27
2330,265,130,1,Issue however thus spend majority we those. Machine not event industry sure.,2025-08-16
2331,565,50,1,Administration according expert let short.,2025-12-31
2332,395,53,2,Because necessary dark thing us food number. Age range family reason cell market each.,2024-11-05
2333,710,89,4,Human mouth better resource dinner. Ten not then report stand still until.,2025-11-20
2334,552,134,1,Once nor this hour experience pay certain. Both budget international born never town single.,2026-07-22
2335,166,107,4,However better group hour. Pattern fly sign half.,2024-11-30
2336,754,88,4,Table care push reveal about leave whom.,2025-01-17
2337,927,193,1,I easy decade two. Tough particularly book dark cell.,2024-09-26
2338,713,46,3,Water be relationship not.,2026-08-05
2339,628,6,3,Chair hold piece sit six focus treatment image. Body place loss glass.,2026-04-06
2340,965,20,1,Environment senior success among. Ten morning skin.,2025-07-20
2341,553,32,1,Middle several deal marriage rest.,2026-03-22
2342,154,161,5,Simple accept task institution follow standard. Follow enjoy third form high article scene.,2026-05-13
2343,148,40,1,Four quickly choice participant quickly.,2025-02-02
2344,507,195,3,Onto stand safe father. Me then until together type because inside.,2025-08-15
2345,711,196,5,Kind we do occur.,2026-02-05
2346,684,10,4,Situation hard participant medical shake.,2025-12-02
2347,2,14,3,Then family continue small language finish free.,2026-03-12
2348,993,34,5,Follow full represent star skin edge.,2026-04-09
2349,175,131,4,Sport treatment there present oil increase east. True late although large specific up hotel.,2025-12-07
2350,186,15,4,Ready herself wonder article hot. Within join education from.,2025-03-04
2351,497,107,4,Between become beyond when forward about music. Development realize well food interesting financial.,2026-02-01
2352,23,195,1,Also my support describe. Subject while against myself term citizen.,2026-01-07
2353,806,14,5,Future much single particular month physical quite.,2025-10-24
2354,877,4,1,Interview ahead check environment someone interview. Church film west.,2025-11-07
2355,646,1,2,Our meet last section.,2026-07-18
2356,174,103,2,Job figure adult. Source expert who catch onto but participant.,2025-04-30
2357,881,73,3,Other prevent few activity almost bed trip.,2026-04-20
2358,310,145,5,Ever else maintain.,2025-08-13
2359,312,96,2,Lawyer machine medical amount enter meet task agreement. Five not magazine meet interest.,2025-03-25
2360,924,174,4,Property per yeah street within knowledge allow.,2025-04-17
2361,764,22,3,Present realize knowledge again town wish another.,2026-02-03
2362,166,158,5,Exist until listen together either story.,2025-07-13
2363,526,69,2,Base plan since.,2026-05-24
2364,994,102,4,Agree team board believe including wall enjoy buy.,2025-09-24
2365,736,125,2,Television our sell forward according hard.,2025-09-23
2366,490,130,4,Argue yard different. Medical relationship test wrong gun outside.,2025-12-24
2367,278,120,1,Step professor before answer run office community.,2025-06-07
2368,81,143,1,Address believe bad explain country respond hand. Agency soon not special whose treatment.,2026-04-27
2369,636,30,3,Bed world start talk personal industry prove.,2026-03-31
2370,774,151,2,Language everything sure young. Brother speak each ahead current ball.,2025-12-18
2371,114,67,4,Inside beat discover Mr.,2026-07-14
2372,641,47,5,Too performance other pressure between world.,2026-03-08
2373,277,56,4,Friend certainly often stuff series. Total factor begin story together girl.,2025-04-05
2374,917,82,2,Follow visit her decade.,2025-11-10
2375,139,15,2,Country wrong him might. Pay partner particularly citizen even.,2024-09-19
2376,849,73,2,Wait task art reduce. Oil relate large agent vote feel threat.,2025-11-12
2377,382,28,3,Thousand performance new.,2026-02-25
2378,859,20,5,Arrive everybody color material.,2024-12-22
2379,546,171,3,One child west food foreign. Summer suddenly per up walk.,2024-11-29
2380,85,114,5,Together three price rule arrive model education. Best prove fact score.,2026-01-06
2381,254,40,1,Analysis east ask role middle.,2026-01-16
2382,111,195,5,Only commercial money us.,2025-10-20
2383,17,136,5,Size name determine direction throughout right. Figure area while factor everyone news.,2026-02-27
2384,876,60,1,Floor practice wait serve matter hope. Agent arm drive star.,2026-01-17
2385,435,83,5,Life already beyond war.,2026-06-24
2386,38,109,3,Response assume type attention director anyone.,2025-11-24
2387,521,164,4,Nice someone hundred conference thing artist conference.,2024-11-18
2388,579,94,1,Same sister ball few.,2026-02-07
2389,401,14,1,Address behind one week fund foot.,2026-03-19
2390,134,119,4,Resource writer action believe. Management adult tonight in radio serve hot.,2025-05-10
2391,952,44,4,Send police artist fly down thought. Off avoid industry knowledge purpose.,2026-02-19
2392,383,1,5,Office month account green almost teach key performance.,2025-09-17
2393,801,87,3,Rise little sound reason. Our ability hold explain development yourself both somebody.,2025-02-13
2394,831,152,4,Toward town oil situation day. To property protect them one.,2025-01-06
2395,680,167,2,Measure year method very street. Available whose sea beyond same sign.,2025-03-14
2396,982,69,5,Stage anything most happen figure every. Anything nation situation stop structure theory catch.,2025-12-31
2397,337,56,4,Community form present risk include near all.,2026-04-23
2398,191,133,5,Reality every serve manager choice finish store. Your growth miss age control research force.,2024-10-08
2399,372,125,5,Final the develop green care member.,2026-06-01
2400,849,90,1,Though ok man professor scene because. Training outside own within staff similar radio.,2026-02-16
2401,305,43,3,Yes half ever though effect president.,2025-06-08
2402,456,33,1,Challenge church identify right design where from.,2024-12-17
2403,586,67,4,Other wonder also suddenly. Catch poor production health.,2026-05-23
2404,882,137,1,Need whether production interesting result activity. Baby shake anyone among game occur man four.,2024-09-12
2405,128,25,1,Let scene perhaps produce development me feeling.,2025-11-20
2406,172,6,3,Ask shake support message budget.,2026-06-30
2407,875,181,1,Pretty my current exist suggest college. Race husband study range wife truth.,2025-07-08
2408,275,159,3,Too allow ever with. My Republican environment fear result whom why.,2024-09-22
2409,278,112,5,Whatever game traditional window business safe real.,2025-09-05
2410,553,200,4,Happen husband money risk run own.,2026-03-18
2411,124,12,2,History another sign less media six anyone. Pretty police catch.,2026-08-07
2412,162,113,5,Him stop morning young necessary baby.,2026-03-25
2413,944,38,3,Official left question put. Short guess trip chance high benefit heavy.,2025-03-21
2414,992,47,2,Company our activity support ok second. Mission necessary care.,2024-09-10
2415,242,4,4,Nature today voice kind wonder.,2025-08-20
2416,161,195,1,Mother market month either its own.,2026-05-18
2417,112,123,3,Smile church air up.,2026-07-23
2418,326,116,2,Though myself important stuff.,2026-07-29
2419,55,81,2,Term of with set lay along former do.,2025-09-22
2420,232,54,1,What often per Republican trade apply form attack. Might part ok leg.,2025-07-12
2421,189,60,3,Really score star see foot ok. College painting change arm material federal.,2026-03-07
2422,918,159,5,Remember pressure serve suffer list single. Sense these director dark group.,2025-06-11
2423,430,53,1,Avoid boy success attention. Law card attention machine.,2024-10-31
2424,78,49,1,Executive order argue share understand pull argue data.,2026-03-08
2425,404,1,2,Kind physical responsibility thought exist movie wind stay.,2026-04-02
2426,210,127,2,Ten car many course almost.,2024-09-06
2427,613,167,1,Able fill season great grow enough.,2024-11-14
2428,369,184,3,Occur wide smile fast sister three situation.,2026-02-17
2429,102,99,5,Civil lead pull. Should world none letter.,2026-08-17
2430,83,80,4,Often wear care protect provide citizen history. Growth seem understand citizen left particularly sister.,2025-07-27
2431,865,9,5,Decide subject factor floor subject feel foreign.,2026-06-21
2432,536,186,5,Laugh simply bar cell. Its spend how car oil nothing answer.,2026-04-15
2433,59,67,2,People billion themselves teacher job.,2026-06-09
2434,35,142,4,Anyone attack professor you.,2025-07-01
2435,196,140,5,American appear industry need week ability already. Actually threat western edge evening west.,2026-04-27
2436,993,11,4,Go want federal trouble rich.,2024-11-24
2437,148,84,4,State matter agent marriage early culture network option. Third model behind rise company.,2026-03-09
2438,139,131,5,Democratic suffer place approach act. Production provide stuff quite common.,2025-10-27
2439,544,198,1,Join opportunity adult. Employee weight beat point off.,2025-10-28
2440,860,62,1,Represent more action game.,2024-11-04
2441,817,44,4,Loss certain region behind institution.,2026-03-26
2442,276,167,3,Fund imagine benefit series born.,2024-11-19
2443,634,96,5,Next ground maintain career operation paper.,2026-02-26
2444,299,57,3,Never everything discussion degree identify big.,2026-06-20
2445,808,36,4,Who it three past local fly area.,2025-01-08
2446,955,118,3,Truth summer firm family personal others spring.,2026-02-14
2447,907,15,1,Can speech month young however task. Land tax cold possible whom.,2025-05-18
2448,665,101,5,He rather account central bag gas travel. Page force service address.,2025-12-03
2449,691,114,1,Force side prevent policy property scene again. Administration appear part nice.,2026-05-12
2450,602,72,3,Direction wish pretty could strategy. Interest short at society speak spend yard go.,2024-10-29
2451,570,56,3,Something compare student cell economic. Pass interest somebody here produce that.,2024-12-04
2452,120,185,1,Spring some maintain go range make keep. Able determine investment listen trade.,2025-04-29
2453,534,33,4,Radio join any Republican scene property official. Show past capital instead.,2026-03-27
2454,213,19,5,Accept second require also wind relate.,2026-05-19
2455,413,167,5,Our present bill. Peace social present myself.,2026-05-24
2456,423,118,5,Trade politics half within first huge cost.,2025-02-28
2457,125,143,2,Ever commercial born fish. Professor family response respond serious.,2025-10-24
2458,175,86,4,Entire movie daughter bit leg lawyer.,2026-05-09
2459,111,113,4,Prove clearly discuss various.,2025-01-15
2460,803,164,4,Director sister politics yourself find note.,2026-07-18
2461,280,200,2,Message imagine free get left strong. Someone unit phone whether everybody.,2025-07-03
2462,355,9,1,Almost option radio know glass.,2026-07-11
2463,631,34,1,Wide church father decide.,2025-07-01
2464,620,155,2,Be say girl generation visit.,2026-02-28
2465,113,138,3,Yard something notice professor commercial show.,2025-07-30
2466,112,19,5,Bad return she ok forget recently situation.,2026-02-28
2467,666,83,2,Fall purpose wait kitchen up.,2026-04-19
2468,15,46,1,Soon agreement painting approach table organization. Beyond teach share oil pattern poor.,2026-07-13
2469,659,200,2,Middle five themselves eye wind human.,2025-07-21
2470,994,73,5,Beautiful want deep myself concern individual bill.,2026-04-30
2471,287,77,2,Author amount anything cover store new surface. Laugh age again politics news fund.,2025-06-12
2472,74,119,2,Study consumer marriage one provide action. Than deal term.,2025-10-23
2473,918,124,3,Note environmental certainly young give.,2026-01-25
2474,71,164,1,Image everyone trade look do describe fight.,2025-12-25
2475,337,143,2,A onto woman little explain.,2025-11-25
2476,205,97,1,Home development fill fine.,2025-01-13
2477,883,133,1,Certain activity exactly it save.,2026-05-15
2478,428,140,1,Society high large card rather water. Create discover task claim oil.,2024-12-20
2479,227,138,4,Key significant raise series.,2025-09-30
2480,712,15,1,Above answer campaign imagine almost language check.,2026-05-14
2481,767,154,5,Baby from quality still figure family especially ten. Believe some fast possible position scientist.,2026-01-15
2482,288,85,3,Father range tend exist.,2024-09-27
2483,951,14,3,Remain need loss the participant difficult fish change. For staff above yard among billion deal.,2025-07-28
2484,976,58,1,Character show deep concern teacher program structure.,2025-01-09
2485,776,146,2,Ask moment energy.,2024-11-27
2486,266,21,1,Leg many different firm campaign.,2025-06-11
2487,874,58,4,Job best former would stuff practice. Another measure use key television customer.,2025-01-30
2488,332,69,3,Subject reality red good resource special season.,2025-12-28
2489,162,132,3,New wind card time there those least or.,2025-03-07
2490,375,188,3,Foreign return season collection painting evidence.,2026-05-04
2491,712,152,5,Director improve game us program occur table. Cover discuss one design than.,2026-07-25
2492,291,91,2,Church various the really. Offer character president answer red between as.,2024-09-17
2493,254,108,3,With affect ever maintain. Doctor stage drop opportunity authority a.,2025-06-08
2494,720,137,1,Trade safe return cold interview.,2024-10-28
2495,539,61,2,Everybody analysis factor international.,2025-05-30
2496,236,20,2,Audience official model allow remember.,2026-07-26
2497,132,150,2,Relate herself amount role.,2024-11-18
2498,92,186,2,Gun put finally kind letter happy interesting lay. Memory health room cold machine remember.,2024-10-12
2499,897,17,1,Brother interview nature close also.,2024-10-27
2500,162,95,2,Recent computer skill. Money western could end require against.,2026-06-18
2501,252,54,1,Set seek war six.,2026-03-26
2502,452,98,3,Build where guess move against hear.,2026-07-26
2503,802,140,3,Question effect why should mouth rich.,2025-06-22
2504,941,196,3,Table understand address fine any western hair. No man staff order know final.,2024-10-31
2505,378,20,4,Special whose piece either word food some. Out everything everything under generation even thing people.,2025-05-25
2506,242,129,5,Method maintain little middle gun if.,2026-04-22
2507,94,15,1,Though interesting song image expect man. Question speech quite whom language community.,2026-08-08
2508,229,45,2,Everything Democrat build suffer skill specific ten bank.,2024-12-14
2509,512,158,2,Actually sure again plant box. Ground difficult family little true forward.,2024-12-28
2510,909,31,1,Risk after condition country. Peace happen side particularly necessary cup standard.,2024-10-17
2511,909,162,5,Production position senior seek. Mother community politics most each hotel opportunity.,2025-01-21
2512,986,173,4,World must month rate concern.,2025-12-14
2513,213,102,1,Six score wait cost very less. Respond all politics watch risk.,2025-06-30
2514,602,175,1,Lead senior whatever deal scene. Senior dream indicate.,2024-10-21
2515,54,145,5,Art argue culture then.,2025-05-26
2516,31,68,4,Trip year employee new director edge middle position.,2026-02-17
2517,901,65,1,Low record lot kitchen determine check. House century ever wish.,2024-10-06
2518,537,165,3,Article consider series exist wide role.,2026-07-08
2519,491,198,5,Beyond war turn reveal or unit exactly trouble.,2024-11-27
2520,464,125,1,Read north interesting trade.,2025-10-13
2521,285,118,4,Born large energy summer amount generation car age.,2025-04-23
2522,237,28,2,Something production teach however face compare second.,2025-04-10
2523,765,52,2,Statement financial event risk.,2025-03-11
2524,865,99,5,Natural everyone many however movement support participant. Western should group than.,2026-03-06
2525,701,126,1,Wear strategy drive now interest.,2026-04-20
2526,719,50,5,Interest ago along common.,2024-09-03
2527,185,189,4,Such economy evidence.,2025-12-24
2528,588,6,3,Study news expert miss.,2025-09-29
2529,811,48,1,Various gas success mother visit. Grow various all professor hospital type.,2026-07-06
2530,55,185,3,Truth wonder little firm far assume. Get follow us mean.,2025-03-09
2531,876,179,2,Space commercial suddenly road option skin. Write factor fight born alone no indicate.,2024-09-12
2532,773,57,4,Eight general nothing human scene letter car nor.,2025-06-29
2533,374,128,2,Himself read stand parent be.,2024-12-25
2534,741,136,5,Single reality method serve task. Statement your candidate all evidence alone.,2025-10-25
2535,839,12,2,Job operation certainly argue and world there ahead. Green success new religious bar.,2025-09-06
2536,959,97,5,Return factor trade cold eight every main.,2026-06-07
2537,506,49,2,Total mission wear great resource enjoy together. Become account will man most.,2024-12-16
2538,491,74,1,Growth while south worker quickly ask million trade.,2025-11-05
2539,581,72,3,Provide reduce college voice simply region.,2025-09-02
2540,169,188,2,Tonight school student yourself investment. May product table partner land happy.,2026-07-20
2541,633,11,5,Heart hand quite black indicate system drive. Difference book deep foreign.,2025-02-19
2542,986,25,5,Foreign dog race win world control now. Price rest miss medical by product.,2024-11-11
2543,780,113,3,Either skill now on.,2024-12-11
2544,740,77,3,His real much yet bar build close. Simply high place growth store but.,2025-10-13
2545,516,24,5,Ten write force once turn season have.,2025-10-26
2546,390,45,3,Buy offer economic stage next.,2025-03-14
2547,68,43,1,Inside agency would hotel agent not rock.,2026-02-19
2548,724,42,3,Onto film key material.,2024-11-22
2549,99,161,4,Late woman explain create approach do. Social for by board environment of military important.,2025-10-02
2550,292,194,5,Record surface develop see interview plant card.,2026-02-15
2551,33,137,2,Of reduce stay when they must.,2025-09-12
2552,494,30,1,Else just throughout country investment.,2026-04-26
2553,540,65,2,His certainly until six room break.,2025-07-25
2554,595,89,5,Remain collection day those. Probably picture early space appear.,2026-03-08
2555,142,31,1,Myself measure bring national a wrong.,2024-11-16
2556,23,151,2,Especially strategy west however town. Party attack owner suggest ground there nice.,2026-07-16
2557,612,108,2,Center ahead war foot third. Phone offer charge argue side time.,2025-04-05
2558,939,132,2,Next section picture. Unit shoulder act travel simple why talk vote.,2025-01-24
2559,485,200,4,Suggest near approach throw exist teach song.,2025-07-01
2560,616,123,2,Investment identify yeah civil simple administration. Usually happen perform camera consider.,2025-02-08
2561,493,142,4,Increase bag order tonight fill goal per compare.,2025-03-20
2562,606,139,5,Society force husband heart.,2026-05-24
2563,850,65,2,Newspaper cut understand again debate do.,2025-04-03
2564,48,67,1,Candidate whether feel. Draw give out.,2025-04-13
2565,164,26,1,Factor hand material article water. If rate left get believe for.,2025-07-21
2566,86,27,3,Tonight space foot thank soldier.,2025-07-02
2567,827,14,5,Avoid outside hospital experience attorney result. Animal note bill along seven.,2026-08-21
2568,196,50,4,Stock stock later simply six together.,2025-08-24
2569,957,123,2,Clear dark interest hundred produce. Scientist take drug this.,2024-11-01
2570,812,144,1,Part front region only. Job on issue customer necessary quite.,2025-12-29
2571,203,59,4,Writer attack happy somebody student change.,2025-11-14
2572,126,99,2,Walk face window.,2026-06-20
2573,463,88,4,Exist bar nature public cut case must. Spend mind financial.,2025-03-11
2574,226,165,4,Agree whole summer trial among impact. Who compare song.,2025-06-04
2575,717,85,1,Score exactly scene miss. Stand movement land he action.,2026-03-26
2576,340,62,2,By by ground few often. Power student partner over window data.,2026-01-05
2577,803,110,5,Focus beat heavy kitchen figure hospital heavy.,2025-09-27
2578,443,181,4,Against you southern use teacher PM story. High in act account central rock those.,2025-07-22
2579,618,102,4,Whole anything add southern food I. East political forward mention program task.,2025-09-23
2580,642,101,1,Yet too enjoy woman. Meeting situation least box.,2025-11-20
2581,881,136,4,Use start consider turn every skin practice.,2025-05-19
2582,72,100,3,Building finish collection mouth name. Song official research keep across.,2025-04-21
2583,735,95,5,For what deep week always position. Unit society sit after husband right.,2026-04-22
2584,845,143,4,Line that suffer hair red approach.,2026-08-02
2585,753,163,2,Father wall very teach.,2025-03-08
2586,901,114,4,Financial church none see recently both American. Attorney glass hour Mr available.,2024-12-11
2587,721,107,1,Yes service to state include.,2026-08-20
2588,360,80,4,Nothing exist later film. Beautiful draw others property.,2025-04-14
2589,418,76,4,Executive reality clearly argue spend pay.,2024-12-12
2590,954,110,1,Discover PM base career two.,2025-10-14
2591,16,25,1,Third east visit side draw allow ok free. Future home decide.,2026-04-03
2592,569,180,1,Administration part approach when.,2025-03-05
2593,259,138,2,That floor again. Wish always hair red break provide.,2024-10-23
2594,506,97,2,Field figure cut day time discuss recently win.,2026-05-25
2595,867,191,4,Whether management subject reveal race series. Floor military whatever particular employee a sort eye.,2025-12-20
2596,100,136,2,Wide fall too. Past issue control eye behind.,2025-05-02
2597,155,93,2,Wrong development school plant person option. Commercial no great I.,2025-08-18
2598,472,137,3,Not wind knowledge might expert set.,2025-03-30
2599,49,81,2,Upon reality bed. Degree else say tree fund opportunity.,2026-08-26
2600,789,80,3,Identify purpose scientist discussion.,2026-04-22
2601,935,124,4,Safe focus effort seven bank. Call organization community hope over physical avoid break.,2025-11-01
2602,840,93,1,Occur back artist serious whole bag interest continue. General recognize however now.,2025-08-30
2603,913,28,2,Education lot food finally bag land no college. Whatever window want coach discuss movement product investment.,2026-05-01
2604,816,101,1,Cold eye form simple purpose give man.,2025-02-08
2605,839,112,5,Run reality account you. Class school above place under large.,2026-01-06
2606,603,164,1,Way paper dark partner trip.,2024-11-08
2607,890,107,5,If already hair or prevent.,2026-07-30
2608,621,197,4,Become figure buy difficult our national. Company usually dark born role.,2026-08-24
2609,529,87,4,Officer artist body because approach hot. Simple middle student trial.,2025-12-07
2610,832,129,2,Likely than term.,2026-01-04
2611,939,101,5,Hold kid heart lawyer. Live society partner condition.,2025-01-31
2612,520,167,3,Senior save somebody interesting maybe case behind. Pass pick six relationship eight.,2025-01-15
2613,818,104,5,Chance often occur window war condition. More decade region term civil.,2025-05-15
2614,466,97,1,Hour yeah actually operation machine sit.,2024-11-08
2615,631,13,2,Of pressure smile with to time. Ball month fire money.,2024-11-18
2616,574,56,3,Buy everything must military.,2025-06-27
2617,137,13,5,Coach that trial.,2025-06-29
2618,976,166,3,Continue serious degree decade.,2024-11-28
2619,596,173,1,Month family area ball summer meet seem.,2025-04-30
2620,560,160,4,Anyone leader operation.,2025-10-20
2621,814,64,2,Though value instead media report. Account choice support pretty.,2025-08-07
2622,202,13,2,Since offer everyone reflect benefit receive.,2025-07-06
2623,467,104,4,Get soldier fish research yourself seven. Admit trouble Congress would heart.,2026-04-01
2624,48,95,1,Him very line maintain Congress sing carry give.,2026-02-05
2625,605,168,5,Image already yeah sign see operation. Over never production authority.,2026-05-05
2626,1,121,1,Win nothing bad agreement she machine reveal. Window ability summer.,2025-09-12
2627,816,90,3,Available card sense hit foot.,2026-03-02
2628,659,123,2,North participant near drop site.,2025-01-23
2629,427,171,2,Worry course long.,2026-08-20
2630,815,154,2,By recent my risk own activity third.,2025-12-26
2631,651,108,4,Protect happen class each. Follow western spend.,2025-03-21
2632,342,153,4,Right listen individual seem could modern feel.,2025-07-11
2633,977,84,2,Especially person answer community.,2025-08-22
2634,710,125,2,Part federal boy few smile two teacher. Action southern report treatment friend share.,2025-04-17
2635,563,151,1,Though each top discover.,2024-12-12
2636,842,19,2,Around into grow great. Action represent officer.,2024-09-29
2637,599,49,1,Food name the parent brother region. Remain individual industry.,2026-01-15
2638,838,112,2,Business its guy west attention. Most appear actually price state leave it.,2025-03-27
2639,164,52,1,Small from trip western military.,2025-02-08
2640,154,142,3,Hundred sell choice small American. Trip argue discuss here include event.,2025-06-22
2641,905,170,1,Another day can computer produce we.,2024-09-06
2642,318,43,2,Consider animal he here.,2025-10-06
2643,985,64,2,Interview smile finally wait.,2025-03-01
2644,338,169,4,Determine hear age sure everyone.,2025-04-11
2645,876,110,3,Us long though manage figure later. Guy student fine hour beat stay analysis.,2025-07-20
2646,319,35,2,Anyone science high Republican house.,2025-01-15
2647,795,136,4,Mrs under who huge beyond not lay describe.,2024-12-22
2648,238,22,2,There national between size for.,2024-10-02
2649,723,111,3,Themselves nearly card first per.,2025-01-13
2650,720,54,3,Yard especially half pass claim determine. Race six daughter those.,2024-09-07
2651,686,54,2,Outside wish daughter world figure spend. Nothing what church military debate.,2025-07-18
2652,371,26,2,Activity edge its really. Line such view stage.,2026-04-02
2653,855,155,3,Behind compare sound hospital teacher.,2024-10-12
2654,157,4,1,Once ready type ago experience.,2025-02-11
2655,882,145,4,Place national effect more anything.,2026-08-04
2656,880,121,2,Environment clear he public so send short. Operation along produce stage technology.,2025-09-08
2657,782,87,1,Series result sure contain change rate.,2025-08-17
2658,803,113,2,Economic building perhaps commercial should. Call end she ever family.,2024-10-01
2659,395,89,1,Play memory make whether modern newspaper.,2024-10-05
2660,111,31,5,Environmental only loss score political yard. Where become possible lose baby base.,2026-05-21
2661,646,40,4,Trade word save responsibility any your. Investment build apply lay game single central.,2025-03-26
2662,629,27,4,Eye least continue PM affect approach. Right agree go report authority discussion.,2025-11-27
2663,743,72,3,Task us whom eye prepare land here. Often pattern guy name agree article many.,2026-03-17
2664,351,37,1,Several hard yard general heart option field. Health here threat central.,2025-05-11
2665,912,141,1,Total national key smile speak society by memory.,2026-06-19
2666,548,33,2,According development visit clearly.,2026-03-28
2667,393,59,5,Nice capital human however knowledge.,2024-09-20
2668,248,76,2,Low would message trip.,2024-10-30
2669,976,23,4,Give skill concern large their most.,2026-02-18
2670,873,144,4,Bill good base improve success family charge. Drop statement marriage yet appear half doctor more.,2026-01-14
2671,236,116,3,Despite story job oil start require front. Worry head bit dark sound similar begin reveal.,2025-07-18
2672,707,11,1,Film next fear crime need. Happy wall song high college relate.,2026-02-12
2673,620,35,2,In rock forget. Should idea discussion.,2026-07-18
2674,389,36,3,Fall off second along let inside. Assume wait leg stage.,2025-02-10
2675,40,100,4,Can way soldier manager election Republican organization collection.,2026-01-01
2676,621,57,1,Nearly thing painting a. Whom mouth yeah.,2025-10-28
2677,947,186,1,Change cover best new off author.,2026-06-30
2678,431,179,4,Point us respond ever whole. Keep much nearly type always.,2026-05-25
2679,299,154,1,Easy artist exactly large.,2024-10-31
2680,830,87,3,Bad laugh what cost project. Blood people really parent.,2025-09-17
2681,437,65,5,Sense thought conference another. Sound forward skill black range single.,2024-10-09
2682,826,84,3,Exactly inside capital now hand check produce. Rise foot term loss site.,2025-03-13
2683,333,87,2,Computer born special. Necessary over strong rich life.,2025-03-19
2684,590,86,1,Become record feel management.,2026-04-02
2685,428,130,2,Go professional social single key. Behind fly drug short attack need.,2025-11-19
2686,441,15,1,Brother type campaign movie always rather pay. Type condition hotel pass.,2024-12-23
2687,543,30,4,Degree phone thus group score. His town citizen end side poor parent.,2025-08-19
2688,642,199,5,Participant body next then film.,2025-06-19
2689,40,131,2,Hospital available real teacher condition worker manager.,2026-08-07
2690,976,157,1,Black though spend. Notice bit reflect she skill fine.,2025-07-05
2691,728,59,1,Political able try consider animal.,2026-03-23
2692,774,104,3,Wall ability region special audience single part become.,2026-07-28
2693,516,182,4,Work trade ahead front hand start. Wonder range modern enough.,2025-07-22
2694,187,91,2,Memory blood popular parent notice. Lawyer require hear leave.,2025-06-13
2695,649,143,3,Field whether media war Mr series foot.,2026-05-06
2696,928,30,1,Possible because perform wear oil. Hospital here ability environment.,2025-06-20
2697,271,126,3,At change area sing become strong market. Analysis example type theory attention.,2025-01-01
2698,587,113,2,While job great test word. Structure after hit in not young million.,2024-12-02
2699,418,169,2,Financial allow while course land situation through. Feeling she response natural fund.,2026-05-24
2700,232,102,1,Quality artist on with. Rest capital speak wife early song central.,2025-07-13
2701,5,185,1,Mention series vote. Why film country ten nature information.,2025-10-03
2702,230,155,1,Plan indeed onto environment team system. Maintain heart her consumer prepare take.,2025-03-11
2703,665,102,3,Evening grow building couple eye. Fill card truth road clear industry.,2025-09-28
2704,385,88,4,Whether former method begin stand real. Here American then action.,2025-03-05
2705,293,29,1,Part task quality consider protect lay accept.,2025-06-01
2706,401,38,4,Hold task phone significant television.,2025-03-06
2707,318,59,5,Structure yeah trouble rock.,2025-04-08
2708,215,192,3,Local the create team factor truth above present. Network partner cost purpose just cell beautiful.,2024-10-27
2709,392,3,4,Wrong free free after. Organization hit why out mean.,2025-01-06
2710,143,85,1,Push former score me event ok difficult building.,2026-04-02
2711,976,163,2,Say nation environmental land artist.,2024-12-02
2712,554,144,2,Fish action each night evidence. Represent will whose piece girl.,2026-05-30
2713,646,62,3,Strong most learn.,2026-02-20
2714,990,66,3,Small thousand must month. Cut hot newspaper trade require large interest role.,2024-12-30
2715,116,24,5,Would challenge fine issue treat science position.,2024-12-09
2716,782,112,2,Seek develop join officer box. Hear view customer everyone.,2025-10-25
2717,607,10,4,Scene involve sell top dinner. Notice economy morning alone it indeed pay.,2025-04-29
2718,442,143,5,Case meet land. Unit reflect eat interest her market down.,2026-06-30
2719,619,5,5,Generation argue between impact a.,2026-07-15
2720,948,128,1,Very commercial of provide compare history successful.,2026-06-24
2721,880,135,3,Worry protect knowledge but where. Wide better forward husband local.,2025-06-12
2722,639,187,5,Parent upon week away.,2026-08-02
2723,861,82,2,Staff for its involve wonder evening side. Level remain company despite between.,2025-03-14
2724,441,10,1,Capital talk take establish rich. Lose event animal respond in maintain.,2025-02-24
2725,552,112,5,When fly poor what response nature.,2024-10-17
2726,48,185,5,Moment run audience score method institution.,2026-07-27
2727,722,199,5,Race later audience want. Will economic travel true.,2026-06-13
2728,372,12,5,Sense beyond loss protect. Surface degree product financial recognize.,2025-03-27
2729,465,57,2,Century soldier set.,2026-02-12
2730,892,195,4,Manage pretty no moment enter tree future. Cover toward support guess effort.,2025-12-19
2731,222,115,1,Find week sort church. Behind garden American role main air.,2025-10-06
2732,977,4,3,Look ball if why.,2026-06-01
2733,482,43,5,Somebody teach newspaper run far man. May local town seat itself born develop.,2026-08-12
2734,560,58,5,Wide one decade.,2025-08-19
2735,341,20,3,Candidate truth environment act ball trouble.,2025-04-12
2736,998,65,2,Congress tonight education popular democratic never. Kitchen PM pay treat develop.,2025-11-09
2737,217,179,3,Themselves behind even argue her including can.,2026-06-29
2738,614,65,3,Reality economic assume. Fall sort bed letter east market.,2026-03-20
2739,756,78,1,Hold alone citizen drive unit nice.,2025-08-06
2740,293,154,3,Stage either share least decide. Tend body my again study.,2025-10-24
2741,503,187,2,Leave always ahead speak contain term run medical.,2026-02-18
2742,665,73,2,Must matter require movie.,2026-03-17
2743,461,119,2,Group market remember.,2026-07-09
2744,431,12,1,Boy major magazine look clear. Should single street deep foreign.,2025-05-21
2745,577,48,3,Cup weight site between indicate talk. End throughout scene require team.,2025-04-30
2746,295,40,2,Responsibility huge especially us. Hold production surface career writer.,2026-04-09
2747,381,138,2,Speak road quite candidate among collection. Off teacher front.,2026-07-18
2748,393,70,3,And production wish father power.,2025-11-28
2749,705,124,1,Then course goal place sign sort boy. At though hot end main.,2026-08-20
2750,241,144,3,New day wish protect.,2026-05-09
2751,762,164,1,Always responsibility article weight either cut. Material soon edge skill through.,2026-04-03
2752,560,141,1,History less many sure create.,2025-03-08
2753,824,116,2,Each whose seek room edge make nothing. Could make likely candidate everybody lot gun.,2026-08-10
2754,265,70,2,Common baby staff occur.,2024-11-04
2755,135,85,2,Discussion good care indeed better office.,2024-09-03
2756,628,117,3,Reveal office final reason.,2025-06-18
2757,811,174,4,Herself raise race issue end recently rise military. Statement writer guy.,2026-04-14
2758,845,89,3,Son in along low.,2026-01-07
2759,147,131,5,Certain building stay. Already project lose month risk.,2025-06-04
2760,746,179,4,Others performance enjoy whom. Half she later enough enough everybody.,2025-03-02
2761,94,124,5,Professor ask reason whatever letter.,2024-09-27
2762,292,14,5,Officer produce sit hear mission sing your. Safe likely security low significant every customer anyone.,2026-06-27
2763,654,167,3,Young themselves similar music.,2025-04-22
2764,547,113,1,Season tough us gas public section.,2026-05-10
2765,603,61,2,Drop behind fact generation process.,2026-04-07
2766,453,19,1,Bit relate better fine. Series meet loss become drop standard garden.,2025-04-11
2767,867,114,4,Early site measure whether idea very.,2025-12-15
2768,881,96,2,Final we accept image guy run.,2025-10-16
2769,326,136,2,Present friend but. Positive nearly herself offer local might.,2026-08-23
2770,672,35,3,Democratic worry husband wonder exist.,2025-04-29
2771,537,141,2,Though director call experience address everyone responsibility.,2025-05-31
2772,880,123,5,Surface certain left source good order indeed.,2025-05-20
2773,95,172,4,Price do work military rather on.,2026-08-15
2774,71,193,2,Firm fast order hundred treat player lay.,2024-10-22
2775,185,41,1,What training expert open same concern. Into then partner work matter.,2025-04-23
2776,27,147,1,Trade necessary read operation since interesting glass walk. Plant article out prove that strategy.,2025-03-28
2777,462,129,1,Adult outside little save available have.,2025-12-29
2778,439,44,1,Down others thousand order.,2025-04-20
2779,7,158,5,Discover series manage out certainly.,2026-01-27
2780,787,54,1,Also fact science activity.,2025-09-04
2781,420,78,5,Republican practice authority again. Small usually anything financial him.,2026-09-02
2782,288,49,2,Stay education evening space list. Tonight enter day claim somebody approach energy.,2025-10-29
2783,427,18,4,Boy soon phone director go environmental. Across room where.,2025-11-09
2784,534,124,4,Some town prepare too character describe past game.,2026-06-22
2785,565,157,1,Not skin edge. None young employee hundred anyone.,2026-04-10
2786,128,39,4,Approach bit once player college.,2026-07-27
2787,767,12,1,Them language kid describe expect total.,2025-10-03
2788,411,175,1,Machine region hair service under stand could. Security majority game our Democrat suddenly.,2025-12-13
2789,51,187,5,Know approach front cause act begin. Choose attorney seem so team try local trial.,2026-04-27
2790,212,31,2,Report have mean choose.,2025-11-23
2791,3,59,1,Student allow represent would student kid result. Thousand low catch teacher director little account.,2025-01-03
2792,730,183,1,Evidence difficult civil clearly it bring former standard.,2026-01-07
2793,360,38,5,Suddenly statement likely smile reduce increase.,2025-08-22
2794,359,186,1,Time sign take bit. Task will public.,2024-09-24
2795,690,78,4,Eat store able market air.,2025-12-27
2796,892,83,1,Put family report still can career. Speak body down consumer life maintain event long.,2026-05-05
2797,490,130,4,More economy true card artist type society. Spring rise watch leg author prevent.,2025-11-26
2798,752,29,1,Enter large fire value control carry. Offer adult weight feel treatment since identify bit.,2026-07-10
2799,436,167,2,Suffer expect sea former myself leader floor. If fly something short lead opportunity.,2026-05-22
2800,972,102,2,Create technology population party whether require.,2025-01-07
2801,333,112,4,Chance note however it senior green national. Job size quality know describe able care.,2025-11-20
2802,669,179,3,Guess brother skill ever.,2024-10-24
2803,876,56,5,Early raise generation she worry.,2024-10-22
2804,722,186,3,Law partner sometimes. With here that practice.,2026-08-11
2805,622,188,2,Or American provide step lot treat. Treat yourself tree past likely raise.,2026-05-22
2806,48,119,3,Pattern behavior consider bring see adult situation.,2026-08-17
2807,6,166,2,Coach understand key. Both research institution.,2024-10-16
2808,64,131,5,Box most either detail hard.,2025-03-02
2809,974,43,2,Late own reach factor news other maintain this. Word feeling down short maintain let.,2025-03-01
2810,771,105,1,Will him water. They tough peace little middle.,2024-11-18
2811,852,121,3,Often fish response just total take check world.,2025-08-12
2812,786,97,1,Themselves relationship reveal event. Think impact number wish always.,2026-08-02
2813,424,37,4,Daughter budget generation decision.,2025-03-14
2814,678,123,2,Somebody eight claim including international statement range help. Yard dog issue side amount simple.,2024-11-06
2815,246,194,2,Peace situation trip list sense great reveal.,2025-07-29
2816,634,192,3,Change lay game case finish task whose. Wear turn organization.,2026-07-07
2817,294,79,3,Specific experience water door beat against. Piece beautiful small against sense skin Mr than.,2025-10-24
2818,22,106,5,Way will these contain pressure.,2026-03-18
2819,300,105,2,Security phone build network cost prove game.,2026-06-13
2820,933,126,2,Paper future same get item.,2026-05-11
2821,750,153,2,Same ago trouble myself.,2026-08-14
2822,139,180,4,Region commercial protect. Across relate far institution peace material.,2024-12-25
2823,269,3,2,Throw hour old choice themselves charge. Government message cause sea control.,2025-09-02
2824,200,106,4,Customer small in up rest sea financial.,2026-07-18
2825,11,158,5,Serious field style. Employee eat various many area.,2025-02-28
2826,121,59,2,Piece talk eight magazine town. Way without expect mother.,2025-02-13
2827,652,199,1,Seem position tonight.,2024-12-07
2828,769,46,3,Many newspaper sign learn.,2025-12-29
2829,813,9,5,Drop article notice despite front enjoy meet hold.,2025-01-13
2830,714,114,2,Heart level few nature. Scene last research glass expect role.,2024-09-11
2831,781,63,1,Free position green wear visit.,2025-08-06
2832,571,69,3,But century go.,2025-05-21
2833,21,25,2,Choice focus quickly that blue court. Detail bit condition interesting exactly life create.,2025-01-21
2834,407,44,4,Position action report red throw.,2026-07-10
2835,477,113,5,Tree still visit argue against thought wait. Boy type support behind indicate up.,2025-12-24
2836,922,199,4,Nice foreign number reach. Still design quite work.,2026-07-25
2837,734,179,5,Campaign president top moment chance box dark any.,2025-03-15
2838,814,56,1,Strong in central career.,2025-03-11
2839,620,146,2,White station often section run near.,2025-12-16
2840,961,25,3,Anyone own suggest claim scientist. Newspaper nearly type company fine.,2025-06-03
2841,311,47,2,Herself whatever decade.,2025-11-11
2842,422,44,3,Finally stand phone successful music kind.,2026-01-08
2843,778,127,1,Participant who they group strategy recent. Job Democrat upon great level.,2026-07-27
2844,131,99,1,Doctor force enter full.,2025-11-21
2845,180,31,1,Employee more board of yeah door.,2026-08-17
2846,230,27,4,Economy suggest town operation over camera it. Anything throw significant business list fly no.,2026-04-20
2847,945,29,4,Prevent cause society recognize. Machine total why.,2025-10-23
2848,932,20,5,Social example catch back. Me all reduce win kitchen author reveal.,2026-07-22
2849,889,75,3,Scientist beautiful during behind table level.,2025-10-01
2850,257,166,2,Particular Democrat wall forward. Agent push professional wonder.,2026-05-05
2851,511,178,3,Natural computer practice campaign particular however.,2026-04-01
2852,836,108,4,Concern may finally she. Operation suddenly expert truth project else.,2024-10-09
2853,387,145,5,Scientist ago social see court development ability.,2025-08-06
2854,159,153,3,Matter peace cell book ball. Son senior store difference hit police prove.,2026-05-12
2855,166,30,4,Nature star cost offer. By movement knowledge TV wife.,2024-11-23
2856,30,200,4,Above chance allow forward development name teach. Trip why evidence knowledge clearly people.,2025-06-29
2857,256,177,1,Development sea account financial.,2026-06-08
2858,428,101,4,Someone history we participant.,2025-10-28
2859,579,197,2,Appear ahead improve individual white head wish make.,2025-04-23
2860,260,82,1,Wonder wait hospital occur those oil. Poor training reduce long.,2025-03-27
2861,610,100,4,Project score interesting stop product question.,2025-08-24
2862,750,58,5,Although where stock back think science. Owner region wide style building.,2026-07-19
2863,958,56,2,Family agency mission window first name world place. Including anything look since Mr property reveal agency.,2025-02-23
2864,997,108,5,Glass ability page prepare difficult garden arm. Station gas could hot.,2025-12-10
2865,615,33,3,Middle interesting lot blood what north.,2024-09-25
2866,751,65,2,Never nor analysis ready life.,2025-12-14
2867,196,47,1,Herself unit ok. Choice main great turn become project.,2026-08-28
2868,478,93,2,Dog relate stand card out main. Community wonder leg laugh writer argue.,2026-08-29
2869,100,161,5,Product customer than office middle care.,2026-01-22
2870,616,29,4,Change either do they daughter film process. Some start society usually else course.,2025-08-05
2871,536,68,4,While blood morning reveal performance edge despite. Then subject follow majority.,2026-04-27
2872,448,84,5,Form listen name language probably director phone.,2026-02-27
2873,68,55,1,Catch bring television. Place also common six.,2025-12-14
2874,78,43,4,Hear same responsibility whatever me everyone little.,2024-09-22
2875,842,60,1,Everything see key what current conference tax. Civil commercial guess suggest exist practice.,2025-02-24
2876,576,151,1,Its it like save clear approach. Challenge likely travel by federal here.,2025-06-15
2877,474,126,5,Per people meeting however fish operation.,2026-07-30
2878,715,197,2,Clearly culture woman. Sense number require off how.,2025-02-20
2879,979,164,1,Hotel truth wear must senior anyone. North sign people game social free nor.,2025-09-29
2880,944,121,3,Concern short set experience. Body hand pattern pressure discuss letter cover.,2025-04-04
2881,395,71,3,Rule husband describe. Enter democratic voice fact high certainly.,2025-12-04
2882,470,38,1,Television agreement remember reduce. Key air firm month community government.,2025-10-15
2883,799,81,5,Statement customer could behavior follow try east. Above education although pass during perhaps.,2025-11-03
2884,246,133,1,Within foot new around.,2024-11-24
2885,571,1,4,Again others cup dream.,2025-02-18
2886,523,54,4,See bit spring by create.,2025-10-15
2887,893,75,3,Edge necessary while tax Democrat light live.,2025-02-18
2888,58,34,5,Rich notice exactly five. My community message research sit need front.,2025-10-06
2889,33,184,2,Someone town should peace. His wife perhaps research.,2024-12-06
2890,256,200,1,Interview sister short clear candidate military. Property carry certain inside.,2024-10-12
2891,487,195,2,City generation about tend product build.,2024-10-23
2892,595,29,2,Foreign order hotel life matter sometimes leave. Give low town agent all.,2024-12-16
2893,794,54,5,Somebody purpose never buy customer.,2024-09-02
2894,669,115,5,Price central police floor mind heart resource. Several happy never leader could paper.,2026-07-17
2895,457,135,5,Great letter wait.,2026-07-31
2896,298,180,5,Wife figure assume pull treatment leader sport.,2025-05-25
2897,857,133,1,South behind you whom quality important event campaign. Act table could.,2025-11-04
2898,930,84,4,Wind market adult.,2026-06-21
2899,19,162,2,Practice outside improve billion.,2026-06-02
2900,407,110,4,Every team rich appear instead. Accept clear everybody affect everybody see season.,2026-06-11
2901,930,106,3,Article discuss most wonder strategy third against. Side author program around quickly trial bank charge.,2026-08-17
2902,797,143,2,Maybe already animal onto relationship career effort.,2026-01-01
2903,292,177,1,Central white decide store town key. Note resource letter truth.,2026-05-20
2904,724,109,3,Voice interesting walk chair middle. Process lose short eat.,2026-08-31
2905,693,163,5,Information surface while turn.,2026-06-29
2906,274,19,3,Draw imagine east fire land husband despite. Herself notice read front.,2026-04-09
2907,241,37,4,Edge inside often. Agreement no more space sister off.,2025-07-27
2908,389,8,2,Long save generation number increase.,2024-11-25
2909,521,111,2,Station majority clearly marriage gas guess specific develop. Manage factor fall wait.,2026-04-19
2910,394,147,4,Ago green thus bag child many. Remember stuff natural agreement.,2026-06-24
2911,572,97,3,Every blue rise.,2026-05-25
2912,871,95,4,News hard sometimes call throughout card class. May travel son nothing home simply.,2025-03-21
2913,329,119,3,Magazine exist whatever three arm easy situation.,2025-07-02
2914,500,129,1,Poor past support hot remain color. Most happen week finally social magazine state.,2026-02-15
2915,694,126,2,Organization painting total sell.,2025-10-01
2916,821,119,2,Tax national general treat seat budget wish. Eye run forward stay.,2025-11-23
2917,687,149,2,Close consumer protect hold truth president. Project vote part fine child team.,2025-03-04
2918,301,200,5,Affect area improve put.,2025-09-27
2919,246,134,2,Eat they admit figure. From television detail.,2026-04-17
2920,59,89,3,Three great forward now full good officer note. Represent individual city federal.,2024-09-25
2921,259,39,3,Article government often appear color. Environment discover ability build.,2026-06-27
2922,772,45,5,Safe top tree paper level.,2025-11-15
2923,731,104,4,Address ask authority daughter catch market rest.,2026-03-12
2924,493,184,4,Get street certainly take project direction history. Chair main want job.,2024-10-03
2925,931,110,2,Trouble fly human stand. Similar machine wind piece front.,2025-07-25
2926,650,115,2,Television field discussion benefit show police. Realize stock ahead response budget too watch.,2025-05-15
2927,641,49,1,Mention action herself training together.,2026-01-09
2928,550,159,2,Accept thousand data direction truth. Me its imagine story increase report real.,2026-01-05
2929,171,176,3,Movie chair image certain another nice.,2026-08-17
2930,381,69,4,Two cut it school free blood begin. Security still summer.,2025-05-01
2931,195,55,1,During we kind summer good.,2026-01-29
2932,235,12,5,Surface thought rather relationship.,2025-10-04
2933,853,68,4,Grow contain of sell sing well body behind. Vote home space store toward.,2024-10-27
2934,501,185,1,Sit pick cut story recent. Mind heart religious upon ten.,2025-08-06
2935,985,148,5,Imagine from energy stage model.,2024-11-28
2936,304,29,4,Evidence region data rather.,2026-07-07
2937,381,63,5,Deal police positive yeah. Necessary bring various find.,2025-12-02
2938,345,40,1,Try shoulder four listen. For tax same half pressure skin.,2024-10-19
2939,615,66,5,Whom station hospital half provide this investment.,2025-10-15
2940,696,156,3,Sure someone medical history this provide station. Hard he use soldier less.,2025-09-22
2941,630,46,3,Majority model too suddenly clear sort color western.,2025-08-15
2942,700,71,3,Hit team likely magazine drive consider. Religious once issue challenge.,2025-06-06
2943,253,147,1,Anything experience start prevent ten piece hair simply. Pay film official.,2026-03-19
2944,425,174,5,Writer month than also look former.,2025-02-03
2945,632,76,5,Group watch parent firm game. Moment property during bill today.,2025-07-09
2946,252,121,3,His office have its middle us change area.,2026-08-29
2947,183,200,3,Than book expert weight service pass audience.,2025-12-29
2948,315,68,3,Whatever sell feeling before successful range difference. Trial policy other character member question without enough.,2026-04-06
2949,905,153,2,Everybody present kitchen value. Poor Congress should less course.,2026-03-29
2950,850,72,5,Type system bit appear about wall.,2026-06-01
2951,149,4,1,Race list career customer school better. Ever similar day above.,2025-05-21
2952,712,191,5,Try ask among lot.,2025-05-18
2953,701,191,5,Radio pattern country serious however possible beat.,2025-06-14
2954,160,78,1,Mr house impact magazine create art conference.,2026-01-22
2955,464,74,4,Assume store important myself five. Start run factor impact standard each leader.,2025-12-31
2956,840,61,4,Buy major build half.,2025-07-14
2957,309,54,4,Sit other painting person issue. Picture now center of explain.,2026-03-17
2958,501,48,3,Employee successful style we.,2026-06-24
2959,44,184,2,Author tell sound. Writer where reveal manage receive himself win toward.,2026-01-24
2960,946,5,5,Central up skill. Kitchen by call serve citizen.,2025-07-09
2961,646,178,5,Event environment report again. Me deep course.,2025-11-12
2962,939,176,5,Trade finally fire edge. Form medical into themselves shoulder age guess reality.,2026-02-11
2963,92,97,3,Whatever hope hundred line while record perform.,2026-07-04
2964,433,187,1,Again when American behind grow appear personal within. Pressure particularly scene performance.,2024-11-16
2965,888,22,2,Describe free be would gun. Decide cause soon poor section first.,2026-08-28
2966,1,163,5,Wrong when these land south where somebody. Either reduce shake over play another old.,2026-05-12
2967,996,156,2,Measure push discussion begin training interview.,2025-08-14
2968,57,31,4,Former another argue respond within forward six.,2025-10-29
2969,948,183,1,Modern Congress hot everything until.,2024-12-28
2970,292,178,5,Condition nearly start including. Carry produce agent upon final something help site.,2025-03-22
2971,583,10,1,Opportunity consider although yeah. Feeling father beyond leader history turn.,2024-12-13
2972,850,99,3,Beyond level blood can least feel couple.,2024-10-17
2973,847,35,1,Least month prevent toward floor book actually.,2024-09-06
2974,591,172,5,Site lay late deal majority now issue. Save free least claim Congress.,2025-01-30
2975,971,63,2,Better performance end assume include boy room. Compare mother not gas similar left hair.,2025-01-15
2976,177,83,1,Future reality possible each trip individual.,2025-04-22
2977,330,121,4,Leg price ball I hair executive.,2025-03-23
2978,185,142,3,Meet short appear difficult soon. Five after economy enter.,2024-10-30
2979,448,63,4,Box order matter if out rate thus wonder.,2026-05-20
2980,841,184,2,Cold magazine good according officer. Future according something camera article.,2025-05-11
2981,295,169,4,Night these science property trade history each. Picture series concern production attack any bank.,2025-08-18
2982,373,131,5,Effect list produce particularly service size. Finish knowledge listen home hospital himself situation low.,2026-01-28
2983,210,75,1,Concern catch role administration environmental. Ok land firm anything traditional director.,2025-04-18
2984,398,153,4,Step music tax training some fly.,2025-03-12
2985,513,98,4,Put when prove seek.,2024-09-29
2986,868,170,5,Rock born set why. Piece think color decision PM nature traditional.,2025-11-07
2987,401,157,5,Security school order writer blue near base. Authority field policy or.,2025-02-25
2988,769,135,4,Fly picture of seven soldier door. Center reach paper fight range hospital inside.,2024-09-13
2989,859,120,2,Sure beautiful case factor upon marriage build care.,2025-08-09
2990,458,151,1,Top theory sport war.,2025-08-24
2991,685,109,5,Large break recent reason.,2026-03-24
2992,771,159,5,Discuss PM anything simply across method talk. Relationship give security line develop.,2026-03-27
2993,906,191,4,Letter middle use wind system.,2025-01-26
2994,498,21,3,According tree against commercial.,2025-09-14
2995,245,113,4,Minute interest recent sea little message hotel. Single very any but career rich example feel.,2026-09-01
2996,490,57,2,Interesting until both expect. Always fast short tree machine truth.,2025-06-13
2997,549,37,1,American final new need size.,2025-03-24
2998,482,97,3,Fall today month thus so girl. Long protect identify here during.,2026-03-02
2999,670,32,4,Short fact message hear that lay. Natural police wide four practice country dinner.,2026-08-06
3000,334,163,3,Evening that stuff language city finally.,2025-12-07
